CODIMSD/CODIMSD@//lbdsun7.epfl.ch:1521/lbd10.epfl.ch
set linesize 220
/*Script lines for writting QoSParameter and QoSContext to the DBMS*/
insert into Concept(ID_CONCEPT) values (0);
insert into QoSParameter(ID_CONCEPT) values (0);
insert into Concept(ID_CONCEPT) values (1);
insert into QoSParameter(ID_CONCEPT) values (1);
insert into Concept(ID_CONCEPT) values (2);
insert into QoSParameter(ID_CONCEPT) values (2);
insert into Concept(ID_CONCEPT) values (3);
insert into QoSParameter(ID_CONCEPT) values (3);
insert into Concept(ID_CONCEPT) values (4);
insert into QoSParameter(ID_CONCEPT) values (4);
insert into Concept(ID_CONCEPT) values (5);
insert into QoSParameter(ID_CONCEPT) values (5);
insert into Concept(ID_CONCEPT) values (6);
insert into QoSParameter(ID_CONCEPT) values (6);
insert into Concept(ID_CONCEPT) values (7);
insert into QoSParameter(ID_CONCEPT) values (7);
insert into Concept(ID_CONCEPT) values (8);
insert into QoSParameter(ID_CONCEPT) values (8);
insert into Concept(ID_CONCEPT) values (9);
insert into QoSParameter(ID_CONCEPT) values (9);
insert into QoSContext(ID_CONTEXT) values(0);
insert into QoSContext(ID_CONTEXT) values(1);
insert into QoSContext(ID_CONTEXT) values(2);
/*Script lines for writting users to the DBMS*/
insert into QoSUser(ID_USER,	DS_REALCREDIBILITY,	DS_ESTIMATEDCREDIBILITY) values(0,2,0);
insert into QoSUser(ID_USER,	DS_REALCREDIBILITY,	DS_ESTIMATEDCREDIBILITY) values(1,2,0);
insert into QoSUser(ID_USER,	DS_REALCREDIBILITY,	DS_ESTIMATEDCREDIBILITY) values(2,2,0);
insert into QoSUser(ID_USER,	DS_REALCREDIBILITY,	DS_ESTIMATEDCREDIBILITY) values(3,2,0);
insert into QoSUser(ID_USER,	DS_REALCREDIBILITY,	DS_ESTIMATEDCREDIBILITY) values(4,2,0);
insert into QoSUser(ID_USER,	DS_REALCREDIBILITY,	DS_ESTIMATEDCREDIBILITY) values(5,2,0);
insert into QoSUser(ID_USER,	DS_REALCREDIBILITY,	DS_ESTIMATEDCREDIBILITY) values(6,2,0);
insert into QoSUser(ID_USER,	DS_REALCREDIBILITY,	DS_ESTIMATEDCREDIBILITY) values(7,2,0);
insert into QoSUser(ID_USER,	DS_REALCREDIBILITY,	DS_ESTIMATEDCREDIBILITY) values(8,2,0);
insert into QoSUser(ID_USER,	DS_REALCREDIBILITY,	DS_ESTIMATEDCREDIBILITY) values(9,2,0);
insert into QoSUser(ID_USER,	DS_REALCREDIBILITY,	DS_ESTIMATEDCREDIBILITY) values(10,2,0);
insert into QoSUser(ID_USER,	DS_REALCREDIBILITY,	DS_ESTIMATEDCREDIBILITY) values(11,2,0);
insert into QoSUser(ID_USER,	DS_REALCREDIBILITY,	DS_ESTIMATEDCREDIBILITY) values(12,2,0);
insert into QoSUser(ID_USER,	DS_REALCREDIBILITY,	DS_ESTIMATEDCREDIBILITY) values(13,2,0);
insert into QoSUser(ID_USER,	DS_REALCREDIBILITY,	DS_ESTIMATEDCREDIBILITY) values(14,2,0);
insert into QoSUser(ID_USER,	DS_REALCREDIBILITY,	DS_ESTIMATEDCREDIBILITY) values(15,2,0);
insert into QoSUser(ID_USER,	DS_REALCREDIBILITY,	DS_ESTIMATEDCREDIBILITY) values(16,2,0);
insert into QoSUser(ID_USER,	DS_REALCREDIBILITY,	DS_ESTIMATEDCREDIBILITY) values(17,2,0);
insert into QoSUser(ID_USER,	DS_REALCREDIBILITY,	DS_ESTIMATEDCREDIBILITY) values(18,2,0);
insert into QoSUser(ID_USER,	DS_REALCREDIBILITY,	DS_ESTIMATEDCREDIBILITY) values(19,2,0);
insert into QoSUser(ID_USER,	DS_REALCREDIBILITY,	DS_ESTIMATEDCREDIBILITY) values(20,2,0);
insert into QoSUser(ID_USER,	DS_REALCREDIBILITY,	DS_ESTIMATEDCREDIBILITY) values(22,2,0);
insert into QoSUser(ID_USER,	DS_REALCREDIBILITY,	DS_ESTIMATEDCREDIBILITY) values(23,2,0);
insert into QoSUser(ID_USER,	DS_REALCREDIBILITY,	DS_ESTIMATEDCREDIBILITY) values(24,2,0);
insert into QoSUser(ID_USER,	DS_REALCREDIBILITY,	DS_ESTIMATEDCREDIBILITY) values(25,4,0);
insert into QoSUser(ID_USER,	DS_REALCREDIBILITY,	DS_ESTIMATEDCREDIBILITY) values(26,4,0);
insert into QoSUser(ID_USER,	DS_REALCREDIBILITY,	DS_ESTIMATEDCREDIBILITY) values(27,4,0);
insert into QoSUser(ID_USER,	DS_REALCREDIBILITY,	DS_ESTIMATEDCREDIBILITY) values(28,4,0);
insert into QoSUser(ID_USER,	DS_REALCREDIBILITY,	DS_ESTIMATEDCREDIBILITY) values(29,4,0);
insert into QoSUser(ID_USER,	DS_REALCREDIBILITY,	DS_ESTIMATEDCREDIBILITY) values(30,4,0);
insert into QoSUser(ID_USER,	DS_REALCREDIBILITY,	DS_ESTIMATEDCREDIBILITY) values(31,4,0);
insert into QoSUser(ID_USER,	DS_REALCREDIBILITY,	DS_ESTIMATEDCREDIBILITY) values(32,4,0);
insert into QoSUser(ID_USER,	DS_REALCREDIBILITY,	DS_ESTIMATEDCREDIBILITY) values(33,4,0);
insert into QoSUser(ID_USER,	DS_REALCREDIBILITY,	DS_ESTIMATEDCREDIBILITY) values(34,4,0);
insert into QoSUser(ID_USER,	DS_REALCREDIBILITY,	DS_ESTIMATEDCREDIBILITY) values(35,4,0);
insert into QoSUser(ID_USER,	DS_REALCREDIBILITY,	DS_ESTIMATEDCREDIBILITY) values(36,4,0);
insert into QoSUser(ID_USER,	DS_REALCREDIBILITY,	DS_ESTIMATEDCREDIBILITY) values(37,4,0);
insert into QoSUser(ID_USER,	DS_REALCREDIBILITY,	DS_ESTIMATEDCREDIBILITY) values(38,4,0);
insert into QoSUser(ID_USER,	DS_REALCREDIBILITY,	DS_ESTIMATEDCREDIBILITY) values(40,4,0);
insert into QoSUser(ID_USER,	DS_REALCREDIBILITY,	DS_ESTIMATEDCREDIBILITY) values(41,4,0);
insert into QoSUser(ID_USER,	DS_REALCREDIBILITY,	DS_ESTIMATEDCREDIBILITY) values(42,4,0);
insert into QoSUser(ID_USER,	DS_REALCREDIBILITY,	DS_ESTIMATEDCREDIBILITY) values(43,4,0);
insert into QoSUser(ID_USER,	DS_REALCREDIBILITY,	DS_ESTIMATEDCREDIBILITY) values(44,4,0);
insert into QoSUser(ID_USER,	DS_REALCREDIBILITY,	DS_ESTIMATEDCREDIBILITY) values(45,4,0);
insert into QoSUser(ID_USER,	DS_REALCREDIBILITY,	DS_ESTIMATEDCREDIBILITY) values(46,4,0);
insert into QoSUser(ID_USER,	DS_REALCREDIBILITY,	DS_ESTIMATEDCREDIBILITY) values(47,4,0);
insert into QoSUser(ID_USER,	DS_REALCREDIBILITY,	DS_ESTIMATEDCREDIBILITY) values(48,4,0);
insert into QoSUser(ID_USER,	DS_REALCREDIBILITY,	DS_ESTIMATEDCREDIBILITY) values(49,4,0);
insert into QoSUser(ID_USER,	DS_REALCREDIBILITY,	DS_ESTIMATEDCREDIBILITY) values(50,4,0);
insert into QoSUser(ID_USER,	DS_REALCREDIBILITY,	DS_ESTIMATEDCREDIBILITY) values(51,4,0);
insert into QoSUser(ID_USER,	DS_REALCREDIBILITY,	DS_ESTIMATEDCREDIBILITY) values(52,4,0);
insert into QoSUser(ID_USER,	DS_REALCREDIBILITY,	DS_ESTIMATEDCREDIBILITY) values(53,4,0);
insert into QoSUser(ID_USER,	DS_REALCREDIBILITY,	DS_ESTIMATEDCREDIBILITY) values(54,4,0);
insert into QoSUser(ID_USER,	DS_REALCREDIBILITY,	DS_ESTIMATEDCREDIBILITY) values(55,4,0);
insert into QoSUser(ID_USER,	DS_REALCREDIBILITY,	DS_ESTIMATEDCREDIBILITY) values(56,4,0);
insert into QoSUser(ID_USER,	DS_REALCREDIBILITY,	DS_ESTIMATEDCREDIBILITY) values(57,4,0);
insert into QoSUser(ID_USER,	DS_REALCREDIBILITY,	DS_ESTIMATEDCREDIBILITY) values(58,4,0);
insert into QoSUser(ID_USER,	DS_REALCREDIBILITY,	DS_ESTIMATEDCREDIBILITY) values(59,4,0);
insert into QoSUser(ID_USER,	DS_REALCREDIBILITY,	DS_ESTIMATEDCREDIBILITY) values(60,4,0);
insert into QoSUser(ID_USER,	DS_REALCREDIBILITY,	DS_ESTIMATEDCREDIBILITY) values(61,4,0);
insert into QoSUser(ID_USER,	DS_REALCREDIBILITY,	DS_ESTIMATEDCREDIBILITY) values(62,4,0);
insert into QoSUser(ID_USER,	DS_REALCREDIBILITY,	DS_ESTIMATEDCREDIBILITY) values(63,4,0);
insert into QoSUser(ID_USER,	DS_REALCREDIBILITY,	DS_ESTIMATEDCREDIBILITY) values(64,4,0);
insert into QoSUser(ID_USER,	DS_REALCREDIBILITY,	DS_ESTIMATEDCREDIBILITY) values(65,4,0);
insert into QoSUser(ID_USER,	DS_REALCREDIBILITY,	DS_ESTIMATEDCREDIBILITY) values(66,4,0);
insert into QoSUser(ID_USER,	DS_REALCREDIBILITY,	DS_ESTIMATEDCREDIBILITY) values(67,4,0);
insert into QoSUser(ID_USER,	DS_REALCREDIBILITY,	DS_ESTIMATEDCREDIBILITY) values(68,4,0);
insert into QoSUser(ID_USER,	DS_REALCREDIBILITY,	DS_ESTIMATEDCREDIBILITY) values(69,4,0);
insert into QoSUser(ID_USER,	DS_REALCREDIBILITY,	DS_ESTIMATEDCREDIBILITY) values(70,4,0);
insert into QoSUser(ID_USER,	DS_REALCREDIBILITY,	DS_ESTIMATEDCREDIBILITY) values(71,4,0);
insert into QoSUser(ID_USER,	DS_REALCREDIBILITY,	DS_ESTIMATEDCREDIBILITY) values(72,4,0);
insert into QoSUser(ID_USER,	DS_REALCREDIBILITY,	DS_ESTIMATEDCREDIBILITY) values(73,4,0);
insert into QoSUser(ID_USER,	DS_REALCREDIBILITY,	DS_ESTIMATEDCREDIBILITY) values(74,8,0);
insert into QoSUser(ID_USER,	DS_REALCREDIBILITY,	DS_ESTIMATEDCREDIBILITY) values(75,8,0);
insert into QoSUser(ID_USER,	DS_REALCREDIBILITY,	DS_ESTIMATEDCREDIBILITY) values(76,8,0);
insert into QoSUser(ID_USER,	DS_REALCREDIBILITY,	DS_ESTIMATEDCREDIBILITY) values(77,8,0);
insert into QoSUser(ID_USER,	DS_REALCREDIBILITY,	DS_ESTIMATEDCREDIBILITY) values(78,8,0);
insert into QoSUser(ID_USER,	DS_REALCREDIBILITY,	DS_ESTIMATEDCREDIBILITY) values(79,8,0);
insert into QoSUser(ID_USER,	DS_REALCREDIBILITY,	DS_ESTIMATEDCREDIBILITY) values(80,8,0);
insert into QoSUser(ID_USER,	DS_REALCREDIBILITY,	DS_ESTIMATEDCREDIBILITY) values(81,8,0);
insert into QoSUser(ID_USER,	DS_REALCREDIBILITY,	DS_ESTIMATEDCREDIBILITY) values(82,8,0);
insert into QoSUser(ID_USER,	DS_REALCREDIBILITY,	DS_ESTIMATEDCREDIBILITY) values(83,8,0);
insert into QoSUser(ID_USER,	DS_REALCREDIBILITY,	DS_ESTIMATEDCREDIBILITY) values(84,8,0);
insert into QoSUser(ID_USER,	DS_REALCREDIBILITY,	DS_ESTIMATEDCREDIBILITY) values(85,8,0);
insert into QoSUser(ID_USER,	DS_REALCREDIBILITY,	DS_ESTIMATEDCREDIBILITY) values(86,128,0);
insert into QoSUser(ID_USER,	DS_REALCREDIBILITY,	DS_ESTIMATEDCREDIBILITY) values(87,128,0);
insert into QoSUser(ID_USER,	DS_REALCREDIBILITY,	DS_ESTIMATEDCREDIBILITY) values(88,128,0);
insert into QoSUser(ID_USER,	DS_REALCREDIBILITY,	DS_ESTIMATEDCREDIBILITY) values(89,128,0);
insert into QoSUser(ID_USER,	DS_REALCREDIBILITY,	DS_ESTIMATEDCREDIBILITY) values(90,128,0);
insert into QoSUser(ID_USER,	DS_REALCREDIBILITY,	DS_ESTIMATEDCREDIBILITY) values(91,128,0);
insert into QoSUser(ID_USER,	DS_REALCREDIBILITY,	DS_ESTIMATEDCREDIBILITY) values(92,128,0);
insert into QoSUser(ID_USER,	DS_REALCREDIBILITY,	DS_ESTIMATEDCREDIBILITY) values(93,128,0);
insert into QoSUser(ID_USER,	DS_REALCREDIBILITY,	DS_ESTIMATEDCREDIBILITY) values(94,128,0);
insert into QoSUser(ID_USER,	DS_REALCREDIBILITY,	DS_ESTIMATEDCREDIBILITY) values(95,128,0);
insert into QoSUser(ID_USER,	DS_REALCREDIBILITY,	DS_ESTIMATEDCREDIBILITY) values(96,128,0);
insert into QoSUser(ID_USER,	DS_REALCREDIBILITY,	DS_ESTIMATEDCREDIBILITY) values(97,128,0);
/*Script lines for writting service interfaces and related information to the DBMS*/
insert into ServiceInterface (ID_INTERFACE)	values (0);
insert into AdvertiseUnderContext(ID_INTERFACE, ID_CONCEPT, ID_CONTEXT, DT_TIMESTART) values(0,0,0,timestamp '2006-05-01 00:00:00.0');
insert into AdvertiseUnderContext(ID_INTERFACE, ID_CONCEPT, ID_CONTEXT, DT_TIMESTART) values(0,1,0,timestamp '2006-05-01 00:00:00.0');
insert into AdvertiseUnderContext(ID_INTERFACE, ID_CONCEPT, ID_CONTEXT, DT_TIMESTART) values(0,2,0,timestamp '2006-05-01 00:00:00.0');
insert into AdvertiseUnderContext(ID_INTERFACE, ID_CONCEPT, ID_CONTEXT, DT_TIMESTART) values(0,3,0,timestamp '2006-05-01 00:00:00.0');
insert into AdvertiseUnderContext(ID_INTERFACE, ID_CONCEPT, ID_CONTEXT, DT_TIMESTART) values(0,4,0,timestamp '2006-05-01 00:00:00.0');
insert into AdvertiseUnderContext(ID_INTERFACE, ID_CONCEPT, ID_CONTEXT, DT_TIMESTART) values(0,5,0,timestamp '2006-05-01 00:00:00.0');
insert into AdvertiseUnderContext(ID_INTERFACE, ID_CONCEPT, ID_CONTEXT, DT_TIMESTART) values(0,6,0,timestamp '2006-05-01 00:00:00.0');
insert into AdvertiseUnderContext(ID_INTERFACE, ID_CONCEPT, ID_CONTEXT, DT_TIMESTART) values(0,7,0,timestamp '2006-05-01 00:00:00.0');
insert into AdvertiseUnderContext(ID_INTERFACE, ID_CONCEPT, ID_CONTEXT, DT_TIMESTART) values(0,8,0,timestamp '2006-05-01 00:00:00.0');
insert into AdvertiseUnderContext(ID_INTERFACE, ID_CONCEPT, ID_CONTEXT, DT_TIMESTART) values(0,9,0,timestamp '2006-05-01 00:00:00.0');
insert into ServiceInterface (ID_INTERFACE)	values (1);
insert into AdvertiseUnderContext(ID_INTERFACE, ID_CONCEPT, ID_CONTEXT, DT_TIMESTART) values(1,0,0,timestamp '2006-05-01 00:00:00.0');
insert into AdvertiseUnderContext(ID_INTERFACE, ID_CONCEPT, ID_CONTEXT, DT_TIMESTART) values(1,1,0,timestamp '2006-05-01 00:00:00.0');
insert into AdvertiseUnderContext(ID_INTERFACE, ID_CONCEPT, ID_CONTEXT, DT_TIMESTART) values(1,2,0,timestamp '2006-05-01 00:00:00.0');
insert into AdvertiseUnderContext(ID_INTERFACE, ID_CONCEPT, ID_CONTEXT, DT_TIMESTART) values(1,3,0,timestamp '2006-05-01 00:00:00.0');
insert into AdvertiseUnderContext(ID_INTERFACE, ID_CONCEPT, ID_CONTEXT, DT_TIMESTART) values(1,4,0,timestamp '2006-05-01 00:00:00.0');
insert into AdvertiseUnderContext(ID_INTERFACE, ID_CONCEPT, ID_CONTEXT, DT_TIMESTART) values(1,5,0,timestamp '2006-05-01 00:00:00.0');
insert into AdvertiseUnderContext(ID_INTERFACE, ID_CONCEPT, ID_CONTEXT, DT_TIMESTART) values(1,6,0,timestamp '2006-05-01 00:00:00.0');
insert into AdvertiseUnderContext(ID_INTERFACE, ID_CONCEPT, ID_CONTEXT, DT_TIMESTART) values(1,7,0,timestamp '2006-05-01 00:00:00.0');
insert into AdvertiseUnderContext(ID_INTERFACE, ID_CONCEPT, ID_CONTEXT, DT_TIMESTART) values(1,8,0,timestamp '2006-05-01 00:00:00.0');
insert into AdvertiseUnderContext(ID_INTERFACE, ID_CONCEPT, ID_CONTEXT, DT_TIMESTART) values(1,9,0,timestamp '2006-05-01 00:00:00.0');
insert into ServiceInterface (ID_INTERFACE)	values (2);
insert into AdvertiseUnderContext(ID_INTERFACE, ID_CONCEPT, ID_CONTEXT, DT_TIMESTART) values(2,0,0,timestamp '2006-05-01 00:00:00.0');
insert into AdvertiseUnderContext(ID_INTERFACE, ID_CONCEPT, ID_CONTEXT, DT_TIMESTART) values(2,1,0,timestamp '2006-05-01 00:00:00.0');
insert into AdvertiseUnderContext(ID_INTERFACE, ID_CONCEPT, ID_CONTEXT, DT_TIMESTART) values(2,2,0,timestamp '2006-05-01 00:00:00.0');
insert into AdvertiseUnderContext(ID_INTERFACE, ID_CONCEPT, ID_CONTEXT, DT_TIMESTART) values(2,3,0,timestamp '2006-05-01 00:00:00.0');
insert into AdvertiseUnderContext(ID_INTERFACE, ID_CONCEPT, ID_CONTEXT, DT_TIMESTART) values(2,4,0,timestamp '2006-05-01 00:00:00.0');
insert into AdvertiseUnderContext(ID_INTERFACE, ID_CONCEPT, ID_CONTEXT, DT_TIMESTART) values(2,5,0,timestamp '2006-05-01 00:00:00.0');
insert into AdvertiseUnderContext(ID_INTERFACE, ID_CONCEPT, ID_CONTEXT, DT_TIMESTART) values(2,6,0,timestamp '2006-05-01 00:00:00.0');
insert into AdvertiseUnderContext(ID_INTERFACE, ID_CONCEPT, ID_CONTEXT, DT_TIMESTART) values(2,7,0,timestamp '2006-05-01 00:00:00.0');
insert into AdvertiseUnderContext(ID_INTERFACE, ID_CONCEPT, ID_CONTEXT, DT_TIMESTART) values(2,8,0,timestamp '2006-05-01 00:00:00.0');
insert into AdvertiseUnderContext(ID_INTERFACE, ID_CONCEPT, ID_CONTEXT, DT_TIMESTART) values(2,9,0,timestamp '2006-05-01 00:00:00.0');
insert into ServiceInterface (ID_INTERFACE)	values (3);
insert into AdvertiseUnderContext(ID_INTERFACE, ID_CONCEPT, ID_CONTEXT, DT_TIMESTART) values(3,0,0,timestamp '2006-05-01 00:00:00.0');
insert into AdvertiseUnderContext(ID_INTERFACE, ID_CONCEPT, ID_CONTEXT, DT_TIMESTART) values(3,1,0,timestamp '2006-05-01 00:00:00.0');
insert into AdvertiseUnderContext(ID_INTERFACE, ID_CONCEPT, ID_CONTEXT, DT_TIMESTART) values(3,2,0,timestamp '2006-05-01 00:00:00.0');
insert into AdvertiseUnderContext(ID_INTERFACE, ID_CONCEPT, ID_CONTEXT, DT_TIMESTART) values(3,3,0,timestamp '2006-05-01 00:00:00.0');
insert into AdvertiseUnderContext(ID_INTERFACE, ID_CONCEPT, ID_CONTEXT, DT_TIMESTART) values(3,4,0,timestamp '2006-05-01 00:00:00.0');
insert into AdvertiseUnderContext(ID_INTERFACE, ID_CONCEPT, ID_CONTEXT, DT_TIMESTART) values(3,5,0,timestamp '2006-05-01 00:00:00.0');
insert into AdvertiseUnderContext(ID_INTERFACE, ID_CONCEPT, ID_CONTEXT, DT_TIMESTART) values(3,6,0,timestamp '2006-05-01 00:00:00.0');
insert into AdvertiseUnderContext(ID_INTERFACE, ID_CONCEPT, ID_CONTEXT, DT_TIMESTART) values(3,7,0,timestamp '2006-05-01 00:00:00.0');
insert into AdvertiseUnderContext(ID_INTERFACE, ID_CONCEPT, ID_CONTEXT, DT_TIMESTART) values(3,8,0,timestamp '2006-05-01 00:00:00.0');
insert into AdvertiseUnderContext(ID_INTERFACE, ID_CONCEPT, ID_CONTEXT, DT_TIMESTART) values(3,9,0,timestamp '2006-05-01 00:00:00.0');
insert into ServiceInterface (ID_INTERFACE)	values (4);
insert into AdvertiseUnderContext(ID_INTERFACE, ID_CONCEPT, ID_CONTEXT, DT_TIMESTART) values(4,0,0,timestamp '2006-05-01 00:00:00.0');
insert into AdvertiseUnderContext(ID_INTERFACE, ID_CONCEPT, ID_CONTEXT, DT_TIMESTART) values(4,1,0,timestamp '2006-05-01 00:00:00.0');
insert into AdvertiseUnderContext(ID_INTERFACE, ID_CONCEPT, ID_CONTEXT, DT_TIMESTART) values(4,2,0,timestamp '2006-05-01 00:00:00.0');
insert into AdvertiseUnderContext(ID_INTERFACE, ID_CONCEPT, ID_CONTEXT, DT_TIMESTART) values(4,3,0,timestamp '2006-05-01 00:00:00.0');
insert into AdvertiseUnderContext(ID_INTERFACE, ID_CONCEPT, ID_CONTEXT, DT_TIMESTART) values(4,4,0,timestamp '2006-05-01 00:00:00.0');
insert into AdvertiseUnderContext(ID_INTERFACE, ID_CONCEPT, ID_CONTEXT, DT_TIMESTART) values(4,5,0,timestamp '2006-05-01 00:00:00.0');
insert into AdvertiseUnderContext(ID_INTERFACE, ID_CONCEPT, ID_CONTEXT, DT_TIMESTART) values(4,6,0,timestamp '2006-05-01 00:00:00.0');
insert into AdvertiseUnderContext(ID_INTERFACE, ID_CONCEPT, ID_CONTEXT, DT_TIMESTART) values(4,7,0,timestamp '2006-05-01 00:00:00.0');
insert into AdvertiseUnderContext(ID_INTERFACE, ID_CONCEPT, ID_CONTEXT, DT_TIMESTART) values(4,8,0,timestamp '2006-05-01 00:00:00.0');
insert into AdvertiseUnderContext(ID_INTERFACE, ID_CONCEPT, ID_CONTEXT, DT_TIMESTART) values(4,9,0,timestamp '2006-05-01 00:00:00.0');
insert into QoSReport (ID_QOSREPORT,DT_TIMESTART,DT_TIMEEND) values (0,timestamp '2006-05-01 04:00:00.0',timestamp '2006-05-01 04:00:00.0');
insert into ServiceUsage(ID_USER,ID_INTERFACE) values(24,2);
insert into ReportServiceUsage (ID_USER,ID_INTERFACE,ID_CONCEPT,ID_QOSREPORT) values (24,2,5,0);
insert into Instance(ID_INSTANCE) values (0);
insert into QoSParameterinstance(ID_CONCEPT,ID_INSTANCE) values (5,0);
insert into QoSConformance (ID_QOSCONFORMANCE,VL_MEANVALUE,VL_STANDARDDEVIATION,ID_INSTANCE) values(0,0.2442077745308169,0.0,0);
insert into HasReportedValue(ID_QOSREPORT,ID_QOSCONFORMANCE,VL_ESTIMATEDCREDIBILITY,VL_REALCREDIBILITY) values (0,0,0,2);
insert into QoSReport (ID_QOSREPORT,DT_TIMESTART,DT_TIMEEND) values (1,timestamp '2006-05-01 04:00:00.0',timestamp '2006-05-01 04:00:00.0');
insert into ServiceUsage(ID_USER,ID_INTERFACE) values(7,1);
insert into ReportServiceUsage (ID_USER,ID_INTERFACE,ID_CONCEPT,ID_QOSREPORT) values (7,1,9,1);
insert into Instance(ID_INSTANCE) values (1);
insert into QoSParameterinstance(ID_CONCEPT,ID_INSTANCE) values (9,1);
insert into QoSConformance (ID_QOSCONFORMANCE,VL_MEANVALUE,VL_STANDARDDEVIATION,ID_INSTANCE) values(1,0.7551676847296713,0.0,1);
insert into HasReportedValue(ID_QOSREPORT,ID_QOSCONFORMANCE,VL_ESTIMATEDCREDIBILITY,VL_REALCREDIBILITY) values (1,1,0,2);
insert into QoSReport (ID_QOSREPORT,DT_TIMESTART,DT_TIMEEND) values (2,timestamp '2006-05-01 03:00:00.0',timestamp '2006-05-01 03:00:00.0');
insert into ServiceUsage(ID_USER,ID_INTERFACE) values(17,1);
insert into ReportServiceUsage (ID_USER,ID_INTERFACE,ID_CONCEPT,ID_QOSREPORT) values (17,1,5,2);
insert into Instance(ID_INSTANCE) values (2);
insert into QoSParameterinstance(ID_CONCEPT,ID_INSTANCE) values (5,2);
insert into QoSConformance (ID_QOSCONFORMANCE,VL_MEANVALUE,VL_STANDARDDEVIATION,ID_INSTANCE) values(2,0.5399087578270079,0.0,2);
insert into HasReportedValue(ID_QOSREPORT,ID_QOSCONFORMANCE,VL_ESTIMATEDCREDIBILITY,VL_REALCREDIBILITY) values (2,2,0,2);
insert into QoSReport (ID_QOSREPORT,DT_TIMESTART,DT_TIMEEND) values (3,timestamp '2006-05-01 01:00:00.0',timestamp '2006-05-01 01:00:00.0');
insert into ServiceUsage(ID_USER,ID_INTERFACE) values(17,3);
insert into ReportServiceUsage (ID_USER,ID_INTERFACE,ID_CONCEPT,ID_QOSREPORT) values (17,3,8,3);
insert into Instance(ID_INSTANCE) values (3);
insert into QoSParameterinstance(ID_CONCEPT,ID_INSTANCE) values (8,3);
insert into QoSConformance (ID_QOSCONFORMANCE,VL_MEANVALUE,VL_STANDARDDEVIATION,ID_INSTANCE) values(3,0.5067877125519032,0.0,3);
insert into HasReportedValue(ID_QOSREPORT,ID_QOSCONFORMANCE,VL_ESTIMATEDCREDIBILITY,VL_REALCREDIBILITY) values (3,3,0,2);
insert into QoSReport (ID_QOSREPORT,DT_TIMESTART,DT_TIMEEND) values (4,timestamp '2006-05-01 01:00:00.0',timestamp '2006-05-01 01:00:00.0');
insert into ServiceUsage(ID_USER,ID_INTERFACE) values(18,1);
insert into ReportServiceUsage (ID_USER,ID_INTERFACE,ID_CONCEPT,ID_QOSREPORT) values (18,1,4,4);
insert into Instance(ID_INSTANCE) values (4);
insert into QoSParameterinstance(ID_CONCEPT,ID_INSTANCE) values (4,4);
insert into QoSConformance (ID_QOSCONFORMANCE,VL_MEANVALUE,VL_STANDARDDEVIATION,ID_INSTANCE) values(4,0.38622116752227065,0.0,4);
insert into HasReportedValue(ID_QOSREPORT,ID_QOSCONFORMANCE,VL_ESTIMATEDCREDIBILITY,VL_REALCREDIBILITY) values (4,4,0,2);
insert into QoSReport (ID_QOSREPORT,DT_TIMESTART,DT_TIMEEND) values (5,timestamp '2006-05-01 02:00:00.0',timestamp '2006-05-01 02:00:00.0');
insert into ServiceUsage(ID_USER,ID_INTERFACE) values(3,0);
insert into ReportServiceUsage (ID_USER,ID_INTERFACE,ID_CONCEPT,ID_QOSREPORT) values (3,0,7,5);
insert into Instance(ID_INSTANCE) values (5);
insert into QoSParameterinstance(ID_CONCEPT,ID_INSTANCE) values (7,5);
insert into QoSConformance (ID_QOSCONFORMANCE,VL_MEANVALUE,VL_STANDARDDEVIATION,ID_INSTANCE) values(5,0.6151786837150416,0.0,5);
insert into HasReportedValue(ID_QOSREPORT,ID_QOSCONFORMANCE,VL_ESTIMATEDCREDIBILITY,VL_REALCREDIBILITY) values (5,5,0,2);
insert into QoSReport (ID_QOSREPORT,DT_TIMESTART,DT_TIMEEND) values (6,timestamp '2006-05-01 04:00:00.0',timestamp '2006-05-01 04:00:00.0');
insert into ServiceUsage(ID_USER,ID_INTERFACE) values(18,2);
insert into ReportServiceUsage (ID_USER,ID_INTERFACE,ID_CONCEPT,ID_QOSREPORT) values (18,2,2,6);
insert into Instance(ID_INSTANCE) values (6);
insert into QoSParameterinstance(ID_CONCEPT,ID_INSTANCE) values (2,6);
insert into QoSConformance (ID_QOSCONFORMANCE,VL_MEANVALUE,VL_STANDARDDEVIATION,ID_INSTANCE) values(6,0.607939151629385,0.0,6);
insert into HasReportedValue(ID_QOSREPORT,ID_QOSCONFORMANCE,VL_ESTIMATEDCREDIBILITY,VL_REALCREDIBILITY) values (6,6,0,2);
insert into QoSReport (ID_QOSREPORT,DT_TIMESTART,DT_TIMEEND) values (7,timestamp '2006-05-01 03:00:00.0',timestamp '2006-05-01 03:00:00.0');
insert into ServiceUsage(ID_USER,ID_INTERFACE) values(15,0);
insert into ReportServiceUsage (ID_USER,ID_INTERFACE,ID_CONCEPT,ID_QOSREPORT) values (15,0,7,7);
insert into Instance(ID_INSTANCE) values (7);
insert into QoSParameterinstance(ID_CONCEPT,ID_INSTANCE) values (7,7);
insert into QoSConformance (ID_QOSCONFORMANCE,VL_MEANVALUE,VL_STANDARDDEVIATION,ID_INSTANCE) values(7,0.19715984046436452,0.0,7);
insert into HasReportedValue(ID_QOSREPORT,ID_QOSCONFORMANCE,VL_ESTIMATEDCREDIBILITY,VL_REALCREDIBILITY) values (7,7,0,2);
insert into QoSReport (ID_QOSREPORT,DT_TIMESTART,DT_TIMEEND) values (8,timestamp '2006-05-01 00:00:00.0',timestamp '2006-05-01 00:00:00.0');
insert into ServiceUsage(ID_USER,ID_INTERFACE) values(1,3);
insert into ReportServiceUsage (ID_USER,ID_INTERFACE,ID_CONCEPT,ID_QOSREPORT) values (1,3,3,8);
insert into Instance(ID_INSTANCE) values (8);
insert into QoSParameterinstance(ID_CONCEPT,ID_INSTANCE) values (3,8);
insert into QoSConformance (ID_QOSCONFORMANCE,VL_MEANVALUE,VL_STANDARDDEVIATION,ID_INSTANCE) values(8,0.7173275660276015,0.0,8);
insert into HasReportedValue(ID_QOSREPORT,ID_QOSCONFORMANCE,VL_ESTIMATEDCREDIBILITY,VL_REALCREDIBILITY) values (8,8,0,2);
insert into QoSReport (ID_QOSREPORT,DT_TIMESTART,DT_TIMEEND) values (9,timestamp '2006-05-01 04:00:00.0',timestamp '2006-05-01 04:00:00.0');
insert into ServiceUsage(ID_USER,ID_INTERFACE) values(13,3);
insert into ReportServiceUsage (ID_USER,ID_INTERFACE,ID_CONCEPT,ID_QOSREPORT) values (13,3,7,9);
insert into Instance(ID_INSTANCE) values (9);
insert into QoSParameterinstance(ID_CONCEPT,ID_INSTANCE) values (7,9);
insert into QoSConformance (ID_QOSCONFORMANCE,VL_MEANVALUE,VL_STANDARDDEVIATION,ID_INSTANCE) values(9,0.009691890682524277,0.0,9);
insert into HasReportedValue(ID_QOSREPORT,ID_QOSCONFORMANCE,VL_ESTIMATEDCREDIBILITY,VL_REALCREDIBILITY) values (9,9,0,2);
insert into QoSReport (ID_QOSREPORT,DT_TIMESTART,DT_TIMEEND) values (10,timestamp '2006-05-01 02:00:00.0',timestamp '2006-05-01 02:00:00.0');
insert into ReportServiceUsage (ID_USER,ID_INTERFACE,ID_CONCEPT,ID_QOSREPORT) values (18,1,4,10);
insert into Instance(ID_INSTANCE) values (10);
insert into QoSParameterinstance(ID_CONCEPT,ID_INSTANCE) values (4,10);
insert into QoSConformance (ID_QOSCONFORMANCE,VL_MEANVALUE,VL_STANDARDDEVIATION,ID_INSTANCE) values(10,0.32964490877656516,0.0,10);
insert into HasReportedValue(ID_QOSREPORT,ID_QOSCONFORMANCE,VL_ESTIMATEDCREDIBILITY,VL_REALCREDIBILITY) values (10,10,0,2);
insert into QoSReport (ID_QOSREPORT,DT_TIMESTART,DT_TIMEEND) values (11,timestamp '2006-05-01 03:00:00.0',timestamp '2006-05-01 03:00:00.0');
insert into ServiceUsage(ID_USER,ID_INTERFACE) values(7,3);
insert into ReportServiceUsage (ID_USER,ID_INTERFACE,ID_CONCEPT,ID_QOSREPORT) values (7,3,9,11);
insert into Instance(ID_INSTANCE) values (11);
insert into QoSParameterinstance(ID_CONCEPT,ID_INSTANCE) values (9,11);
insert into QoSConformance (ID_QOSCONFORMANCE,VL_MEANVALUE,VL_STANDARDDEVIATION,ID_INSTANCE) values(11,0.24067000362611451,0.0,11);
insert into HasReportedValue(ID_QOSREPORT,ID_QOSCONFORMANCE,VL_ESTIMATEDCREDIBILITY,VL_REALCREDIBILITY) values (11,11,0,2);
insert into QoSReport (ID_QOSREPORT,DT_TIMESTART,DT_TIMEEND) values (12,timestamp '2006-05-01 03:00:00.0',timestamp '2006-05-01 03:00:00.0');
insert into ServiceUsage(ID_USER,ID_INTERFACE) values(14,2);
insert into ReportServiceUsage (ID_USER,ID_INTERFACE,ID_CONCEPT,ID_QOSREPORT) values (14,2,5,12);
insert into Instance(ID_INSTANCE) values (12);
insert into QoSParameterinstance(ID_CONCEPT,ID_INSTANCE) values (5,12);
insert into QoSConformance (ID_QOSCONFORMANCE,VL_MEANVALUE,VL_STANDARDDEVIATION,ID_INSTANCE) values(12,0.3334912437498943,0.0,12);
insert into HasReportedValue(ID_QOSREPORT,ID_QOSCONFORMANCE,VL_ESTIMATEDCREDIBILITY,VL_REALCREDIBILITY) values (12,12,0,2);
insert into QoSReport (ID_QOSREPORT,DT_TIMESTART,DT_TIMEEND) values (13,timestamp '2006-05-01 01:00:00.0',timestamp '2006-05-01 01:00:00.0');
insert into ServiceUsage(ID_USER,ID_INTERFACE) values(5,1);
insert into ReportServiceUsage (ID_USER,ID_INTERFACE,ID_CONCEPT,ID_QOSREPORT) values (5,1,2,13);
insert into Instance(ID_INSTANCE) values (13);
insert into QoSParameterinstance(ID_CONCEPT,ID_INSTANCE) values (2,13);
insert into QoSConformance (ID_QOSCONFORMANCE,VL_MEANVALUE,VL_STANDARDDEVIATION,ID_INSTANCE) values(13,0.9287897344380466,0.0,13);
insert into HasReportedValue(ID_QOSREPORT,ID_QOSCONFORMANCE,VL_ESTIMATEDCREDIBILITY,VL_REALCREDIBILITY) values (13,13,0,2);
insert into QoSReport (ID_QOSREPORT,DT_TIMESTART,DT_TIMEEND) values (14,timestamp '2006-05-01 01:00:00.0',timestamp '2006-05-01 01:00:00.0');
insert into ServiceUsage(ID_USER,ID_INTERFACE) values(2,2);
insert into ReportServiceUsage (ID_USER,ID_INTERFACE,ID_CONCEPT,ID_QOSREPORT) values (2,2,3,14);
insert into Instance(ID_INSTANCE) values (14);
insert into QoSParameterinstance(ID_CONCEPT,ID_INSTANCE) values (3,14);
insert into QoSConformance (ID_QOSCONFORMANCE,VL_MEANVALUE,VL_STANDARDDEVIATION,ID_INSTANCE) values(14,0.2546767098287892,0.0,14);
insert into HasReportedValue(ID_QOSREPORT,ID_QOSCONFORMANCE,VL_ESTIMATEDCREDIBILITY,VL_REALCREDIBILITY) values (14,14,0,2);
insert into QoSReport (ID_QOSREPORT,DT_TIMESTART,DT_TIMEEND) values (15,timestamp '2006-05-01 03:00:00.0',timestamp '2006-05-01 03:00:00.0');
insert into ServiceUsage(ID_USER,ID_INTERFACE) values(16,1);
insert into ReportServiceUsage (ID_USER,ID_INTERFACE,ID_CONCEPT,ID_QOSREPORT) values (16,1,5,15);
insert into Instance(ID_INSTANCE) values (15);
insert into QoSParameterinstance(ID_CONCEPT,ID_INSTANCE) values (5,15);
insert into QoSConformance (ID_QOSCONFORMANCE,VL_MEANVALUE,VL_STANDARDDEVIATION,ID_INSTANCE) values(15,0.7669385807885657,0.0,15);
insert into HasReportedValue(ID_QOSREPORT,ID_QOSCONFORMANCE,VL_ESTIMATEDCREDIBILITY,VL_REALCREDIBILITY) values (15,15,0,2);
insert into QoSReport (ID_QOSREPORT,DT_TIMESTART,DT_TIMEEND) values (16,timestamp '2006-05-01 03:00:00.0',timestamp '2006-05-01 03:00:00.0');
insert into ServiceUsage(ID_USER,ID_INTERFACE) values(2,1);
insert into ReportServiceUsage (ID_USER,ID_INTERFACE,ID_CONCEPT,ID_QOSREPORT) values (2,1,3,16);
insert into Instance(ID_INSTANCE) values (16);
insert into QoSParameterinstance(ID_CONCEPT,ID_INSTANCE) values (3,16);
insert into QoSConformance (ID_QOSCONFORMANCE,VL_MEANVALUE,VL_STANDARDDEVIATION,ID_INSTANCE) values(16,0.08125652861455714,0.0,16);
insert into HasReportedValue(ID_QOSREPORT,ID_QOSCONFORMANCE,VL_ESTIMATEDCREDIBILITY,VL_REALCREDIBILITY) values (16,16,0,2);
insert into QoSReport (ID_QOSREPORT,DT_TIMESTART,DT_TIMEEND) values (17,timestamp '2006-05-01 03:00:00.0',timestamp '2006-05-01 03:00:00.0');
insert into ServiceUsage(ID_USER,ID_INTERFACE) values(7,0);
insert into ReportServiceUsage (ID_USER,ID_INTERFACE,ID_CONCEPT,ID_QOSREPORT) values (7,0,5,17);
insert into Instance(ID_INSTANCE) values (17);
insert into QoSParameterinstance(ID_CONCEPT,ID_INSTANCE) values (5,17);
insert into QoSConformance (ID_QOSCONFORMANCE,VL_MEANVALUE,VL_STANDARDDEVIATION,ID_INSTANCE) values(17,-0.015954472437638596,0.0,17);
insert into HasReportedValue(ID_QOSREPORT,ID_QOSCONFORMANCE,VL_ESTIMATEDCREDIBILITY,VL_REALCREDIBILITY) values (17,17,0,2);
insert into QoSReport (ID_QOSREPORT,DT_TIMESTART,DT_TIMEEND) values (18,timestamp '2006-05-01 02:00:00.0',timestamp '2006-05-01 02:00:00.0');
insert into ServiceUsage(ID_USER,ID_INTERFACE) values(18,0);
insert into ReportServiceUsage (ID_USER,ID_INTERFACE,ID_CONCEPT,ID_QOSREPORT) values (18,0,5,18);
insert into Instance(ID_INSTANCE) values (18);
insert into QoSParameterinstance(ID_CONCEPT,ID_INSTANCE) values (5,18);
insert into QoSConformance (ID_QOSCONFORMANCE,VL_MEANVALUE,VL_STANDARDDEVIATION,ID_INSTANCE) values(18,0.22632788708723822,0.0,18);
insert into HasReportedValue(ID_QOSREPORT,ID_QOSCONFORMANCE,VL_ESTIMATEDCREDIBILITY,VL_REALCREDIBILITY) values (18,18,0,2);
insert into QoSReport (ID_QOSREPORT,DT_TIMESTART,DT_TIMEEND) values (19,timestamp '2006-05-01 00:00:00.0',timestamp '2006-05-01 00:00:00.0');
insert into ServiceUsage(ID_USER,ID_INTERFACE) values(20,0);
insert into ReportServiceUsage (ID_USER,ID_INTERFACE,ID_CONCEPT,ID_QOSREPORT) values (20,0,5,19);
insert into Instance(ID_INSTANCE) values (19);
insert into QoSParameterinstance(ID_CONCEPT,ID_INSTANCE) values (5,19);
insert into QoSConformance (ID_QOSCONFORMANCE,VL_MEANVALUE,VL_STANDARDDEVIATION,ID_INSTANCE) values(19,0.30776679997331524,0.0,19);
insert into HasReportedValue(ID_QOSREPORT,ID_QOSCONFORMANCE,VL_ESTIMATEDCREDIBILITY,VL_REALCREDIBILITY) values (19,19,0,2);
insert into QoSReport (ID_QOSREPORT,DT_TIMESTART,DT_TIMEEND) values (20,timestamp '2006-05-01 04:00:00.0',timestamp '2006-05-01 04:00:00.0');
insert into ServiceUsage(ID_USER,ID_INTERFACE) values(0,3);
insert into ReportServiceUsage (ID_USER,ID_INTERFACE,ID_CONCEPT,ID_QOSREPORT) values (0,3,8,20);
insert into Instance(ID_INSTANCE) values (20);
insert into QoSParameterinstance(ID_CONCEPT,ID_INSTANCE) values (8,20);
insert into QoSConformance (ID_QOSCONFORMANCE,VL_MEANVALUE,VL_STANDARDDEVIATION,ID_INSTANCE) values(20,0.6720010351260493,0.0,20);
insert into HasReportedValue(ID_QOSREPORT,ID_QOSCONFORMANCE,VL_ESTIMATEDCREDIBILITY,VL_REALCREDIBILITY) values (20,20,0,2);
insert into QoSReport (ID_QOSREPORT,DT_TIMESTART,DT_TIMEEND) values (21,timestamp '2006-05-01 03:00:00.0',timestamp '2006-05-01 03:00:00.0');
insert into ServiceUsage(ID_USER,ID_INTERFACE) values(2,0);
insert into ReportServiceUsage (ID_USER,ID_INTERFACE,ID_CONCEPT,ID_QOSREPORT) values (2,0,3,21);
insert into Instance(ID_INSTANCE) values (21);
insert into QoSParameterinstance(ID_CONCEPT,ID_INSTANCE) values (3,21);
insert into QoSConformance (ID_QOSCONFORMANCE,VL_MEANVALUE,VL_STANDARDDEVIATION,ID_INSTANCE) values(21,0.05162033149516416,0.0,21);
insert into HasReportedValue(ID_QOSREPORT,ID_QOSCONFORMANCE,VL_ESTIMATEDCREDIBILITY,VL_REALCREDIBILITY) values (21,21,0,2);
insert into QoSReport (ID_QOSREPORT,DT_TIMESTART,DT_TIMEEND) values (22,timestamp '2006-05-01 04:00:00.0',timestamp '2006-05-01 04:00:00.0');
insert into ServiceUsage(ID_USER,ID_INTERFACE) values(12,2);
insert into ReportServiceUsage (ID_USER,ID_INTERFACE,ID_CONCEPT,ID_QOSREPORT) values (12,2,4,22);
insert into Instance(ID_INSTANCE) values (22);
insert into QoSParameterinstance(ID_CONCEPT,ID_INSTANCE) values (4,22);
insert into QoSConformance (ID_QOSCONFORMANCE,VL_MEANVALUE,VL_STANDARDDEVIATION,ID_INSTANCE) values(22,0.35235530243754204,0.0,22);
insert into HasReportedValue(ID_QOSREPORT,ID_QOSCONFORMANCE,VL_ESTIMATEDCREDIBILITY,VL_REALCREDIBILITY) values (22,22,0,2);
insert into QoSReport (ID_QOSREPORT,DT_TIMESTART,DT_TIMEEND) values (23,timestamp '2006-05-01 04:00:00.0',timestamp '2006-05-01 04:00:00.0');
insert into ServiceUsage(ID_USER,ID_INTERFACE) values(17,2);
insert into ReportServiceUsage (ID_USER,ID_INTERFACE,ID_CONCEPT,ID_QOSREPORT) values (17,2,8,23);
insert into Instance(ID_INSTANCE) values (23);
insert into QoSParameterinstance(ID_CONCEPT,ID_INSTANCE) values (8,23);
insert into QoSConformance (ID_QOSCONFORMANCE,VL_MEANVALUE,VL_STANDARDDEVIATION,ID_INSTANCE) values(23,0.287905252980106,0.0,23);
insert into HasReportedValue(ID_QOSREPORT,ID_QOSCONFORMANCE,VL_ESTIMATEDCREDIBILITY,VL_REALCREDIBILITY) values (23,23,0,2);
insert into QoSReport (ID_QOSREPORT,DT_TIMESTART,DT_TIMEEND) values (24,timestamp '2006-05-01 03:00:00.0',timestamp '2006-05-01 03:00:00.0');
insert into ServiceUsage(ID_USER,ID_INTERFACE) values(0,1);
insert into ReportServiceUsage (ID_USER,ID_INTERFACE,ID_CONCEPT,ID_QOSREPORT) values (0,1,3,24);
insert into Instance(ID_INSTANCE) values (24);
insert into QoSParameterinstance(ID_CONCEPT,ID_INSTANCE) values (3,24);
insert into QoSConformance (ID_QOSCONFORMANCE,VL_MEANVALUE,VL_STANDARDDEVIATION,ID_INSTANCE) values(24,0.869049068553089,0.0,24);
insert into HasReportedValue(ID_QOSREPORT,ID_QOSCONFORMANCE,VL_ESTIMATEDCREDIBILITY,VL_REALCREDIBILITY) values (24,24,0,2);
insert into QoSReport (ID_QOSREPORT,DT_TIMESTART,DT_TIMEEND) values (25,timestamp '2006-05-01 00:00:00.0',timestamp '2006-05-01 00:00:00.0');
insert into ReportServiceUsage (ID_USER,ID_INTERFACE,ID_CONCEPT,ID_QOSREPORT) values (0,1,0,25);
insert into Instance(ID_INSTANCE) values (25);
insert into QoSParameterinstance(ID_CONCEPT,ID_INSTANCE) values (0,25);
insert into QoSConformance (ID_QOSCONFORMANCE,VL_MEANVALUE,VL_STANDARDDEVIATION,ID_INSTANCE) values(25,0.4258312210350723,0.0,25);
insert into HasReportedValue(ID_QOSREPORT,ID_QOSCONFORMANCE,VL_ESTIMATEDCREDIBILITY,VL_REALCREDIBILITY) values (25,25,0,2);
insert into QoSReport (ID_QOSREPORT,DT_TIMESTART,DT_TIMEEND) values (26,timestamp '2006-05-01 03:00:00.0',timestamp '2006-05-01 03:00:00.0');
insert into ServiceUsage(ID_USER,ID_INTERFACE) values(9,1);
insert into ReportServiceUsage (ID_USER,ID_INTERFACE,ID_CONCEPT,ID_QOSREPORT) values (9,1,9,26);
insert into Instance(ID_INSTANCE) values (26);
insert into QoSParameterinstance(ID_CONCEPT,ID_INSTANCE) values (9,26);
insert into QoSConformance (ID_QOSCONFORMANCE,VL_MEANVALUE,VL_STANDARDDEVIATION,ID_INSTANCE) values(26,0.6065315777414723,0.0,26);
insert into HasReportedValue(ID_QOSREPORT,ID_QOSCONFORMANCE,VL_ESTIMATEDCREDIBILITY,VL_REALCREDIBILITY) values (26,26,0,2);
insert into QoSReport (ID_QOSREPORT,DT_TIMESTART,DT_TIMEEND) values (27,timestamp '2006-05-01 00:00:00.0',timestamp '2006-05-01 00:00:00.0');
insert into ReportServiceUsage (ID_USER,ID_INTERFACE,ID_CONCEPT,ID_QOSREPORT) values (1,3,1,27);
insert into Instance(ID_INSTANCE) values (27);
insert into QoSParameterinstance(ID_CONCEPT,ID_INSTANCE) values (1,27);
insert into QoSConformance (ID_QOSCONFORMANCE,VL_MEANVALUE,VL_STANDARDDEVIATION,ID_INSTANCE) values(27,0.2766032561760669,0.0,27);
insert into HasReportedValue(ID_QOSREPORT,ID_QOSCONFORMANCE,VL_ESTIMATEDCREDIBILITY,VL_REALCREDIBILITY) values (27,27,0,2);
insert into QoSReport (ID_QOSREPORT,DT_TIMESTART,DT_TIMEEND) values (28,timestamp '2006-05-01 01:00:00.0',timestamp '2006-05-01 01:00:00.0');
insert into ReportServiceUsage (ID_USER,ID_INTERFACE,ID_CONCEPT,ID_QOSREPORT) values (18,1,4,28);
insert into Instance(ID_INSTANCE) values (28);
insert into QoSParameterinstance(ID_CONCEPT,ID_INSTANCE) values (4,28);
insert into QoSConformance (ID_QOSCONFORMANCE,VL_MEANVALUE,VL_STANDARDDEVIATION,ID_INSTANCE) values(28,0.7587331111465881,0.0,28);
insert into HasReportedValue(ID_QOSREPORT,ID_QOSCONFORMANCE,VL_ESTIMATEDCREDIBILITY,VL_REALCREDIBILITY) values (28,28,0,2);
insert into QoSReport (ID_QOSREPORT,DT_TIMESTART,DT_TIMEEND) values (29,timestamp '2006-05-01 00:00:00.0',timestamp '2006-05-01 00:00:00.0');
insert into ReportServiceUsage (ID_USER,ID_INTERFACE,ID_CONCEPT,ID_QOSREPORT) values (13,3,3,29);
insert into Instance(ID_INSTANCE) values (29);
insert into QoSParameterinstance(ID_CONCEPT,ID_INSTANCE) values (3,29);
insert into QoSConformance (ID_QOSCONFORMANCE,VL_MEANVALUE,VL_STANDARDDEVIATION,ID_INSTANCE) values(29,0.7119354680511707,0.0,29);
insert into HasReportedValue(ID_QOSREPORT,ID_QOSCONFORMANCE,VL_ESTIMATEDCREDIBILITY,VL_REALCREDIBILITY) values (29,29,0,2);
insert into QoSReport (ID_QOSREPORT,DT_TIMESTART,DT_TIMEEND) values (30,timestamp '2006-05-01 03:00:00.0',timestamp '2006-05-01 03:00:00.0');
insert into ServiceUsage(ID_USER,ID_INTERFACE) values(12,1);
insert into ReportServiceUsage (ID_USER,ID_INTERFACE,ID_CONCEPT,ID_QOSREPORT) values (12,1,3,30);
insert into Instance(ID_INSTANCE) values (30);
insert into QoSParameterinstance(ID_CONCEPT,ID_INSTANCE) values (3,30);
insert into QoSConformance (ID_QOSCONFORMANCE,VL_MEANVALUE,VL_STANDARDDEVIATION,ID_INSTANCE) values(30,0.08007050287885661,0.0,30);
insert into HasReportedValue(ID_QOSREPORT,ID_QOSCONFORMANCE,VL_ESTIMATEDCREDIBILITY,VL_REALCREDIBILITY) values (30,30,0,2);
insert into QoSReport (ID_QOSREPORT,DT_TIMESTART,DT_TIMEEND) values (31,timestamp '2006-05-01 01:00:00.0',timestamp '2006-05-01 01:00:00.0');
insert into ServiceUsage(ID_USER,ID_INTERFACE) values(22,1);
insert into ReportServiceUsage (ID_USER,ID_INTERFACE,ID_CONCEPT,ID_QOSREPORT) values (22,1,3,31);
insert into Instance(ID_INSTANCE) values (31);
insert into QoSParameterinstance(ID_CONCEPT,ID_INSTANCE) values (3,31);
insert into QoSConformance (ID_QOSCONFORMANCE,VL_MEANVALUE,VL_STANDARDDEVIATION,ID_INSTANCE) values(31,0.23216449054729493,0.0,31);
insert into HasReportedValue(ID_QOSREPORT,ID_QOSCONFORMANCE,VL_ESTIMATEDCREDIBILITY,VL_REALCREDIBILITY) values (31,31,0,2);
insert into QoSReport (ID_QOSREPORT,DT_TIMESTART,DT_TIMEEND) values (32,timestamp '2006-05-01 03:00:00.0',timestamp '2006-05-01 03:00:00.0');
insert into ReportServiceUsage (ID_USER,ID_INTERFACE,ID_CONCEPT,ID_QOSREPORT) values (5,1,5,32);
insert into Instance(ID_INSTANCE) values (32);
insert into QoSParameterinstance(ID_CONCEPT,ID_INSTANCE) values (5,32);
insert into QoSConformance (ID_QOSCONFORMANCE,VL_MEANVALUE,VL_STANDARDDEVIATION,ID_INSTANCE) values(32,0.5534714217206529,0.0,32);
insert into HasReportedValue(ID_QOSREPORT,ID_QOSCONFORMANCE,VL_ESTIMATEDCREDIBILITY,VL_REALCREDIBILITY) values (32,32,0,2);
insert into QoSReport (ID_QOSREPORT,DT_TIMESTART,DT_TIMEEND) values (33,timestamp '2006-05-01 02:00:00.0',timestamp '2006-05-01 02:00:00.0');
insert into ServiceUsage(ID_USER,ID_INTERFACE) values(5,2);
insert into ReportServiceUsage (ID_USER,ID_INTERFACE,ID_CONCEPT,ID_QOSREPORT) values (5,2,5,33);
insert into Instance(ID_INSTANCE) values (33);
insert into QoSParameterinstance(ID_CONCEPT,ID_INSTANCE) values (5,33);
insert into QoSConformance (ID_QOSCONFORMANCE,VL_MEANVALUE,VL_STANDARDDEVIATION,ID_INSTANCE) values(33,0.3351366174384567,0.0,33);
insert into HasReportedValue(ID_QOSREPORT,ID_QOSCONFORMANCE,VL_ESTIMATEDCREDIBILITY,VL_REALCREDIBILITY) values (33,33,0,2);
insert into QoSReport (ID_QOSREPORT,DT_TIMESTART,DT_TIMEEND) values (34,timestamp '2006-05-01 04:00:00.0',timestamp '2006-05-01 04:00:00.0');
insert into ReportServiceUsage (ID_USER,ID_INTERFACE,ID_CONCEPT,ID_QOSREPORT) values (20,0,3,34);
insert into Instance(ID_INSTANCE) values (34);
insert into QoSParameterinstance(ID_CONCEPT,ID_INSTANCE) values (3,34);
insert into QoSConformance (ID_QOSCONFORMANCE,VL_MEANVALUE,VL_STANDARDDEVIATION,ID_INSTANCE) values(34,0.5871266121967056,0.0,34);
insert into HasReportedValue(ID_QOSREPORT,ID_QOSCONFORMANCE,VL_ESTIMATEDCREDIBILITY,VL_REALCREDIBILITY) values (34,34,0,2);
insert into QoSReport (ID_QOSREPORT,DT_TIMESTART,DT_TIMEEND) values (35,timestamp '2006-05-01 00:00:00.0',timestamp '2006-05-01 00:00:00.0');
insert into ServiceUsage(ID_USER,ID_INTERFACE) values(4,2);
insert into ReportServiceUsage (ID_USER,ID_INTERFACE,ID_CONCEPT,ID_QOSREPORT) values (4,2,7,35);
insert into Instance(ID_INSTANCE) values (35);
insert into QoSParameterinstance(ID_CONCEPT,ID_INSTANCE) values (7,35);
insert into QoSConformance (ID_QOSCONFORMANCE,VL_MEANVALUE,VL_STANDARDDEVIATION,ID_INSTANCE) values(35,0.3577514684315418,0.0,35);
insert into HasReportedValue(ID_QOSREPORT,ID_QOSCONFORMANCE,VL_ESTIMATEDCREDIBILITY,VL_REALCREDIBILITY) values (35,35,0,2);
insert into QoSReport (ID_QOSREPORT,DT_TIMESTART,DT_TIMEEND) values (36,timestamp '2006-05-01 04:00:00.0',timestamp '2006-05-01 04:00:00.0');
insert into ReportServiceUsage (ID_USER,ID_INTERFACE,ID_CONCEPT,ID_QOSREPORT) values (18,1,7,36);
insert into Instance(ID_INSTANCE) values (36);
insert into QoSParameterinstance(ID_CONCEPT,ID_INSTANCE) values (7,36);
insert into QoSConformance (ID_QOSCONFORMANCE,VL_MEANVALUE,VL_STANDARDDEVIATION,ID_INSTANCE) values(36,0.6341498468508118,0.0,36);
insert into HasReportedValue(ID_QOSREPORT,ID_QOSCONFORMANCE,VL_ESTIMATEDCREDIBILITY,VL_REALCREDIBILITY) values (36,36,0,2);
insert into QoSReport (ID_QOSREPORT,DT_TIMESTART,DT_TIMEEND) values (37,timestamp '2006-05-01 04:00:00.0',timestamp '2006-05-01 04:00:00.0');
insert into ReportServiceUsage (ID_USER,ID_INTERFACE,ID_CONCEPT,ID_QOSREPORT) values (22,1,5,37);
insert into Instance(ID_INSTANCE) values (37);
insert into QoSParameterinstance(ID_CONCEPT,ID_INSTANCE) values (5,37);
insert into QoSConformance (ID_QOSCONFORMANCE,VL_MEANVALUE,VL_STANDARDDEVIATION,ID_INSTANCE) values(37,0.4961867971388033,0.0,37);
insert into HasReportedValue(ID_QOSREPORT,ID_QOSCONFORMANCE,VL_ESTIMATEDCREDIBILITY,VL_REALCREDIBILITY) values (37,37,0,2);
insert into QoSReport (ID_QOSREPORT,DT_TIMESTART,DT_TIMEEND) values (38,timestamp '2006-05-01 01:00:00.0',timestamp '2006-05-01 01:00:00.0');
insert into ServiceUsage(ID_USER,ID_INTERFACE) values(15,2);
insert into ReportServiceUsage (ID_USER,ID_INTERFACE,ID_CONCEPT,ID_QOSREPORT) values (15,2,7,38);
insert into Instance(ID_INSTANCE) values (38);
insert into QoSParameterinstance(ID_CONCEPT,ID_INSTANCE) values (7,38);
insert into QoSConformance (ID_QOSCONFORMANCE,VL_MEANVALUE,VL_STANDARDDEVIATION,ID_INSTANCE) values(38,0.7546710934919993,0.0,38);
insert into HasReportedValue(ID_QOSREPORT,ID_QOSCONFORMANCE,VL_ESTIMATEDCREDIBILITY,VL_REALCREDIBILITY) values (38,38,0,2);
insert into QoSReport (ID_QOSREPORT,DT_TIMESTART,DT_TIMEEND) values (39,timestamp '2006-05-01 04:00:00.0',timestamp '2006-05-01 04:00:00.0');
insert into ServiceUsage(ID_USER,ID_INTERFACE) values(4,3);
insert into ReportServiceUsage (ID_USER,ID_INTERFACE,ID_CONCEPT,ID_QOSREPORT) values (4,3,9,39);
insert into Instance(ID_INSTANCE) values (39);
insert into QoSParameterinstance(ID_CONCEPT,ID_INSTANCE) values (9,39);
insert into QoSConformance (ID_QOSCONFORMANCE,VL_MEANVALUE,VL_STANDARDDEVIATION,ID_INSTANCE) values(39,0.3299842529266229,0.0,39);
insert into HasReportedValue(ID_QOSREPORT,ID_QOSCONFORMANCE,VL_ESTIMATEDCREDIBILITY,VL_REALCREDIBILITY) values (39,39,0,2);
insert into QoSReport (ID_QOSREPORT,DT_TIMESTART,DT_TIMEEND) values (40,timestamp '2006-05-01 01:00:00.0',timestamp '2006-05-01 01:00:00.0');
insert into ReportServiceUsage (ID_USER,ID_INTERFACE,ID_CONCEPT,ID_QOSREPORT) values (7,3,1,40);
insert into Instance(ID_INSTANCE) values (40);
insert into QoSParameterinstance(ID_CONCEPT,ID_INSTANCE) values (1,40);
insert into QoSConformance (ID_QOSCONFORMANCE,VL_MEANVALUE,VL_STANDARDDEVIATION,ID_INSTANCE) values(40,0.6903256249625754,0.0,40);
insert into HasReportedValue(ID_QOSREPORT,ID_QOSCONFORMANCE,VL_ESTIMATEDCREDIBILITY,VL_REALCREDIBILITY) values (40,40,0,2);
insert into QoSReport (ID_QOSREPORT,DT_TIMESTART,DT_TIMEEND) values (41,timestamp '2006-05-01 03:00:00.0',timestamp '2006-05-01 03:00:00.0');
insert into ReportServiceUsage (ID_USER,ID_INTERFACE,ID_CONCEPT,ID_QOSREPORT) values (4,2,6,41);
insert into Instance(ID_INSTANCE) values (41);
insert into QoSParameterinstance(ID_CONCEPT,ID_INSTANCE) values (6,41);
insert into QoSConformance (ID_QOSCONFORMANCE,VL_MEANVALUE,VL_STANDARDDEVIATION,ID_INSTANCE) values(41,0.450154367921142,0.0,41);
insert into HasReportedValue(ID_QOSREPORT,ID_QOSCONFORMANCE,VL_ESTIMATEDCREDIBILITY,VL_REALCREDIBILITY) values (41,41,0,2);
insert into QoSReport (ID_QOSREPORT,DT_TIMESTART,DT_TIMEEND) values (42,timestamp '2006-05-01 01:00:00.0',timestamp '2006-05-01 01:00:00.0');
insert into ServiceUsage(ID_USER,ID_INTERFACE) values(10,1);
insert into ReportServiceUsage (ID_USER,ID_INTERFACE,ID_CONCEPT,ID_QOSREPORT) values (10,1,5,42);
insert into Instance(ID_INSTANCE) values (42);
insert into QoSParameterinstance(ID_CONCEPT,ID_INSTANCE) values (5,42);
insert into QoSConformance (ID_QOSCONFORMANCE,VL_MEANVALUE,VL_STANDARDDEVIATION,ID_INSTANCE) values(42,0.7566849919751929,0.0,42);
insert into HasReportedValue(ID_QOSREPORT,ID_QOSCONFORMANCE,VL_ESTIMATEDCREDIBILITY,VL_REALCREDIBILITY) values (42,42,0,2);
insert into QoSReport (ID_QOSREPORT,DT_TIMESTART,DT_TIMEEND) values (43,timestamp '2006-05-01 01:00:00.0',timestamp '2006-05-01 01:00:00.0');
insert into ServiceUsage(ID_USER,ID_INTERFACE) values(5,3);
insert into ReportServiceUsage (ID_USER,ID_INTERFACE,ID_CONCEPT,ID_QOSREPORT) values (5,3,1,43);
insert into Instance(ID_INSTANCE) values (43);
insert into QoSParameterinstance(ID_CONCEPT,ID_INSTANCE) values (1,43);
insert into QoSConformance (ID_QOSCONFORMANCE,VL_MEANVALUE,VL_STANDARDDEVIATION,ID_INSTANCE) values(43,0.3685590531444217,0.0,43);
insert into HasReportedValue(ID_QOSREPORT,ID_QOSCONFORMANCE,VL_ESTIMATEDCREDIBILITY,VL_REALCREDIBILITY) values (43,43,0,2);
insert into QoSReport (ID_QOSREPORT,DT_TIMESTART,DT_TIMEEND) values (44,timestamp '2006-05-01 01:00:00.0',timestamp '2006-05-01 01:00:00.0');
insert into ServiceUsage(ID_USER,ID_INTERFACE) values(1,2);
insert into ReportServiceUsage (ID_USER,ID_INTERFACE,ID_CONCEPT,ID_QOSREPORT) values (1,2,6,44);
insert into Instance(ID_INSTANCE) values (44);
insert into QoSParameterinstance(ID_CONCEPT,ID_INSTANCE) values (6,44);
insert into QoSConformance (ID_QOSCONFORMANCE,VL_MEANVALUE,VL_STANDARDDEVIATION,ID_INSTANCE) values(44,0.27311767866167347,0.0,44);
insert into HasReportedValue(ID_QOSREPORT,ID_QOSCONFORMANCE,VL_ESTIMATEDCREDIBILITY,VL_REALCREDIBILITY) values (44,44,0,2);
insert into QoSReport (ID_QOSREPORT,DT_TIMESTART,DT_TIMEEND) values (45,timestamp '2006-05-01 00:00:00.0',timestamp '2006-05-01 00:00:00.0');
insert into ServiceUsage(ID_USER,ID_INTERFACE) values(24,0);
insert into ReportServiceUsage (ID_USER,ID_INTERFACE,ID_CONCEPT,ID_QOSREPORT) values (24,0,9,45);
insert into Instance(ID_INSTANCE) values (45);
insert into QoSParameterinstance(ID_CONCEPT,ID_INSTANCE) values (9,45);
insert into QoSConformance (ID_QOSCONFORMANCE,VL_MEANVALUE,VL_STANDARDDEVIATION,ID_INSTANCE) values(45,0.398038148655701,0.0,45);
insert into HasReportedValue(ID_QOSREPORT,ID_QOSCONFORMANCE,VL_ESTIMATEDCREDIBILITY,VL_REALCREDIBILITY) values (45,45,0,2);
insert into QoSReport (ID_QOSREPORT,DT_TIMESTART,DT_TIMEEND) values (46,timestamp '2006-05-01 04:00:00.0',timestamp '2006-05-01 04:00:00.0');
insert into ServiceUsage(ID_USER,ID_INTERFACE) values(23,3);
insert into ReportServiceUsage (ID_USER,ID_INTERFACE,ID_CONCEPT,ID_QOSREPORT) values (23,3,2,46);
insert into Instance(ID_INSTANCE) values (46);
insert into QoSParameterinstance(ID_CONCEPT,ID_INSTANCE) values (2,46);
insert into QoSConformance (ID_QOSCONFORMANCE,VL_MEANVALUE,VL_STANDARDDEVIATION,ID_INSTANCE) values(46,0.5137553627556946,0.0,46);
insert into HasReportedValue(ID_QOSREPORT,ID_QOSCONFORMANCE,VL_ESTIMATEDCREDIBILITY,VL_REALCREDIBILITY) values (46,46,0,2);
insert into QoSReport (ID_QOSREPORT,DT_TIMESTART,DT_TIMEEND) values (47,timestamp '2006-05-01 03:00:00.0',timestamp '2006-05-01 03:00:00.0');
insert into ServiceUsage(ID_USER,ID_INTERFACE) values(12,0);
insert into ReportServiceUsage (ID_USER,ID_INTERFACE,ID_CONCEPT,ID_QOSREPORT) values (12,0,1,47);
insert into Instance(ID_INSTANCE) values (47);
insert into QoSParameterinstance(ID_CONCEPT,ID_INSTANCE) values (1,47);
insert into QoSConformance (ID_QOSCONFORMANCE,VL_MEANVALUE,VL_STANDARDDEVIATION,ID_INSTANCE) values(47,0.774388362170233,0.0,47);
insert into HasReportedValue(ID_QOSREPORT,ID_QOSCONFORMANCE,VL_ESTIMATEDCREDIBILITY,VL_REALCREDIBILITY) values (47,47,0,2);
insert into QoSReport (ID_QOSREPORT,DT_TIMESTART,DT_TIMEEND) values (48,timestamp '2006-05-01 03:00:00.0',timestamp '2006-05-01 03:00:00.0');
insert into ReportServiceUsage (ID_USER,ID_INTERFACE,ID_CONCEPT,ID_QOSREPORT) values (0,1,4,48);
insert into Instance(ID_INSTANCE) values (48);
insert into QoSParameterinstance(ID_CONCEPT,ID_INSTANCE) values (4,48);
insert into QoSConformance (ID_QOSCONFORMANCE,VL_MEANVALUE,VL_STANDARDDEVIATION,ID_INSTANCE) values(48,1.0045325137336099,0.0,48);
insert into HasReportedValue(ID_QOSREPORT,ID_QOSCONFORMANCE,VL_ESTIMATEDCREDIBILITY,VL_REALCREDIBILITY) values (48,48,0,2);
insert into QoSReport (ID_QOSREPORT,DT_TIMESTART,DT_TIMEEND) values (49,timestamp '2006-05-01 00:00:00.0',timestamp '2006-05-01 00:00:00.0');
insert into ServiceUsage(ID_USER,ID_INTERFACE) values(4,1);
insert into ReportServiceUsage (ID_USER,ID_INTERFACE,ID_CONCEPT,ID_QOSREPORT) values (4,1,8,49);
insert into Instance(ID_INSTANCE) values (49);
insert into QoSParameterinstance(ID_CONCEPT,ID_INSTANCE) values (8,49);
insert into QoSConformance (ID_QOSCONFORMANCE,VL_MEANVALUE,VL_STANDARDDEVIATION,ID_INSTANCE) values(49,0.6351742905539648,0.0,49);
insert into HasReportedValue(ID_QOSREPORT,ID_QOSCONFORMANCE,VL_ESTIMATEDCREDIBILITY,VL_REALCREDIBILITY) values (49,49,0,2);
insert into QoSReport (ID_QOSREPORT,DT_TIMESTART,DT_TIMEEND) values (50,timestamp '2006-05-01 04:00:00.0',timestamp '2006-05-01 04:00:00.0');
insert into ReportServiceUsage (ID_USER,ID_INTERFACE,ID_CONCEPT,ID_QOSREPORT) values (16,1,9,50);
insert into Instance(ID_INSTANCE) values (50);
insert into QoSParameterinstance(ID_CONCEPT,ID_INSTANCE) values (9,50);
insert into QoSConformance (ID_QOSCONFORMANCE,VL_MEANVALUE,VL_STANDARDDEVIATION,ID_INSTANCE) values(50,0.33445612666588925,0.0,50);
insert into HasReportedValue(ID_QOSREPORT,ID_QOSCONFORMANCE,VL_ESTIMATEDCREDIBILITY,VL_REALCREDIBILITY) values (50,50,0,2);
insert into QoSReport (ID_QOSREPORT,DT_TIMESTART,DT_TIMEEND) values (51,timestamp '2006-05-01 02:00:00.0',timestamp '2006-05-01 02:00:00.0');
insert into ReportServiceUsage (ID_USER,ID_INTERFACE,ID_CONCEPT,ID_QOSREPORT) values (2,1,1,51);
insert into Instance(ID_INSTANCE) values (51);
insert into QoSParameterinstance(ID_CONCEPT,ID_INSTANCE) values (1,51);
insert into QoSConformance (ID_QOSCONFORMANCE,VL_MEANVALUE,VL_STANDARDDEVIATION,ID_INSTANCE) values(51,0.4729693676320841,0.0,51);
insert into HasReportedValue(ID_QOSREPORT,ID_QOSCONFORMANCE,VL_ESTIMATEDCREDIBILITY,VL_REALCREDIBILITY) values (51,51,0,2);
insert into QoSReport (ID_QOSREPORT,DT_TIMESTART,DT_TIMEEND) values (52,timestamp '2006-05-01 00:00:00.0',timestamp '2006-05-01 00:00:00.0');
insert into ServiceUsage(ID_USER,ID_INTERFACE) values(24,1);
insert into ReportServiceUsage (ID_USER,ID_INTERFACE,ID_CONCEPT,ID_QOSREPORT) values (24,1,7,52);
insert into Instance(ID_INSTANCE) values (52);
insert into QoSParameterinstance(ID_CONCEPT,ID_INSTANCE) values (7,52);
insert into QoSConformance (ID_QOSCONFORMANCE,VL_MEANVALUE,VL_STANDARDDEVIATION,ID_INSTANCE) values(52,0.3060970045054525,0.0,52);
insert into HasReportedValue(ID_QOSREPORT,ID_QOSCONFORMANCE,VL_ESTIMATEDCREDIBILITY,VL_REALCREDIBILITY) values (52,52,0,2);
insert into QoSReport (ID_QOSREPORT,DT_TIMESTART,DT_TIMEEND) values (53,timestamp '2006-05-01 04:00:00.0',timestamp '2006-05-01 04:00:00.0');
insert into ReportServiceUsage (ID_USER,ID_INTERFACE,ID_CONCEPT,ID_QOSREPORT) values (16,1,0,53);
insert into Instance(ID_INSTANCE) values (53);
insert into QoSParameterinstance(ID_CONCEPT,ID_INSTANCE) values (0,53);
insert into QoSConformance (ID_QOSCONFORMANCE,VL_MEANVALUE,VL_STANDARDDEVIATION,ID_INSTANCE) values(53,0.5635675721703362,0.0,53);
insert into HasReportedValue(ID_QOSREPORT,ID_QOSCONFORMANCE,VL_ESTIMATEDCREDIBILITY,VL_REALCREDIBILITY) values (53,53,0,2);
insert into QoSReport (ID_QOSREPORT,DT_TIMESTART,DT_TIMEEND) values (54,timestamp '2006-05-01 00:00:00.0',timestamp '2006-05-01 00:00:00.0');
insert into ServiceUsage(ID_USER,ID_INTERFACE) values(0,2);
insert into ReportServiceUsage (ID_USER,ID_INTERFACE,ID_CONCEPT,ID_QOSREPORT) values (0,2,7,54);
insert into Instance(ID_INSTANCE) values (54);
insert into QoSParameterinstance(ID_CONCEPT,ID_INSTANCE) values (7,54);
insert into QoSConformance (ID_QOSCONFORMANCE,VL_MEANVALUE,VL_STANDARDDEVIATION,ID_INSTANCE) values(54,0.43613655703852205,0.0,54);
insert into HasReportedValue(ID_QOSREPORT,ID_QOSCONFORMANCE,VL_ESTIMATEDCREDIBILITY,VL_REALCREDIBILITY) values (54,54,0,2);
insert into QoSReport (ID_QOSREPORT,DT_TIMESTART,DT_TIMEEND) values (55,timestamp '2006-05-01 02:00:00.0',timestamp '2006-05-01 02:00:00.0');
insert into ServiceUsage(ID_USER,ID_INTERFACE) values(17,0);
insert into ReportServiceUsage (ID_USER,ID_INTERFACE,ID_CONCEPT,ID_QOSREPORT) values (17,0,0,55);
insert into Instance(ID_INSTANCE) values (55);
insert into QoSParameterinstance(ID_CONCEPT,ID_INSTANCE) values (0,55);
insert into QoSConformance (ID_QOSCONFORMANCE,VL_MEANVALUE,VL_STANDARDDEVIATION,ID_INSTANCE) values(55,0.2565763836996255,0.0,55);
insert into HasReportedValue(ID_QOSREPORT,ID_QOSCONFORMANCE,VL_ESTIMATEDCREDIBILITY,VL_REALCREDIBILITY) values (55,55,0,2);
insert into QoSReport (ID_QOSREPORT,DT_TIMESTART,DT_TIMEEND) values (56,timestamp '2006-05-01 00:00:00.0',timestamp '2006-05-01 00:00:00.0');
insert into ServiceUsage(ID_USER,ID_INTERFACE) values(20,1);
insert into ReportServiceUsage (ID_USER,ID_INTERFACE,ID_CONCEPT,ID_QOSREPORT) values (20,1,3,56);
insert into Instance(ID_INSTANCE) values (56);
insert into QoSParameterinstance(ID_CONCEPT,ID_INSTANCE) values (3,56);
insert into QoSConformance (ID_QOSCONFORMANCE,VL_MEANVALUE,VL_STANDARDDEVIATION,ID_INSTANCE) values(56,0.3008284343542774,0.0,56);
insert into HasReportedValue(ID_QOSREPORT,ID_QOSCONFORMANCE,VL_ESTIMATEDCREDIBILITY,VL_REALCREDIBILITY) values (56,56,0,2);
insert into QoSReport (ID_QOSREPORT,DT_TIMESTART,DT_TIMEEND) values (57,timestamp '2006-05-01 03:00:00.0',timestamp '2006-05-01 03:00:00.0');
insert into ServiceUsage(ID_USER,ID_INTERFACE) values(15,1);
insert into ReportServiceUsage (ID_USER,ID_INTERFACE,ID_CONCEPT,ID_QOSREPORT) values (15,1,8,57);
insert into Instance(ID_INSTANCE) values (57);
insert into QoSParameterinstance(ID_CONCEPT,ID_INSTANCE) values (8,57);
insert into QoSConformance (ID_QOSCONFORMANCE,VL_MEANVALUE,VL_STANDARDDEVIATION,ID_INSTANCE) values(57,0.3285204481791555,0.0,57);
insert into HasReportedValue(ID_QOSREPORT,ID_QOSCONFORMANCE,VL_ESTIMATEDCREDIBILITY,VL_REALCREDIBILITY) values (57,57,0,2);
insert into QoSReport (ID_QOSREPORT,DT_TIMESTART,DT_TIMEEND) values (58,timestamp '2006-05-01 00:00:00.0',timestamp '2006-05-01 00:00:00.0');
insert into ReportServiceUsage (ID_USER,ID_INTERFACE,ID_CONCEPT,ID_QOSREPORT) values (7,1,7,58);
insert into Instance(ID_INSTANCE) values (58);
insert into QoSParameterinstance(ID_CONCEPT,ID_INSTANCE) values (7,58);
insert into QoSConformance (ID_QOSCONFORMANCE,VL_MEANVALUE,VL_STANDARDDEVIATION,ID_INSTANCE) values(58,0.5631126505361269,0.0,58);
insert into HasReportedValue(ID_QOSREPORT,ID_QOSCONFORMANCE,VL_ESTIMATEDCREDIBILITY,VL_REALCREDIBILITY) values (58,58,0,2);
insert into QoSReport (ID_QOSREPORT,DT_TIMESTART,DT_TIMEEND) values (59,timestamp '2006-05-01 00:00:00.0',timestamp '2006-05-01 00:00:00.0');
insert into ServiceUsage(ID_USER,ID_INTERFACE) values(16,0);
insert into ReportServiceUsage (ID_USER,ID_INTERFACE,ID_CONCEPT,ID_QOSREPORT) values (16,0,4,59);
insert into Instance(ID_INSTANCE) values (59);
insert into QoSParameterinstance(ID_CONCEPT,ID_INSTANCE) values (4,59);
insert into QoSConformance (ID_QOSCONFORMANCE,VL_MEANVALUE,VL_STANDARDDEVIATION,ID_INSTANCE) values(59,0.6593257503385405,0.0,59);
insert into HasReportedValue(ID_QOSREPORT,ID_QOSCONFORMANCE,VL_ESTIMATEDCREDIBILITY,VL_REALCREDIBILITY) values (59,59,0,2);
insert into QoSReport (ID_QOSREPORT,DT_TIMESTART,DT_TIMEEND) values (60,timestamp '2006-05-01 04:00:00.0',timestamp '2006-05-01 04:00:00.0');
insert into ServiceUsage(ID_USER,ID_INTERFACE) values(0,0);
insert into ReportServiceUsage (ID_USER,ID_INTERFACE,ID_CONCEPT,ID_QOSREPORT) values (0,0,6,60);
insert into Instance(ID_INSTANCE) values (60);
insert into QoSParameterinstance(ID_CONCEPT,ID_INSTANCE) values (6,60);
insert into QoSConformance (ID_QOSCONFORMANCE,VL_MEANVALUE,VL_STANDARDDEVIATION,ID_INSTANCE) values(60,0.24681492466035487,0.0,60);
insert into HasReportedValue(ID_QOSREPORT,ID_QOSCONFORMANCE,VL_ESTIMATEDCREDIBILITY,VL_REALCREDIBILITY) values (60,60,0,2);
insert into QoSReport (ID_QOSREPORT,DT_TIMESTART,DT_TIMEEND) values (61,timestamp '2006-05-01 03:00:00.0',timestamp '2006-05-01 03:00:00.0');
insert into ServiceUsage(ID_USER,ID_INTERFACE) values(11,1);
insert into ReportServiceUsage (ID_USER,ID_INTERFACE,ID_CONCEPT,ID_QOSREPORT) values (11,1,7,61);
insert into Instance(ID_INSTANCE) values (61);
insert into QoSParameterinstance(ID_CONCEPT,ID_INSTANCE) values (7,61);
insert into QoSConformance (ID_QOSCONFORMANCE,VL_MEANVALUE,VL_STANDARDDEVIATION,ID_INSTANCE) values(61,0.8199400718082669,0.0,61);
insert into HasReportedValue(ID_QOSREPORT,ID_QOSCONFORMANCE,VL_ESTIMATEDCREDIBILITY,VL_REALCREDIBILITY) values (61,61,0,2);
insert into QoSReport (ID_QOSREPORT,DT_TIMESTART,DT_TIMEEND) values (62,timestamp '2006-05-01 01:00:00.0',timestamp '2006-05-01 01:00:00.0');
insert into ReportServiceUsage (ID_USER,ID_INTERFACE,ID_CONCEPT,ID_QOSREPORT) values (4,3,8,62);
insert into Instance(ID_INSTANCE) values (62);
insert into QoSParameterinstance(ID_CONCEPT,ID_INSTANCE) values (8,62);
insert into QoSConformance (ID_QOSCONFORMANCE,VL_MEANVALUE,VL_STANDARDDEVIATION,ID_INSTANCE) values(62,0.6411437965995697,0.0,62);
insert into HasReportedValue(ID_QOSREPORT,ID_QOSCONFORMANCE,VL_ESTIMATEDCREDIBILITY,VL_REALCREDIBILITY) values (62,62,0,2);
insert into QoSReport (ID_QOSREPORT,DT_TIMESTART,DT_TIMEEND) values (63,timestamp '2006-05-01 01:00:00.0',timestamp '2006-05-01 01:00:00.0');
insert into ServiceUsage(ID_USER,ID_INTERFACE) values(11,3);
insert into ReportServiceUsage (ID_USER,ID_INTERFACE,ID_CONCEPT,ID_QOSREPORT) values (11,3,3,63);
insert into Instance(ID_INSTANCE) values (63);
insert into QoSParameterinstance(ID_CONCEPT,ID_INSTANCE) values (3,63);
insert into QoSConformance (ID_QOSCONFORMANCE,VL_MEANVALUE,VL_STANDARDDEVIATION,ID_INSTANCE) values(63,0.8391230579122179,0.0,63);
insert into HasReportedValue(ID_QOSREPORT,ID_QOSCONFORMANCE,VL_ESTIMATEDCREDIBILITY,VL_REALCREDIBILITY) values (63,63,0,2);
insert into QoSReport (ID_QOSREPORT,DT_TIMESTART,DT_TIMEEND) values (64,timestamp '2006-05-01 01:00:00.0',timestamp '2006-05-01 01:00:00.0');
insert into ServiceUsage(ID_USER,ID_INTERFACE) values(9,2);
insert into ReportServiceUsage (ID_USER,ID_INTERFACE,ID_CONCEPT,ID_QOSREPORT) values (9,2,4,64);
insert into Instance(ID_INSTANCE) values (64);
insert into QoSParameterinstance(ID_CONCEPT,ID_INSTANCE) values (4,64);
insert into QoSConformance (ID_QOSCONFORMANCE,VL_MEANVALUE,VL_STANDARDDEVIATION,ID_INSTANCE) values(64,0.7228206129962772,0.0,64);
insert into HasReportedValue(ID_QOSREPORT,ID_QOSCONFORMANCE,VL_ESTIMATEDCREDIBILITY,VL_REALCREDIBILITY) values (64,64,0,2);
insert into QoSReport (ID_QOSREPORT,DT_TIMESTART,DT_TIMEEND) values (65,timestamp '2006-05-01 01:00:00.0',timestamp '2006-05-01 01:00:00.0');
insert into ReportServiceUsage (ID_USER,ID_INTERFACE,ID_CONCEPT,ID_QOSREPORT) values (5,3,9,65);
insert into Instance(ID_INSTANCE) values (65);
insert into QoSParameterinstance(ID_CONCEPT,ID_INSTANCE) values (9,65);
insert into QoSConformance (ID_QOSCONFORMANCE,VL_MEANVALUE,VL_STANDARDDEVIATION,ID_INSTANCE) values(65,0.3272842379628565,0.0,65);
insert into HasReportedValue(ID_QOSREPORT,ID_QOSCONFORMANCE,VL_ESTIMATEDCREDIBILITY,VL_REALCREDIBILITY) values (65,65,0,2);
insert into QoSReport (ID_QOSREPORT,DT_TIMESTART,DT_TIMEEND) values (66,timestamp '2006-05-01 01:00:00.0',timestamp '2006-05-01 01:00:00.0');
insert into ReportServiceUsage (ID_USER,ID_INTERFACE,ID_CONCEPT,ID_QOSREPORT) values (14,2,8,66);
insert into Instance(ID_INSTANCE) values (66);
insert into QoSParameterinstance(ID_CONCEPT,ID_INSTANCE) values (8,66);
insert into QoSConformance (ID_QOSCONFORMANCE,VL_MEANVALUE,VL_STANDARDDEVIATION,ID_INSTANCE) values(66,0.5482474537178555,0.0,66);
insert into HasReportedValue(ID_QOSREPORT,ID_QOSCONFORMANCE,VL_ESTIMATEDCREDIBILITY,VL_REALCREDIBILITY) values (66,66,0,2);
insert into QoSReport (ID_QOSREPORT,DT_TIMESTART,DT_TIMEEND) values (67,timestamp '2006-05-01 02:00:00.0',timestamp '2006-05-01 02:00:00.0');
insert into ServiceUsage(ID_USER,ID_INTERFACE) values(23,2);
insert into ReportServiceUsage (ID_USER,ID_INTERFACE,ID_CONCEPT,ID_QOSREPORT) values (23,2,5,67);
insert into Instance(ID_INSTANCE) values (67);
insert into QoSParameterinstance(ID_CONCEPT,ID_INSTANCE) values (5,67);
insert into QoSConformance (ID_QOSCONFORMANCE,VL_MEANVALUE,VL_STANDARDDEVIATION,ID_INSTANCE) values(67,0.3397798259100557,0.0,67);
insert into HasReportedValue(ID_QOSREPORT,ID_QOSCONFORMANCE,VL_ESTIMATEDCREDIBILITY,VL_REALCREDIBILITY) values (67,67,0,2);
insert into QoSReport (ID_QOSREPORT,DT_TIMESTART,DT_TIMEEND) values (68,timestamp '2006-05-01 00:00:00.0',timestamp '2006-05-01 00:00:00.0');
insert into ReportServiceUsage (ID_USER,ID_INTERFACE,ID_CONCEPT,ID_QOSREPORT) values (18,2,2,68);
insert into Instance(ID_INSTANCE) values (68);
insert into QoSParameterinstance(ID_CONCEPT,ID_INSTANCE) values (2,68);
insert into QoSConformance (ID_QOSCONFORMANCE,VL_MEANVALUE,VL_STANDARDDEVIATION,ID_INSTANCE) values(68,0.813305755173525,0.0,68);
insert into HasReportedValue(ID_QOSREPORT,ID_QOSCONFORMANCE,VL_ESTIMATEDCREDIBILITY,VL_REALCREDIBILITY) values (68,68,0,2);
insert into QoSReport (ID_QOSREPORT,DT_TIMESTART,DT_TIMEEND) values (69,timestamp '2006-05-01 00:00:00.0',timestamp '2006-05-01 00:00:00.0');
insert into ReportServiceUsage (ID_USER,ID_INTERFACE,ID_CONCEPT,ID_QOSREPORT) values (3,0,9,69);
insert into Instance(ID_INSTANCE) values (69);
insert into QoSParameterinstance(ID_CONCEPT,ID_INSTANCE) values (9,69);
insert into QoSConformance (ID_QOSCONFORMANCE,VL_MEANVALUE,VL_STANDARDDEVIATION,ID_INSTANCE) values(69,0.3133551791259934,0.0,69);
insert into HasReportedValue(ID_QOSREPORT,ID_QOSCONFORMANCE,VL_ESTIMATEDCREDIBILITY,VL_REALCREDIBILITY) values (69,69,0,2);
insert into QoSReport (ID_QOSREPORT,DT_TIMESTART,DT_TIMEEND) values (70,timestamp '2006-05-01 04:00:00.0',timestamp '2006-05-01 04:00:00.0');
insert into ReportServiceUsage (ID_USER,ID_INTERFACE,ID_CONCEPT,ID_QOSREPORT) values (5,2,0,70);
insert into Instance(ID_INSTANCE) values (70);
insert into QoSParameterinstance(ID_CONCEPT,ID_INSTANCE) values (0,70);
insert into QoSConformance (ID_QOSCONFORMANCE,VL_MEANVALUE,VL_STANDARDDEVIATION,ID_INSTANCE) values(70,0.5853156391939568,0.0,70);
insert into HasReportedValue(ID_QOSREPORT,ID_QOSCONFORMANCE,VL_ESTIMATEDCREDIBILITY,VL_REALCREDIBILITY) values (70,70,0,2);
insert into QoSReport (ID_QOSREPORT,DT_TIMESTART,DT_TIMEEND) values (71,timestamp '2006-05-01 03:00:00.0',timestamp '2006-05-01 03:00:00.0');
insert into ServiceUsage(ID_USER,ID_INTERFACE) values(4,0);
insert into ReportServiceUsage (ID_USER,ID_INTERFACE,ID_CONCEPT,ID_QOSREPORT) values (4,0,1,71);
insert into Instance(ID_INSTANCE) values (71);
insert into QoSParameterinstance(ID_CONCEPT,ID_INSTANCE) values (1,71);
insert into QoSConformance (ID_QOSCONFORMANCE,VL_MEANVALUE,VL_STANDARDDEVIATION,ID_INSTANCE) values(71,0.7765458682568921,0.0,71);
insert into HasReportedValue(ID_QOSREPORT,ID_QOSCONFORMANCE,VL_ESTIMATEDCREDIBILITY,VL_REALCREDIBILITY) values (71,71,0,2);
insert into QoSReport (ID_QOSREPORT,DT_TIMESTART,DT_TIMEEND) values (72,timestamp '2006-05-01 02:00:00.0',timestamp '2006-05-01 02:00:00.0');
insert into ServiceUsage(ID_USER,ID_INTERFACE) values(2,3);
insert into ReportServiceUsage (ID_USER,ID_INTERFACE,ID_CONCEPT,ID_QOSREPORT) values (2,3,6,72);
insert into Instance(ID_INSTANCE) values (72);
insert into QoSParameterinstance(ID_CONCEPT,ID_INSTANCE) values (6,72);
insert into QoSConformance (ID_QOSCONFORMANCE,VL_MEANVALUE,VL_STANDARDDEVIATION,ID_INSTANCE) values(72,0.6386898022452573,0.0,72);
insert into HasReportedValue(ID_QOSREPORT,ID_QOSCONFORMANCE,VL_ESTIMATEDCREDIBILITY,VL_REALCREDIBILITY) values (72,72,0,2);
insert into QoSReport (ID_QOSREPORT,DT_TIMESTART,DT_TIMEEND) values (73,timestamp '2006-05-01 03:00:00.0',timestamp '2006-05-01 03:00:00.0');
insert into ReportServiceUsage (ID_USER,ID_INTERFACE,ID_CONCEPT,ID_QOSREPORT) values (4,3,8,73);
insert into Instance(ID_INSTANCE) values (73);
insert into QoSParameterinstance(ID_CONCEPT,ID_INSTANCE) values (8,73);
insert into QoSConformance (ID_QOSCONFORMANCE,VL_MEANVALUE,VL_STANDARDDEVIATION,ID_INSTANCE) values(73,0.5199771401938003,0.0,73);
insert into HasReportedValue(ID_QOSREPORT,ID_QOSCONFORMANCE,VL_ESTIMATEDCREDIBILITY,VL_REALCREDIBILITY) values (73,73,0,2);
insert into QoSReport (ID_QOSREPORT,DT_TIMESTART,DT_TIMEEND) values (74,timestamp '2006-05-01 03:00:00.0',timestamp '2006-05-01 03:00:00.0');
insert into ReportServiceUsage (ID_USER,ID_INTERFACE,ID_CONCEPT,ID_QOSREPORT) values (17,0,2,74);
insert into Instance(ID_INSTANCE) values (74);
insert into QoSParameterinstance(ID_CONCEPT,ID_INSTANCE) values (2,74);
insert into QoSConformance (ID_QOSCONFORMANCE,VL_MEANVALUE,VL_STANDARDDEVIATION,ID_INSTANCE) values(74,0.5981470089653413,0.0,74);
insert into HasReportedValue(ID_QOSREPORT,ID_QOSCONFORMANCE,VL_ESTIMATEDCREDIBILITY,VL_REALCREDIBILITY) values (74,74,0,2);
insert into QoSReport (ID_QOSREPORT,DT_TIMESTART,DT_TIMEEND) values (75,timestamp '2006-05-01 01:00:00.0',timestamp '2006-05-01 01:00:00.0');
insert into ReportServiceUsage (ID_USER,ID_INTERFACE,ID_CONCEPT,ID_QOSREPORT) values (2,2,6,75);
insert into Instance(ID_INSTANCE) values (75);
insert into QoSParameterinstance(ID_CONCEPT,ID_INSTANCE) values (6,75);
insert into QoSConformance (ID_QOSCONFORMANCE,VL_MEANVALUE,VL_STANDARDDEVIATION,ID_INSTANCE) values(75,0.2564836030987145,0.0,75);
insert into HasReportedValue(ID_QOSREPORT,ID_QOSCONFORMANCE,VL_ESTIMATEDCREDIBILITY,VL_REALCREDIBILITY) values (75,75,0,2);
insert into QoSReport (ID_QOSREPORT,DT_TIMESTART,DT_TIMEEND) values (76,timestamp '2006-05-01 00:00:00.0',timestamp '2006-05-01 00:00:00.0');
insert into ServiceUsage(ID_USER,ID_INTERFACE) values(20,3);
insert into ReportServiceUsage (ID_USER,ID_INTERFACE,ID_CONCEPT,ID_QOSREPORT) values (20,3,9,76);
insert into Instance(ID_INSTANCE) values (76);
insert into QoSParameterinstance(ID_CONCEPT,ID_INSTANCE) values (9,76);
insert into QoSConformance (ID_QOSCONFORMANCE,VL_MEANVALUE,VL_STANDARDDEVIATION,ID_INSTANCE) values(76,0.36706839650323153,0.0,76);
insert into HasReportedValue(ID_QOSREPORT,ID_QOSCONFORMANCE,VL_ESTIMATEDCREDIBILITY,VL_REALCREDIBILITY) values (76,76,0,2);
insert into QoSReport (ID_QOSREPORT,DT_TIMESTART,DT_TIMEEND) values (77,timestamp '2006-05-01 03:00:00.0',timestamp '2006-05-01 03:00:00.0');
insert into ServiceUsage(ID_USER,ID_INTERFACE) values(9,3);
insert into ReportServiceUsage (ID_USER,ID_INTERFACE,ID_CONCEPT,ID_QOSREPORT) values (9,3,4,77);
insert into Instance(ID_INSTANCE) values (77);
insert into QoSParameterinstance(ID_CONCEPT,ID_INSTANCE) values (4,77);
insert into QoSConformance (ID_QOSCONFORMANCE,VL_MEANVALUE,VL_STANDARDDEVIATION,ID_INSTANCE) values(77,0.2244505897799738,0.0,77);
insert into HasReportedValue(ID_QOSREPORT,ID_QOSCONFORMANCE,VL_ESTIMATEDCREDIBILITY,VL_REALCREDIBILITY) values (77,77,0,2);
insert into QoSReport (ID_QOSREPORT,DT_TIMESTART,DT_TIMEEND) values (78,timestamp '2006-05-01 04:00:00.0',timestamp '2006-05-01 04:00:00.0');
insert into ServiceUsage(ID_USER,ID_INTERFACE) values(9,0);
insert into ReportServiceUsage (ID_USER,ID_INTERFACE,ID_CONCEPT,ID_QOSREPORT) values (9,0,6,78);
insert into Instance(ID_INSTANCE) values (78);
insert into QoSParameterinstance(ID_CONCEPT,ID_INSTANCE) values (6,78);
insert into QoSConformance (ID_QOSCONFORMANCE,VL_MEANVALUE,VL_STANDARDDEVIATION,ID_INSTANCE) values(78,0.8245278298779624,0.0,78);
insert into HasReportedValue(ID_QOSREPORT,ID_QOSCONFORMANCE,VL_ESTIMATEDCREDIBILITY,VL_REALCREDIBILITY) values (78,78,0,2);
insert into QoSReport (ID_QOSREPORT,DT_TIMESTART,DT_TIMEEND) values (79,timestamp '2006-05-01 00:00:00.0',timestamp '2006-05-01 00:00:00.0');
insert into ServiceUsage(ID_USER,ID_INTERFACE) values(23,1);
insert into ReportServiceUsage (ID_USER,ID_INTERFACE,ID_CONCEPT,ID_QOSREPORT) values (23,1,8,79);
insert into Instance(ID_INSTANCE) values (79);
insert into QoSParameterinstance(ID_CONCEPT,ID_INSTANCE) values (8,79);
insert into QoSConformance (ID_QOSCONFORMANCE,VL_MEANVALUE,VL_STANDARDDEVIATION,ID_INSTANCE) values(79,0.3412463496078624,0.0,79);
insert into HasReportedValue(ID_QOSREPORT,ID_QOSCONFORMANCE,VL_ESTIMATEDCREDIBILITY,VL_REALCREDIBILITY) values (79,79,0,2);
insert into QoSReport (ID_QOSREPORT,DT_TIMESTART,DT_TIMEEND) values (80,timestamp '2006-05-01 00:00:00.0',timestamp '2006-05-01 00:00:00.0');
insert into ServiceUsage(ID_USER,ID_INTERFACE) values(22,3);
insert into ReportServiceUsage (ID_USER,ID_INTERFACE,ID_CONCEPT,ID_QOSREPORT) values (22,3,7,80);
insert into Instance(ID_INSTANCE) values (80);
insert into QoSParameterinstance(ID_CONCEPT,ID_INSTANCE) values (7,80);
insert into QoSConformance (ID_QOSCONFORMANCE,VL_MEANVALUE,VL_STANDARDDEVIATION,ID_INSTANCE) values(80,0.2136314743421631,0.0,80);
insert into HasReportedValue(ID_QOSREPORT,ID_QOSCONFORMANCE,VL_ESTIMATEDCREDIBILITY,VL_REALCREDIBILITY) values (80,80,0,2);
insert into QoSReport (ID_QOSREPORT,DT_TIMESTART,DT_TIMEEND) values (81,timestamp '2006-05-01 03:00:00.0',timestamp '2006-05-01 03:00:00.0');
insert into ServiceUsage(ID_USER,ID_INTERFACE) values(6,2);
insert into ReportServiceUsage (ID_USER,ID_INTERFACE,ID_CONCEPT,ID_QOSREPORT) values (6,2,7,81);
insert into Instance(ID_INSTANCE) values (81);
insert into QoSParameterinstance(ID_CONCEPT,ID_INSTANCE) values (7,81);
insert into QoSConformance (ID_QOSCONFORMANCE,VL_MEANVALUE,VL_STANDARDDEVIATION,ID_INSTANCE) values(81,0.6651893291974925,0.0,81);
insert into HasReportedValue(ID_QOSREPORT,ID_QOSCONFORMANCE,VL_ESTIMATEDCREDIBILITY,VL_REALCREDIBILITY) values (81,81,0,2);
insert into QoSReport (ID_QOSREPORT,DT_TIMESTART,DT_TIMEEND) values (82,timestamp '2006-05-01 04:00:00.0',timestamp '2006-05-01 04:00:00.0');
insert into ReportServiceUsage (ID_USER,ID_INTERFACE,ID_CONCEPT,ID_QOSREPORT) values (1,2,1,82);
insert into Instance(ID_INSTANCE) values (82);
insert into QoSParameterinstance(ID_CONCEPT,ID_INSTANCE) values (1,82);
insert into QoSConformance (ID_QOSCONFORMANCE,VL_MEANVALUE,VL_STANDARDDEVIATION,ID_INSTANCE) values(82,0.1377909803233679,0.0,82);
insert into HasReportedValue(ID_QOSREPORT,ID_QOSCONFORMANCE,VL_ESTIMATEDCREDIBILITY,VL_REALCREDIBILITY) values (82,82,0,2);
insert into QoSReport (ID_QOSREPORT,DT_TIMESTART,DT_TIMEEND) values (83,timestamp '2006-05-01 02:00:00.0',timestamp '2006-05-01 02:00:00.0');
insert into ServiceUsage(ID_USER,ID_INTERFACE) values(6,3);
insert into ReportServiceUsage (ID_USER,ID_INTERFACE,ID_CONCEPT,ID_QOSREPORT) values (6,3,1,83);
insert into Instance(ID_INSTANCE) values (83);
insert into QoSParameterinstance(ID_CONCEPT,ID_INSTANCE) values (1,83);
insert into QoSConformance (ID_QOSCONFORMANCE,VL_MEANVALUE,VL_STANDARDDEVIATION,ID_INSTANCE) values(83,0.8380844152878115,0.0,83);
insert into HasReportedValue(ID_QOSREPORT,ID_QOSCONFORMANCE,VL_ESTIMATEDCREDIBILITY,VL_REALCREDIBILITY) values (83,83,0,2);
insert into QoSReport (ID_QOSREPORT,DT_TIMESTART,DT_TIMEEND) values (84,timestamp '2006-05-01 00:00:00.0',timestamp '2006-05-01 00:00:00.0');
insert into ServiceUsage(ID_USER,ID_INTERFACE) values(18,3);
insert into ReportServiceUsage (ID_USER,ID_INTERFACE,ID_CONCEPT,ID_QOSREPORT) values (18,3,5,84);
insert into Instance(ID_INSTANCE) values (84);
insert into QoSParameterinstance(ID_CONCEPT,ID_INSTANCE) values (5,84);
insert into QoSConformance (ID_QOSCONFORMANCE,VL_MEANVALUE,VL_STANDARDDEVIATION,ID_INSTANCE) values(84,0.3744471066253537,0.0,84);
insert into HasReportedValue(ID_QOSREPORT,ID_QOSCONFORMANCE,VL_ESTIMATEDCREDIBILITY,VL_REALCREDIBILITY) values (84,84,0,2);
insert into QoSReport (ID_QOSREPORT,DT_TIMESTART,DT_TIMEEND) values (85,timestamp '2006-05-01 03:00:00.0',timestamp '2006-05-01 03:00:00.0');
insert into ServiceUsage(ID_USER,ID_INTERFACE) values(3,1);
insert into ReportServiceUsage (ID_USER,ID_INTERFACE,ID_CONCEPT,ID_QOSREPORT) values (3,1,8,85);
insert into Instance(ID_INSTANCE) values (85);
insert into QoSParameterinstance(ID_CONCEPT,ID_INSTANCE) values (8,85);
insert into QoSConformance (ID_QOSCONFORMANCE,VL_MEANVALUE,VL_STANDARDDEVIATION,ID_INSTANCE) values(85,0.8425977169782434,0.0,85);
insert into HasReportedValue(ID_QOSREPORT,ID_QOSCONFORMANCE,VL_ESTIMATEDCREDIBILITY,VL_REALCREDIBILITY) values (85,85,0,2);
insert into QoSReport (ID_QOSREPORT,DT_TIMESTART,DT_TIMEEND) values (86,timestamp '2006-05-01 04:00:00.0',timestamp '2006-05-01 04:00:00.0');
insert into ServiceUsage(ID_USER,ID_INTERFACE) values(16,2);
insert into ReportServiceUsage (ID_USER,ID_INTERFACE,ID_CONCEPT,ID_QOSREPORT) values (16,2,4,86);
insert into Instance(ID_INSTANCE) values (86);
insert into QoSParameterinstance(ID_CONCEPT,ID_INSTANCE) values (4,86);
insert into QoSConformance (ID_QOSCONFORMANCE,VL_MEANVALUE,VL_STANDARDDEVIATION,ID_INSTANCE) values(86,0.5171653632932146,0.0,86);
insert into HasReportedValue(ID_QOSREPORT,ID_QOSCONFORMANCE,VL_ESTIMATEDCREDIBILITY,VL_REALCREDIBILITY) values (86,86,0,2);
insert into QoSReport (ID_QOSREPORT,DT_TIMESTART,DT_TIMEEND) values (87,timestamp '2006-05-01 00:00:00.0',timestamp '2006-05-01 00:00:00.0');
insert into ReportServiceUsage (ID_USER,ID_INTERFACE,ID_CONCEPT,ID_QOSREPORT) values (16,2,6,87);
insert into Instance(ID_INSTANCE) values (87);
insert into QoSParameterinstance(ID_CONCEPT,ID_INSTANCE) values (6,87);
insert into QoSConformance (ID_QOSCONFORMANCE,VL_MEANVALUE,VL_STANDARDDEVIATION,ID_INSTANCE) values(87,0.888720133385094,0.0,87);
insert into HasReportedValue(ID_QOSREPORT,ID_QOSCONFORMANCE,VL_ESTIMATEDCREDIBILITY,VL_REALCREDIBILITY) values (87,87,0,2);
insert into QoSReport (ID_QOSREPORT,DT_TIMESTART,DT_TIMEEND) values (88,timestamp '2006-05-01 01:00:00.0',timestamp '2006-05-01 01:00:00.0');
insert into ServiceUsage(ID_USER,ID_INTERFACE) values(7,2);
insert into ReportServiceUsage (ID_USER,ID_INTERFACE,ID_CONCEPT,ID_QOSREPORT) values (7,2,6,88);
insert into Instance(ID_INSTANCE) values (88);
insert into QoSParameterinstance(ID_CONCEPT,ID_INSTANCE) values (6,88);
insert into QoSConformance (ID_QOSCONFORMANCE,VL_MEANVALUE,VL_STANDARDDEVIATION,ID_INSTANCE) values(88,0.27184743149811,0.0,88);
insert into HasReportedValue(ID_QOSREPORT,ID_QOSCONFORMANCE,VL_ESTIMATEDCREDIBILITY,VL_REALCREDIBILITY) values (88,88,0,2);
insert into QoSReport (ID_QOSREPORT,DT_TIMESTART,DT_TIMEEND) values (89,timestamp '2006-05-01 01:00:00.0',timestamp '2006-05-01 01:00:00.0');
insert into ReportServiceUsage (ID_USER,ID_INTERFACE,ID_CONCEPT,ID_QOSREPORT) values (15,0,5,89);
insert into Instance(ID_INSTANCE) values (89);
insert into QoSParameterinstance(ID_CONCEPT,ID_INSTANCE) values (5,89);
insert into QoSConformance (ID_QOSCONFORMANCE,VL_MEANVALUE,VL_STANDARDDEVIATION,ID_INSTANCE) values(89,0.3582324950111111,0.0,89);
insert into HasReportedValue(ID_QOSREPORT,ID_QOSCONFORMANCE,VL_ESTIMATEDCREDIBILITY,VL_REALCREDIBILITY) values (89,89,0,2);
insert into QoSReport (ID_QOSREPORT,DT_TIMESTART,DT_TIMEEND) values (90,timestamp '2006-05-01 03:00:00.0',timestamp '2006-05-01 03:00:00.0');
insert into ServiceUsage(ID_USER,ID_INTERFACE) values(5,0);
insert into ReportServiceUsage (ID_USER,ID_INTERFACE,ID_CONCEPT,ID_QOSREPORT) values (5,0,9,90);
insert into Instance(ID_INSTANCE) values (90);
insert into QoSParameterinstance(ID_CONCEPT,ID_INSTANCE) values (9,90);
insert into QoSConformance (ID_QOSCONFORMANCE,VL_MEANVALUE,VL_STANDARDDEVIATION,ID_INSTANCE) values(90,0.523442963446972,0.0,90);
insert into HasReportedValue(ID_QOSREPORT,ID_QOSCONFORMANCE,VL_ESTIMATEDCREDIBILITY,VL_REALCREDIBILITY) values (90,90,0,2);
insert into QoSReport (ID_QOSREPORT,DT_TIMESTART,DT_TIMEEND) values (91,timestamp '2006-05-01 04:00:00.0',timestamp '2006-05-01 04:00:00.0');
insert into ReportServiceUsage (ID_USER,ID_INTERFACE,ID_CONCEPT,ID_QOSREPORT) values (17,2,5,91);
insert into Instance(ID_INSTANCE) values (91);
insert into QoSParameterinstance(ID_CONCEPT,ID_INSTANCE) values (5,91);
insert into QoSConformance (ID_QOSCONFORMANCE,VL_MEANVALUE,VL_STANDARDDEVIATION,ID_INSTANCE) values(91,0.2705297206205137,0.0,91);
insert into HasReportedValue(ID_QOSREPORT,ID_QOSCONFORMANCE,VL_ESTIMATEDCREDIBILITY,VL_REALCREDIBILITY) values (91,91,0,2);
insert into QoSReport (ID_QOSREPORT,DT_TIMESTART,DT_TIMEEND) values (92,timestamp '2006-05-01 00:00:00.0',timestamp '2006-05-01 00:00:00.0');
insert into ServiceUsage(ID_USER,ID_INTERFACE) values(22,0);
insert into ReportServiceUsage (ID_USER,ID_INTERFACE,ID_CONCEPT,ID_QOSREPORT) values (22,0,1,92);
insert into Instance(ID_INSTANCE) values (92);
insert into QoSParameterinstance(ID_CONCEPT,ID_INSTANCE) values (1,92);
insert into QoSConformance (ID_QOSCONFORMANCE,VL_MEANVALUE,VL_STANDARDDEVIATION,ID_INSTANCE) values(92,0.5963064125949231,0.0,92);
insert into HasReportedValue(ID_QOSREPORT,ID_QOSCONFORMANCE,VL_ESTIMATEDCREDIBILITY,VL_REALCREDIBILITY) values (92,92,0,2);
insert into QoSReport (ID_QOSREPORT,DT_TIMESTART,DT_TIMEEND) values (93,timestamp '2006-05-01 04:00:00.0',timestamp '2006-05-01 04:00:00.0');
insert into ServiceUsage(ID_USER,ID_INTERFACE) values(24,3);
insert into ReportServiceUsage (ID_USER,ID_INTERFACE,ID_CONCEPT,ID_QOSREPORT) values (24,3,5,93);
insert into Instance(ID_INSTANCE) values (93);
insert into QoSParameterinstance(ID_CONCEPT,ID_INSTANCE) values (5,93);
insert into QoSConformance (ID_QOSCONFORMANCE,VL_MEANVALUE,VL_STANDARDDEVIATION,ID_INSTANCE) values(93,0.6010384754996226,0.0,93);
insert into HasReportedValue(ID_QOSREPORT,ID_QOSCONFORMANCE,VL_ESTIMATEDCREDIBILITY,VL_REALCREDIBILITY) values (93,93,0,2);
insert into QoSReport (ID_QOSREPORT,DT_TIMESTART,DT_TIMEEND) values (94,timestamp '2006-05-01 01:00:00.0',timestamp '2006-05-01 01:00:00.0');
insert into ServiceUsage(ID_USER,ID_INTERFACE) values(13,1);
insert into ReportServiceUsage (ID_USER,ID_INTERFACE,ID_CONCEPT,ID_QOSREPORT) values (13,1,1,94);
insert into Instance(ID_INSTANCE) values (94);
insert into QoSParameterinstance(ID_CONCEPT,ID_INSTANCE) values (1,94);
insert into QoSConformance (ID_QOSCONFORMANCE,VL_MEANVALUE,VL_STANDARDDEVIATION,ID_INSTANCE) values(94,0.36923369071341094,0.0,94);
insert into HasReportedValue(ID_QOSREPORT,ID_QOSCONFORMANCE,VL_ESTIMATEDCREDIBILITY,VL_REALCREDIBILITY) values (94,94,0,2);
insert into QoSReport (ID_QOSREPORT,DT_TIMESTART,DT_TIMEEND) values (95,timestamp '2006-05-01 01:00:00.0',timestamp '2006-05-01 01:00:00.0');
insert into ReportServiceUsage (ID_USER,ID_INTERFACE,ID_CONCEPT,ID_QOSREPORT) values (2,2,9,95);
insert into Instance(ID_INSTANCE) values (95);
insert into QoSParameterinstance(ID_CONCEPT,ID_INSTANCE) values (9,95);
insert into QoSConformance (ID_QOSCONFORMANCE,VL_MEANVALUE,VL_STANDARDDEVIATION,ID_INSTANCE) values(95,0.9037848524117389,0.0,95);
insert into HasReportedValue(ID_QOSREPORT,ID_QOSCONFORMANCE,VL_ESTIMATEDCREDIBILITY,VL_REALCREDIBILITY) values (95,95,0,2);
insert into QoSReport (ID_QOSREPORT,DT_TIMESTART,DT_TIMEEND) values (96,timestamp '2006-05-01 02:00:00.0',timestamp '2006-05-01 02:00:00.0');
insert into ServiceUsage(ID_USER,ID_INTERFACE) values(15,3);
insert into ReportServiceUsage (ID_USER,ID_INTERFACE,ID_CONCEPT,ID_QOSREPORT) values (15,3,0,96);
insert into Instance(ID_INSTANCE) values (96);
insert into QoSParameterinstance(ID_CONCEPT,ID_INSTANCE) values (0,96);
insert into QoSConformance (ID_QOSCONFORMANCE,VL_MEANVALUE,VL_STANDARDDEVIATION,ID_INSTANCE) values(96,0.7040224945329809,0.0,96);
insert into HasReportedValue(ID_QOSREPORT,ID_QOSCONFORMANCE,VL_ESTIMATEDCREDIBILITY,VL_REALCREDIBILITY) values (96,96,0,2);
insert into QoSReport (ID_QOSREPORT,DT_TIMESTART,DT_TIMEEND) values (97,timestamp '2006-05-01 04:00:00.0',timestamp '2006-05-01 04:00:00.0');
insert into ServiceUsage(ID_USER,ID_INTERFACE) values(3,3);
insert into ReportServiceUsage (ID_USER,ID_INTERFACE,ID_CONCEPT,ID_QOSREPORT) values (3,3,6,97);
insert into Instance(ID_INSTANCE) values (97);
insert into QoSParameterinstance(ID_CONCEPT,ID_INSTANCE) values (6,97);
insert into QoSConformance (ID_QOSCONFORMANCE,VL_MEANVALUE,VL_STANDARDDEVIATION,ID_INSTANCE) values(97,0.4682358550010188,0.0,97);
insert into HasReportedValue(ID_QOSREPORT,ID_QOSCONFORMANCE,VL_ESTIMATEDCREDIBILITY,VL_REALCREDIBILITY) values (97,97,0,2);
insert into QoSReport (ID_QOSREPORT,DT_TIMESTART,DT_TIMEEND) values (98,timestamp '2006-05-01 00:00:00.0',timestamp '2006-05-01 00:00:00.0');
insert into ReportServiceUsage (ID_USER,ID_INTERFACE,ID_CONCEPT,ID_QOSREPORT) values (18,0,8,98);
insert into Instance(ID_INSTANCE) values (98);
insert into QoSParameterinstance(ID_CONCEPT,ID_INSTANCE) values (8,98);
insert into QoSConformance (ID_QOSCONFORMANCE,VL_MEANVALUE,VL_STANDARDDEVIATION,ID_INSTANCE) values(98,0.5128513349760678,0.0,98);
insert into HasReportedValue(ID_QOSREPORT,ID_QOSCONFORMANCE,VL_ESTIMATEDCREDIBILITY,VL_REALCREDIBILITY) values (98,98,0,2);
insert into QoSReport (ID_QOSREPORT,DT_TIMESTART,DT_TIMEEND) values (99,timestamp '2006-05-01 01:00:00.0',timestamp '2006-05-01 01:00:00.0');
insert into ServiceUsage(ID_USER,ID_INTERFACE) values(13,2);
insert into ReportServiceUsage (ID_USER,ID_INTERFACE,ID_CONCEPT,ID_QOSREPORT) values (13,2,0,99);
insert into Instance(ID_INSTANCE) values (99);
insert into QoSParameterinstance(ID_CONCEPT,ID_INSTANCE) values (0,99);
insert into QoSConformance (ID_QOSCONFORMANCE,VL_MEANVALUE,VL_STANDARDDEVIATION,ID_INSTANCE) values(99,0.6325952741745564,0.0,99);
insert into HasReportedValue(ID_QOSREPORT,ID_QOSCONFORMANCE,VL_ESTIMATEDCREDIBILITY,VL_REALCREDIBILITY) values (99,99,0,2);
insert into QoSReport (ID_QOSREPORT,DT_TIMESTART,DT_TIMEEND) values (100,timestamp '2006-05-01 04:00:00.0',timestamp '2006-05-01 04:00:00.0');
insert into ReportServiceUsage (ID_USER,ID_INTERFACE,ID_CONCEPT,ID_QOSREPORT) values (24,2,6,100);
insert into Instance(ID_INSTANCE) values (100);
insert into QoSParameterinstance(ID_CONCEPT,ID_INSTANCE) values (6,100);
insert into QoSConformance (ID_QOSCONFORMANCE,VL_MEANVALUE,VL_STANDARDDEVIATION,ID_INSTANCE) values(100,0.842575122771735,0.0,100);
insert into HasReportedValue(ID_QOSREPORT,ID_QOSCONFORMANCE,VL_ESTIMATEDCREDIBILITY,VL_REALCREDIBILITY) values (100,100,0,2);
insert into QoSReport (ID_QOSREPORT,DT_TIMESTART,DT_TIMEEND) values (101,timestamp '2006-05-01 03:00:00.0',timestamp '2006-05-01 03:00:00.0');
insert into ReportServiceUsage (ID_USER,ID_INTERFACE,ID_CONCEPT,ID_QOSREPORT) values (24,1,1,101);
insert into Instance(ID_INSTANCE) values (101);
insert into QoSParameterinstance(ID_CONCEPT,ID_INSTANCE) values (1,101);
insert into QoSConformance (ID_QOSCONFORMANCE,VL_MEANVALUE,VL_STANDARDDEVIATION,ID_INSTANCE) values(101,0.3744940273583415,0.0,101);
insert into HasReportedValue(ID_QOSREPORT,ID_QOSCONFORMANCE,VL_ESTIMATEDCREDIBILITY,VL_REALCREDIBILITY) values (101,101,0,2);
insert into QoSReport (ID_QOSREPORT,DT_TIMESTART,DT_TIMEEND) values (102,timestamp '2006-05-01 04:00:00.0',timestamp '2006-05-01 04:00:00.0');
insert into ReportServiceUsage (ID_USER,ID_INTERFACE,ID_CONCEPT,ID_QOSREPORT) values (13,2,8,102);
insert into Instance(ID_INSTANCE) values (102);
insert into QoSParameterinstance(ID_CONCEPT,ID_INSTANCE) values (8,102);
insert into QoSConformance (ID_QOSCONFORMANCE,VL_MEANVALUE,VL_STANDARDDEVIATION,ID_INSTANCE) values(102,0.866464559891103,0.0,102);
insert into HasReportedValue(ID_QOSREPORT,ID_QOSCONFORMANCE,VL_ESTIMATEDCREDIBILITY,VL_REALCREDIBILITY) values (102,102,0,2);
insert into QoSReport (ID_QOSREPORT,DT_TIMESTART,DT_TIMEEND) values (103,timestamp '2006-05-01 01:00:00.0',timestamp '2006-05-01 01:00:00.0');
insert into ServiceUsage(ID_USER,ID_INTERFACE) values(19,3);
insert into ReportServiceUsage (ID_USER,ID_INTERFACE,ID_CONCEPT,ID_QOSREPORT) values (19,3,0,103);
insert into Instance(ID_INSTANCE) values (103);
insert into QoSParameterinstance(ID_CONCEPT,ID_INSTANCE) values (0,103);
insert into QoSConformance (ID_QOSCONFORMANCE,VL_MEANVALUE,VL_STANDARDDEVIATION,ID_INSTANCE) values(103,0.1286223966848918,0.0,103);
insert into HasReportedValue(ID_QOSREPORT,ID_QOSCONFORMANCE,VL_ESTIMATEDCREDIBILITY,VL_REALCREDIBILITY) values (103,103,0,2);
insert into QoSReport (ID_QOSREPORT,DT_TIMESTART,DT_TIMEEND) values (104,timestamp '2006-05-01 00:00:00.0',timestamp '2006-05-01 00:00:00.0');
insert into ReportServiceUsage (ID_USER,ID_INTERFACE,ID_CONCEPT,ID_QOSREPORT) values (22,1,9,104);
insert into Instance(ID_INSTANCE) values (104);
insert into QoSParameterinstance(ID_CONCEPT,ID_INSTANCE) values (9,104);
insert into QoSConformance (ID_QOSCONFORMANCE,VL_MEANVALUE,VL_STANDARDDEVIATION,ID_INSTANCE) values(104,0.25870720974301226,0.0,104);
insert into HasReportedValue(ID_QOSREPORT,ID_QOSCONFORMANCE,VL_ESTIMATEDCREDIBILITY,VL_REALCREDIBILITY) values (104,104,0,2);
insert into QoSReport (ID_QOSREPORT,DT_TIMESTART,DT_TIMEEND) values (105,timestamp '2006-05-01 04:00:00.0',timestamp '2006-05-01 04:00:00.0');
insert into ReportServiceUsage (ID_USER,ID_INTERFACE,ID_CONCEPT,ID_QOSREPORT) values (3,3,1,105);
insert into Instance(ID_INSTANCE) values (105);
insert into QoSParameterinstance(ID_CONCEPT,ID_INSTANCE) values (1,105);
insert into QoSConformance (ID_QOSCONFORMANCE,VL_MEANVALUE,VL_STANDARDDEVIATION,ID_INSTANCE) values(105,0.05346786295614647,0.0,105);
insert into HasReportedValue(ID_QOSREPORT,ID_QOSCONFORMANCE,VL_ESTIMATEDCREDIBILITY,VL_REALCREDIBILITY) values (105,105,0,2);
insert into QoSReport (ID_QOSREPORT,DT_TIMESTART,DT_TIMEEND) values (106,timestamp '2006-05-01 01:00:00.0',timestamp '2006-05-01 01:00:00.0');
insert into ReportServiceUsage (ID_USER,ID_INTERFACE,ID_CONCEPT,ID_QOSREPORT) values (5,1,6,106);
insert into Instance(ID_INSTANCE) values (106);
insert into QoSParameterinstance(ID_CONCEPT,ID_INSTANCE) values (6,106);
insert into QoSConformance (ID_QOSCONFORMANCE,VL_MEANVALUE,VL_STANDARDDEVIATION,ID_INSTANCE) values(106,0.6153639219617967,0.0,106);
insert into HasReportedValue(ID_QOSREPORT,ID_QOSCONFORMANCE,VL_ESTIMATEDCREDIBILITY,VL_REALCREDIBILITY) values (106,106,0,2);
insert into QoSReport (ID_QOSREPORT,DT_TIMESTART,DT_TIMEEND) values (107,timestamp '2006-05-01 02:00:00.0',timestamp '2006-05-01 02:00:00.0');
insert into ServiceUsage(ID_USER,ID_INTERFACE) values(8,2);
insert into ReportServiceUsage (ID_USER,ID_INTERFACE,ID_CONCEPT,ID_QOSREPORT) values (8,2,4,107);
insert into Instance(ID_INSTANCE) values (107);
insert into QoSParameterinstance(ID_CONCEPT,ID_INSTANCE) values (4,107);
insert into QoSConformance (ID_QOSCONFORMANCE,VL_MEANVALUE,VL_STANDARDDEVIATION,ID_INSTANCE) values(107,0.681903611299299,0.0,107);
insert into HasReportedValue(ID_QOSREPORT,ID_QOSCONFORMANCE,VL_ESTIMATEDCREDIBILITY,VL_REALCREDIBILITY) values (107,107,0,2);
insert into QoSReport (ID_QOSREPORT,DT_TIMESTART,DT_TIMEEND) values (108,timestamp '2006-05-01 01:00:00.0',timestamp '2006-05-01 01:00:00.0');
insert into ServiceUsage(ID_USER,ID_INTERFACE) values(14,3);
insert into ReportServiceUsage (ID_USER,ID_INTERFACE,ID_CONCEPT,ID_QOSREPORT) values (14,3,3,108);
insert into Instance(ID_INSTANCE) values (108);
insert into QoSParameterinstance(ID_CONCEPT,ID_INSTANCE) values (3,108);
insert into QoSConformance (ID_QOSCONFORMANCE,VL_MEANVALUE,VL_STANDARDDEVIATION,ID_INSTANCE) values(108,0.8405154204419055,0.0,108);
insert into HasReportedValue(ID_QOSREPORT,ID_QOSCONFORMANCE,VL_ESTIMATEDCREDIBILITY,VL_REALCREDIBILITY) values (108,108,0,2);
insert into QoSReport (ID_QOSREPORT,DT_TIMESTART,DT_TIMEEND) values (109,timestamp '2006-05-01 01:00:00.0',timestamp '2006-05-01 01:00:00.0');
insert into ReportServiceUsage (ID_USER,ID_INTERFACE,ID_CONCEPT,ID_QOSREPORT) values (15,2,3,109);
insert into Instance(ID_INSTANCE) values (109);
insert into QoSParameterinstance(ID_CONCEPT,ID_INSTANCE) values (3,109);
insert into QoSConformance (ID_QOSCONFORMANCE,VL_MEANVALUE,VL_STANDARDDEVIATION,ID_INSTANCE) values(109,0.24915306249810693,0.0,109);
insert into HasReportedValue(ID_QOSREPORT,ID_QOSCONFORMANCE,VL_ESTIMATEDCREDIBILITY,VL_REALCREDIBILITY) values (109,109,0,2);
insert into QoSReport (ID_QOSREPORT,DT_TIMESTART,DT_TIMEEND) values (110,timestamp '2006-05-01 02:00:00.0',timestamp '2006-05-01 02:00:00.0');
insert into ReportServiceUsage (ID_USER,ID_INTERFACE,ID_CONCEPT,ID_QOSREPORT) values (13,3,5,110);
insert into Instance(ID_INSTANCE) values (110);
insert into QoSParameterinstance(ID_CONCEPT,ID_INSTANCE) values (5,110);
insert into QoSConformance (ID_QOSCONFORMANCE,VL_MEANVALUE,VL_STANDARDDEVIATION,ID_INSTANCE) values(110,0.28857790178847464,0.0,110);
insert into HasReportedValue(ID_QOSREPORT,ID_QOSCONFORMANCE,VL_ESTIMATEDCREDIBILITY,VL_REALCREDIBILITY) values (110,110,0,2);
insert into QoSReport (ID_QOSREPORT,DT_TIMESTART,DT_TIMEEND) values (111,timestamp '2006-05-01 04:00:00.0',timestamp '2006-05-01 04:00:00.0');
insert into ReportServiceUsage (ID_USER,ID_INTERFACE,ID_CONCEPT,ID_QOSREPORT) values (11,3,7,111);
insert into Instance(ID_INSTANCE) values (111);
insert into QoSParameterinstance(ID_CONCEPT,ID_INSTANCE) values (7,111);
insert into QoSConformance (ID_QOSCONFORMANCE,VL_MEANVALUE,VL_STANDARDDEVIATION,ID_INSTANCE) values(111,0.5874550504889113,0.0,111);
insert into HasReportedValue(ID_QOSREPORT,ID_QOSCONFORMANCE,VL_ESTIMATEDCREDIBILITY,VL_REALCREDIBILITY) values (111,111,0,2);
insert into QoSReport (ID_QOSREPORT,DT_TIMESTART,DT_TIMEEND) values (112,timestamp '2006-05-01 00:00:00.0',timestamp '2006-05-01 00:00:00.0');
insert into ReportServiceUsage (ID_USER,ID_INTERFACE,ID_CONCEPT,ID_QOSREPORT) values (2,0,4,112);
insert into Instance(ID_INSTANCE) values (112);
insert into QoSParameterinstance(ID_CONCEPT,ID_INSTANCE) values (4,112);
insert into QoSConformance (ID_QOSCONFORMANCE,VL_MEANVALUE,VL_STANDARDDEVIATION,ID_INSTANCE) values(112,0.48424709473697813,0.0,112);
insert into HasReportedValue(ID_QOSREPORT,ID_QOSCONFORMANCE,VL_ESTIMATEDCREDIBILITY,VL_REALCREDIBILITY) values (112,112,0,2);
insert into QoSReport (ID_QOSREPORT,DT_TIMESTART,DT_TIMEEND) values (113,timestamp '2006-05-01 03:00:00.0',timestamp '2006-05-01 03:00:00.0');
insert into ReportServiceUsage (ID_USER,ID_INTERFACE,ID_CONCEPT,ID_QOSREPORT) values (17,2,7,113);
insert into Instance(ID_INSTANCE) values (113);
insert into QoSParameterinstance(ID_CONCEPT,ID_INSTANCE) values (7,113);
insert into QoSConformance (ID_QOSCONFORMANCE,VL_MEANVALUE,VL_STANDARDDEVIATION,ID_INSTANCE) values(113,0.48563203249103765,0.0,113);
insert into HasReportedValue(ID_QOSREPORT,ID_QOSCONFORMANCE,VL_ESTIMATEDCREDIBILITY,VL_REALCREDIBILITY) values (113,113,0,2);
insert into QoSReport (ID_QOSREPORT,DT_TIMESTART,DT_TIMEEND) values (114,timestamp '2006-05-01 01:00:00.0',timestamp '2006-05-01 01:00:00.0');
insert into ReportServiceUsage (ID_USER,ID_INTERFACE,ID_CONCEPT,ID_QOSREPORT) values (20,3,6,114);
insert into Instance(ID_INSTANCE) values (114);
insert into QoSParameterinstance(ID_CONCEPT,ID_INSTANCE) values (6,114);
insert into QoSConformance (ID_QOSCONFORMANCE,VL_MEANVALUE,VL_STANDARDDEVIATION,ID_INSTANCE) values(114,0.6908778873190493,0.0,114);
insert into HasReportedValue(ID_QOSREPORT,ID_QOSCONFORMANCE,VL_ESTIMATEDCREDIBILITY,VL_REALCREDIBILITY) values (114,114,0,2);
insert into QoSReport (ID_QOSREPORT,DT_TIMESTART,DT_TIMEEND) values (115,timestamp '2006-05-01 00:00:00.0',timestamp '2006-05-01 00:00:00.0');
insert into ReportServiceUsage (ID_USER,ID_INTERFACE,ID_CONCEPT,ID_QOSREPORT) values (18,0,6,115);
insert into Instance(ID_INSTANCE) values (115);
insert into QoSParameterinstance(ID_CONCEPT,ID_INSTANCE) values (6,115);
insert into QoSConformance (ID_QOSCONFORMANCE,VL_MEANVALUE,VL_STANDARDDEVIATION,ID_INSTANCE) values(115,0.22781307209265492,0.0,115);
insert into HasReportedValue(ID_QOSREPORT,ID_QOSCONFORMANCE,VL_ESTIMATEDCREDIBILITY,VL_REALCREDIBILITY) values (115,115,0,2);
insert into QoSReport (ID_QOSREPORT,DT_TIMESTART,DT_TIMEEND) values (116,timestamp '2006-05-01 04:00:00.0',timestamp '2006-05-01 04:00:00.0');
insert into ReportServiceUsage (ID_USER,ID_INTERFACE,ID_CONCEPT,ID_QOSREPORT) values (7,1,0,116);
insert into Instance(ID_INSTANCE) values (116);
insert into QoSParameterinstance(ID_CONCEPT,ID_INSTANCE) values (0,116);
insert into QoSConformance (ID_QOSCONFORMANCE,VL_MEANVALUE,VL_STANDARDDEVIATION,ID_INSTANCE) values(116,0.5698789706003948,0.0,116);
insert into HasReportedValue(ID_QOSREPORT,ID_QOSCONFORMANCE,VL_ESTIMATEDCREDIBILITY,VL_REALCREDIBILITY) values (116,116,0,2);
insert into QoSReport (ID_QOSREPORT,DT_TIMESTART,DT_TIMEEND) values (117,timestamp '2006-05-01 01:00:00.0',timestamp '2006-05-01 01:00:00.0');
insert into ReportServiceUsage (ID_USER,ID_INTERFACE,ID_CONCEPT,ID_QOSREPORT) values (19,3,2,117);
insert into Instance(ID_INSTANCE) values (117);
insert into QoSParameterinstance(ID_CONCEPT,ID_INSTANCE) values (2,117);
insert into QoSConformance (ID_QOSCONFORMANCE,VL_MEANVALUE,VL_STANDARDDEVIATION,ID_INSTANCE) values(117,0.6909292435175143,0.0,117);
insert into HasReportedValue(ID_QOSREPORT,ID_QOSCONFORMANCE,VL_ESTIMATEDCREDIBILITY,VL_REALCREDIBILITY) values (117,117,0,2);
insert into QoSReport (ID_QOSREPORT,DT_TIMESTART,DT_TIMEEND) values (118,timestamp '2006-05-01 00:00:00.0',timestamp '2006-05-01 00:00:00.0');
insert into ServiceUsage(ID_USER,ID_INTERFACE) values(16,3);
insert into ReportServiceUsage (ID_USER,ID_INTERFACE,ID_CONCEPT,ID_QOSREPORT) values (16,3,9,118);
insert into Instance(ID_INSTANCE) values (118);
insert into QoSParameterinstance(ID_CONCEPT,ID_INSTANCE) values (9,118);
insert into QoSConformance (ID_QOSCONFORMANCE,VL_MEANVALUE,VL_STANDARDDEVIATION,ID_INSTANCE) values(118,0.36347130402476757,0.0,118);
insert into HasReportedValue(ID_QOSREPORT,ID_QOSCONFORMANCE,VL_ESTIMATEDCREDIBILITY,VL_REALCREDIBILITY) values (118,118,0,2);
insert into QoSReport (ID_QOSREPORT,DT_TIMESTART,DT_TIMEEND) values (119,timestamp '2006-05-01 04:00:00.0',timestamp '2006-05-01 04:00:00.0');
insert into ServiceUsage(ID_USER,ID_INTERFACE) values(6,1);
insert into ReportServiceUsage (ID_USER,ID_INTERFACE,ID_CONCEPT,ID_QOSREPORT) values (6,1,0,119);
insert into Instance(ID_INSTANCE) values (119);
insert into QoSParameterinstance(ID_CONCEPT,ID_INSTANCE) values (0,119);
insert into QoSConformance (ID_QOSCONFORMANCE,VL_MEANVALUE,VL_STANDARDDEVIATION,ID_INSTANCE) values(119,1.0202382553706846,0.0,119);
insert into HasReportedValue(ID_QOSREPORT,ID_QOSCONFORMANCE,VL_ESTIMATEDCREDIBILITY,VL_REALCREDIBILITY) values (119,119,0,2);
insert into QoSReport (ID_QOSREPORT,DT_TIMESTART,DT_TIMEEND) values (120,timestamp '2006-05-01 01:00:00.0',timestamp '2006-05-01 01:00:00.0');
insert into ReportServiceUsage (ID_USER,ID_INTERFACE,ID_CONCEPT,ID_QOSREPORT) values (24,0,6,120);
insert into Instance(ID_INSTANCE) values (120);
insert into QoSParameterinstance(ID_CONCEPT,ID_INSTANCE) values (6,120);
insert into QoSConformance (ID_QOSCONFORMANCE,VL_MEANVALUE,VL_STANDARDDEVIATION,ID_INSTANCE) values(120,0.16209327320449823,0.0,120);
insert into HasReportedValue(ID_QOSREPORT,ID_QOSCONFORMANCE,VL_ESTIMATEDCREDIBILITY,VL_REALCREDIBILITY) values (120,120,0,2);
insert into QoSReport (ID_QOSREPORT,DT_TIMESTART,DT_TIMEEND) values (121,timestamp '2006-05-01 00:00:00.0',timestamp '2006-05-01 00:00:00.0');
insert into ReportServiceUsage (ID_USER,ID_INTERFACE,ID_CONCEPT,ID_QOSREPORT) values (13,1,6,121);
insert into Instance(ID_INSTANCE) values (121);
insert into QoSParameterinstance(ID_CONCEPT,ID_INSTANCE) values (6,121);
insert into QoSConformance (ID_QOSCONFORMANCE,VL_MEANVALUE,VL_STANDARDDEVIATION,ID_INSTANCE) values(121,0.6553889748468349,0.0,121);
insert into HasReportedValue(ID_QOSREPORT,ID_QOSCONFORMANCE,VL_ESTIMATEDCREDIBILITY,VL_REALCREDIBILITY) values (121,121,0,2);
insert into QoSReport (ID_QOSREPORT,DT_TIMESTART,DT_TIMEEND) values (122,timestamp '2006-05-01 04:00:00.0',timestamp '2006-05-01 04:00:00.0');
insert into ReportServiceUsage (ID_USER,ID_INTERFACE,ID_CONCEPT,ID_QOSREPORT) values (9,2,8,122);
insert into Instance(ID_INSTANCE) values (122);
insert into QoSParameterinstance(ID_CONCEPT,ID_INSTANCE) values (8,122);
insert into QoSConformance (ID_QOSCONFORMANCE,VL_MEANVALUE,VL_STANDARDDEVIATION,ID_INSTANCE) values(122,0.8471334767377422,0.0,122);
insert into HasReportedValue(ID_QOSREPORT,ID_QOSCONFORMANCE,VL_ESTIMATEDCREDIBILITY,VL_REALCREDIBILITY) values (122,122,0,2);
insert into QoSReport (ID_QOSREPORT,DT_TIMESTART,DT_TIMEEND) values (123,timestamp '2006-05-01 02:00:00.0',timestamp '2006-05-01 02:00:00.0');
insert into ReportServiceUsage (ID_USER,ID_INTERFACE,ID_CONCEPT,ID_QOSREPORT) values (9,0,2,123);
insert into Instance(ID_INSTANCE) values (123);
insert into QoSParameterinstance(ID_CONCEPT,ID_INSTANCE) values (2,123);
insert into QoSConformance (ID_QOSCONFORMANCE,VL_MEANVALUE,VL_STANDARDDEVIATION,ID_INSTANCE) values(123,0.772602465549236,0.0,123);
insert into HasReportedValue(ID_QOSREPORT,ID_QOSCONFORMANCE,VL_ESTIMATEDCREDIBILITY,VL_REALCREDIBILITY) values (123,123,0,2);
insert into QoSReport (ID_QOSREPORT,DT_TIMESTART,DT_TIMEEND) values (124,timestamp '2006-05-01 03:00:00.0',timestamp '2006-05-01 03:00:00.0');
insert into ReportServiceUsage (ID_USER,ID_INTERFACE,ID_CONCEPT,ID_QOSREPORT) values (18,2,1,124);
insert into Instance(ID_INSTANCE) values (124);
insert into QoSParameterinstance(ID_CONCEPT,ID_INSTANCE) values (1,124);
insert into QoSConformance (ID_QOSCONFORMANCE,VL_MEANVALUE,VL_STANDARDDEVIATION,ID_INSTANCE) values(124,0.3214036279867786,0.0,124);
insert into HasReportedValue(ID_QOSREPORT,ID_QOSCONFORMANCE,VL_ESTIMATEDCREDIBILITY,VL_REALCREDIBILITY) values (124,124,0,2);
insert into QoSReport (ID_QOSREPORT,DT_TIMESTART,DT_TIMEEND) values (125,timestamp '2006-05-01 03:00:00.0',timestamp '2006-05-01 03:00:00.0');
insert into ReportServiceUsage (ID_USER,ID_INTERFACE,ID_CONCEPT,ID_QOSREPORT) values (18,1,6,125);
insert into Instance(ID_INSTANCE) values (125);
insert into QoSParameterinstance(ID_CONCEPT,ID_INSTANCE) values (6,125);
insert into QoSConformance (ID_QOSCONFORMANCE,VL_MEANVALUE,VL_STANDARDDEVIATION,ID_INSTANCE) values(125,0.7715155286790161,0.0,125);
insert into HasReportedValue(ID_QOSREPORT,ID_QOSCONFORMANCE,VL_ESTIMATEDCREDIBILITY,VL_REALCREDIBILITY) values (125,125,0,2);
insert into QoSReport (ID_QOSREPORT,DT_TIMESTART,DT_TIMEEND) values (126,timestamp '2006-05-01 02:00:00.0',timestamp '2006-05-01 02:00:00.0');
insert into ReportServiceUsage (ID_USER,ID_INTERFACE,ID_CONCEPT,ID_QOSREPORT) values (15,2,3,126);
insert into Instance(ID_INSTANCE) values (126);
insert into QoSParameterinstance(ID_CONCEPT,ID_INSTANCE) values (3,126);
insert into QoSConformance (ID_QOSCONFORMANCE,VL_MEANVALUE,VL_STANDARDDEVIATION,ID_INSTANCE) values(126,0.2205471734904567,0.0,126);
insert into HasReportedValue(ID_QOSREPORT,ID_QOSCONFORMANCE,VL_ESTIMATEDCREDIBILITY,VL_REALCREDIBILITY) values (126,126,0,2);
insert into QoSReport (ID_QOSREPORT,DT_TIMESTART,DT_TIMEEND) values (127,timestamp '2006-05-01 02:00:00.0',timestamp '2006-05-01 02:00:00.0');
insert into ReportServiceUsage (ID_USER,ID_INTERFACE,ID_CONCEPT,ID_QOSREPORT) values (13,3,4,127);
insert into Instance(ID_INSTANCE) values (127);
insert into QoSParameterinstance(ID_CONCEPT,ID_INSTANCE) values (4,127);
insert into QoSConformance (ID_QOSCONFORMANCE,VL_MEANVALUE,VL_STANDARDDEVIATION,ID_INSTANCE) values(127,0.2847142521487801,0.0,127);
insert into HasReportedValue(ID_QOSREPORT,ID_QOSCONFORMANCE,VL_ESTIMATEDCREDIBILITY,VL_REALCREDIBILITY) values (127,127,0,2);
insert into QoSReport (ID_QOSREPORT,DT_TIMESTART,DT_TIMEEND) values (128,timestamp '2006-05-01 02:00:00.0',timestamp '2006-05-01 02:00:00.0');
insert into ReportServiceUsage (ID_USER,ID_INTERFACE,ID_CONCEPT,ID_QOSREPORT) values (14,2,7,128);
insert into Instance(ID_INSTANCE) values (128);
insert into QoSParameterinstance(ID_CONCEPT,ID_INSTANCE) values (7,128);
insert into QoSConformance (ID_QOSCONFORMANCE,VL_MEANVALUE,VL_STANDARDDEVIATION,ID_INSTANCE) values(128,0.3548936985636612,0.0,128);
insert into HasReportedValue(ID_QOSREPORT,ID_QOSCONFORMANCE,VL_ESTIMATEDCREDIBILITY,VL_REALCREDIBILITY) values (128,128,0,2);
insert into QoSReport (ID_QOSREPORT,DT_TIMESTART,DT_TIMEEND) values (129,timestamp '2006-05-01 02:00:00.0',timestamp '2006-05-01 02:00:00.0');
insert into ServiceUsage(ID_USER,ID_INTERFACE) values(62,0);
insert into ReportServiceUsage (ID_USER,ID_INTERFACE,ID_CONCEPT,ID_QOSREPORT) values (62,0,3,129);
insert into Instance(ID_INSTANCE) values (129);
insert into QoSParameterinstance(ID_CONCEPT,ID_INSTANCE) values (3,129);
insert into QoSConformance (ID_QOSCONFORMANCE,VL_MEANVALUE,VL_STANDARDDEVIATION,ID_INSTANCE) values(129,0.3490678867939352,0.0,129);
insert into HasReportedValue(ID_QOSREPORT,ID_QOSCONFORMANCE,VL_ESTIMATEDCREDIBILITY,VL_REALCREDIBILITY) values (129,129,0,4);
insert into QoSReport (ID_QOSREPORT,DT_TIMESTART,DT_TIMEEND) values (130,timestamp '2006-05-01 02:00:00.0',timestamp '2006-05-01 02:00:00.0');
insert into ServiceUsage(ID_USER,ID_INTERFACE) values(73,1);
insert into ReportServiceUsage (ID_USER,ID_INTERFACE,ID_CONCEPT,ID_QOSREPORT) values (73,1,5,130);
insert into Instance(ID_INSTANCE) values (130);
insert into QoSParameterinstance(ID_CONCEPT,ID_INSTANCE) values (5,130);
insert into QoSConformance (ID_QOSCONFORMANCE,VL_MEANVALUE,VL_STANDARDDEVIATION,ID_INSTANCE) values(130,0.14275499143393444,0.0,130);
insert into HasReportedValue(ID_QOSREPORT,ID_QOSCONFORMANCE,VL_ESTIMATEDCREDIBILITY,VL_REALCREDIBILITY) values (130,130,0,4);
insert into QoSReport (ID_QOSREPORT,DT_TIMESTART,DT_TIMEEND) values (131,timestamp '2006-05-01 00:00:00.0',timestamp '2006-05-01 00:00:00.0');
insert into ServiceUsage(ID_USER,ID_INTERFACE) values(70,1);
insert into ReportServiceUsage (ID_USER,ID_INTERFACE,ID_CONCEPT,ID_QOSREPORT) values (70,1,5,131);
insert into Instance(ID_INSTANCE) values (131);
insert into QoSParameterinstance(ID_CONCEPT,ID_INSTANCE) values (5,131);
insert into QoSConformance (ID_QOSCONFORMANCE,VL_MEANVALUE,VL_STANDARDDEVIATION,ID_INSTANCE) values(131,2.118574535848199,0.0,131);
insert into HasReportedValue(ID_QOSREPORT,ID_QOSCONFORMANCE,VL_ESTIMATEDCREDIBILITY,VL_REALCREDIBILITY) values (131,131,0,4);
insert into QoSReport (ID_QOSREPORT,DT_TIMESTART,DT_TIMEEND) values (132,timestamp '2006-05-01 00:00:00.0',timestamp '2006-05-01 00:00:00.0');
insert into ServiceUsage(ID_USER,ID_INTERFACE) values(69,1);
insert into ReportServiceUsage (ID_USER,ID_INTERFACE,ID_CONCEPT,ID_QOSREPORT) values (69,1,7,132);
insert into Instance(ID_INSTANCE) values (132);
insert into QoSParameterinstance(ID_CONCEPT,ID_INSTANCE) values (7,132);
insert into QoSConformance (ID_QOSCONFORMANCE,VL_MEANVALUE,VL_STANDARDDEVIATION,ID_INSTANCE) values(132,0.3223031548767846,0.0,132);
insert into HasReportedValue(ID_QOSREPORT,ID_QOSCONFORMANCE,VL_ESTIMATEDCREDIBILITY,VL_REALCREDIBILITY) values (132,132,0,4);
insert into QoSReport (ID_QOSREPORT,DT_TIMESTART,DT_TIMEEND) values (133,timestamp '2006-05-01 02:00:00.0',timestamp '2006-05-01 02:00:00.0');
insert into ServiceUsage(ID_USER,ID_INTERFACE) values(73,3);
insert into ReportServiceUsage (ID_USER,ID_INTERFACE,ID_CONCEPT,ID_QOSREPORT) values (73,3,5,133);
insert into Instance(ID_INSTANCE) values (133);
insert into QoSParameterinstance(ID_CONCEPT,ID_INSTANCE) values (5,133);
insert into QoSConformance (ID_QOSCONFORMANCE,VL_MEANVALUE,VL_STANDARDDEVIATION,ID_INSTANCE) values(133,0.2280432297898805,0.0,133);
insert into HasReportedValue(ID_QOSREPORT,ID_QOSCONFORMANCE,VL_ESTIMATEDCREDIBILITY,VL_REALCREDIBILITY) values (133,133,0,4);
insert into QoSReport (ID_QOSREPORT,DT_TIMESTART,DT_TIMEEND) values (134,timestamp '2006-05-01 04:00:00.0',timestamp '2006-05-01 04:00:00.0');
insert into ServiceUsage(ID_USER,ID_INTERFACE) values(42,3);
insert into ReportServiceUsage (ID_USER,ID_INTERFACE,ID_CONCEPT,ID_QOSREPORT) values (42,3,4,134);
insert into Instance(ID_INSTANCE) values (134);
insert into QoSParameterinstance(ID_CONCEPT,ID_INSTANCE) values (4,134);
insert into QoSConformance (ID_QOSCONFORMANCE,VL_MEANVALUE,VL_STANDARDDEVIATION,ID_INSTANCE) values(134,-0.9315102697747346,0.0,134);
insert into HasReportedValue(ID_QOSREPORT,ID_QOSCONFORMANCE,VL_ESTIMATEDCREDIBILITY,VL_REALCREDIBILITY) values (134,134,0,4);
insert into QoSReport (ID_QOSREPORT,DT_TIMESTART,DT_TIMEEND) values (135,timestamp '2006-05-01 00:00:00.0',timestamp '2006-05-01 00:00:00.0');
insert into ReportServiceUsage (ID_USER,ID_INTERFACE,ID_CONCEPT,ID_QOSREPORT) values (73,3,2,135);
insert into Instance(ID_INSTANCE) values (135);
insert into QoSParameterinstance(ID_CONCEPT,ID_INSTANCE) values (2,135);
insert into QoSConformance (ID_QOSCONFORMANCE,VL_MEANVALUE,VL_STANDARDDEVIATION,ID_INSTANCE) values(135,1.0072853297548428,0.0,135);
insert into HasReportedValue(ID_QOSREPORT,ID_QOSCONFORMANCE,VL_ESTIMATEDCREDIBILITY,VL_REALCREDIBILITY) values (135,135,0,4);
insert into QoSReport (ID_QOSREPORT,DT_TIMESTART,DT_TIMEEND) values (136,timestamp '2006-05-01 03:00:00.0',timestamp '2006-05-01 03:00:00.0');
insert into ServiceUsage(ID_USER,ID_INTERFACE) values(57,0);
insert into ReportServiceUsage (ID_USER,ID_INTERFACE,ID_CONCEPT,ID_QOSREPORT) values (57,0,5,136);
insert into Instance(ID_INSTANCE) values (136);
insert into QoSParameterinstance(ID_CONCEPT,ID_INSTANCE) values (5,136);
insert into QoSConformance (ID_QOSCONFORMANCE,VL_MEANVALUE,VL_STANDARDDEVIATION,ID_INSTANCE) values(136,0.22572460858762045,0.0,136);
insert into HasReportedValue(ID_QOSREPORT,ID_QOSCONFORMANCE,VL_ESTIMATEDCREDIBILITY,VL_REALCREDIBILITY) values (136,136,0,4);
insert into QoSReport (ID_QOSREPORT,DT_TIMESTART,DT_TIMEEND) values (137,timestamp '2006-05-01 00:00:00.0',timestamp '2006-05-01 00:00:00.0');
insert into ServiceUsage(ID_USER,ID_INTERFACE) values(37,1);
insert into ReportServiceUsage (ID_USER,ID_INTERFACE,ID_CONCEPT,ID_QOSREPORT) values (37,1,5,137);
insert into Instance(ID_INSTANCE) values (137);
insert into QoSParameterinstance(ID_CONCEPT,ID_INSTANCE) values (5,137);
insert into QoSConformance (ID_QOSCONFORMANCE,VL_MEANVALUE,VL_STANDARDDEVIATION,ID_INSTANCE) values(137,0.9144572506285891,0.0,137);
insert into HasReportedValue(ID_QOSREPORT,ID_QOSCONFORMANCE,VL_ESTIMATEDCREDIBILITY,VL_REALCREDIBILITY) values (137,137,0,4);
insert into QoSReport (ID_QOSREPORT,DT_TIMESTART,DT_TIMEEND) values (138,timestamp '2006-05-01 02:00:00.0',timestamp '2006-05-01 02:00:00.0');
insert into ServiceUsage(ID_USER,ID_INTERFACE) values(57,1);
insert into ReportServiceUsage (ID_USER,ID_INTERFACE,ID_CONCEPT,ID_QOSREPORT) values (57,1,1,138);
insert into Instance(ID_INSTANCE) values (138);
insert into QoSParameterinstance(ID_CONCEPT,ID_INSTANCE) values (1,138);
insert into QoSConformance (ID_QOSCONFORMANCE,VL_MEANVALUE,VL_STANDARDDEVIATION,ID_INSTANCE) values(138,-0.20561994436251896,0.0,138);
insert into HasReportedValue(ID_QOSREPORT,ID_QOSCONFORMANCE,VL_ESTIMATEDCREDIBILITY,VL_REALCREDIBILITY) values (138,138,0,4);
insert into QoSReport (ID_QOSREPORT,DT_TIMESTART,DT_TIMEEND) values (139,timestamp '2006-05-01 01:00:00.0',timestamp '2006-05-01 01:00:00.0');
insert into ServiceUsage(ID_USER,ID_INTERFACE) values(54,3);
insert into ReportServiceUsage (ID_USER,ID_INTERFACE,ID_CONCEPT,ID_QOSREPORT) values (54,3,7,139);
insert into Instance(ID_INSTANCE) values (139);
insert into QoSParameterinstance(ID_CONCEPT,ID_INSTANCE) values (7,139);
insert into QoSConformance (ID_QOSCONFORMANCE,VL_MEANVALUE,VL_STANDARDDEVIATION,ID_INSTANCE) values(139,0.6173105522097087,0.0,139);
insert into HasReportedValue(ID_QOSREPORT,ID_QOSCONFORMANCE,VL_ESTIMATEDCREDIBILITY,VL_REALCREDIBILITY) values (139,139,0,4);
insert into QoSReport (ID_QOSREPORT,DT_TIMESTART,DT_TIMEEND) values (140,timestamp '2006-05-01 02:00:00.0',timestamp '2006-05-01 02:00:00.0');
insert into ServiceUsage(ID_USER,ID_INTERFACE) values(25,1);
insert into ReportServiceUsage (ID_USER,ID_INTERFACE,ID_CONCEPT,ID_QOSREPORT) values (25,1,4,140);
insert into Instance(ID_INSTANCE) values (140);
insert into QoSParameterinstance(ID_CONCEPT,ID_INSTANCE) values (4,140);
insert into QoSConformance (ID_QOSCONFORMANCE,VL_MEANVALUE,VL_STANDARDDEVIATION,ID_INSTANCE) values(140,0.4755428395689649,0.0,140);
insert into HasReportedValue(ID_QOSREPORT,ID_QOSCONFORMANCE,VL_ESTIMATEDCREDIBILITY,VL_REALCREDIBILITY) values (140,140,0,4);
insert into QoSReport (ID_QOSREPORT,DT_TIMESTART,DT_TIMEEND) values (141,timestamp '2006-05-01 00:00:00.0',timestamp '2006-05-01 00:00:00.0');
insert into ReportServiceUsage (ID_USER,ID_INTERFACE,ID_CONCEPT,ID_QOSREPORT) values (25,1,9,141);
insert into Instance(ID_INSTANCE) values (141);
insert into QoSParameterinstance(ID_CONCEPT,ID_INSTANCE) values (9,141);
insert into QoSConformance (ID_QOSCONFORMANCE,VL_MEANVALUE,VL_STANDARDDEVIATION,ID_INSTANCE) values(141,0.3140913512876361,0.0,141);
insert into HasReportedValue(ID_QOSREPORT,ID_QOSCONFORMANCE,VL_ESTIMATEDCREDIBILITY,VL_REALCREDIBILITY) values (141,141,0,4);
insert into QoSReport (ID_QOSREPORT,DT_TIMESTART,DT_TIMEEND) values (142,timestamp '2006-05-01 03:00:00.0',timestamp '2006-05-01 03:00:00.0');
insert into ServiceUsage(ID_USER,ID_INTERFACE) values(71,0);
insert into ReportServiceUsage (ID_USER,ID_INTERFACE,ID_CONCEPT,ID_QOSREPORT) values (71,0,5,142);
insert into Instance(ID_INSTANCE) values (142);
insert into QoSParameterinstance(ID_CONCEPT,ID_INSTANCE) values (5,142);
insert into QoSConformance (ID_QOSCONFORMANCE,VL_MEANVALUE,VL_STANDARDDEVIATION,ID_INSTANCE) values(142,0.40471231956303755,0.0,142);
insert into HasReportedValue(ID_QOSREPORT,ID_QOSCONFORMANCE,VL_ESTIMATEDCREDIBILITY,VL_REALCREDIBILITY) values (142,142,0,4);
insert into QoSReport (ID_QOSREPORT,DT_TIMESTART,DT_TIMEEND) values (143,timestamp '2006-05-01 03:00:00.0',timestamp '2006-05-01 03:00:00.0');
insert into ServiceUsage(ID_USER,ID_INTERFACE) values(47,1);
insert into ReportServiceUsage (ID_USER,ID_INTERFACE,ID_CONCEPT,ID_QOSREPORT) values (47,1,3,143);
insert into Instance(ID_INSTANCE) values (143);
insert into QoSParameterinstance(ID_CONCEPT,ID_INSTANCE) values (3,143);
insert into QoSConformance (ID_QOSCONFORMANCE,VL_MEANVALUE,VL_STANDARDDEVIATION,ID_INSTANCE) values(143,0.9429288050911022,0.0,143);
insert into HasReportedValue(ID_QOSREPORT,ID_QOSCONFORMANCE,VL_ESTIMATEDCREDIBILITY,VL_REALCREDIBILITY) values (143,143,0,4);
insert into QoSReport (ID_QOSREPORT,DT_TIMESTART,DT_TIMEEND) values (144,timestamp '2006-05-01 03:00:00.0',timestamp '2006-05-01 03:00:00.0');
insert into ServiceUsage(ID_USER,ID_INTERFACE) values(55,1);
insert into ReportServiceUsage (ID_USER,ID_INTERFACE,ID_CONCEPT,ID_QOSREPORT) values (55,1,2,144);
insert into Instance(ID_INSTANCE) values (144);
insert into QoSParameterinstance(ID_CONCEPT,ID_INSTANCE) values (2,144);
insert into QoSConformance (ID_QOSCONFORMANCE,VL_MEANVALUE,VL_STANDARDDEVIATION,ID_INSTANCE) values(144,0.3194988983637466,0.0,144);
insert into HasReportedValue(ID_QOSREPORT,ID_QOSCONFORMANCE,VL_ESTIMATEDCREDIBILITY,VL_REALCREDIBILITY) values (144,144,0,4);
insert into QoSReport (ID_QOSREPORT,DT_TIMESTART,DT_TIMEEND) values (145,timestamp '2006-05-01 01:00:00.0',timestamp '2006-05-01 01:00:00.0');
insert into ServiceUsage(ID_USER,ID_INTERFACE) values(60,1);
insert into ReportServiceUsage (ID_USER,ID_INTERFACE,ID_CONCEPT,ID_QOSREPORT) values (60,1,2,145);
insert into Instance(ID_INSTANCE) values (145);
insert into QoSParameterinstance(ID_CONCEPT,ID_INSTANCE) values (2,145);
insert into QoSConformance (ID_QOSCONFORMANCE,VL_MEANVALUE,VL_STANDARDDEVIATION,ID_INSTANCE) values(145,-0.11559165323842813,0.0,145);
insert into HasReportedValue(ID_QOSREPORT,ID_QOSCONFORMANCE,VL_ESTIMATEDCREDIBILITY,VL_REALCREDIBILITY) values (145,145,0,4);
insert into QoSReport (ID_QOSREPORT,DT_TIMESTART,DT_TIMEEND) values (146,timestamp '2006-05-01 01:00:00.0',timestamp '2006-05-01 01:00:00.0');
insert into ServiceUsage(ID_USER,ID_INTERFACE) values(72,0);
insert into ReportServiceUsage (ID_USER,ID_INTERFACE,ID_CONCEPT,ID_QOSREPORT) values (72,0,7,146);
insert into Instance(ID_INSTANCE) values (146);
insert into QoSParameterinstance(ID_CONCEPT,ID_INSTANCE) values (7,146);
insert into QoSConformance (ID_QOSCONFORMANCE,VL_MEANVALUE,VL_STANDARDDEVIATION,ID_INSTANCE) values(146,-0.02215904369406524,0.0,146);
insert into HasReportedValue(ID_QOSREPORT,ID_QOSCONFORMANCE,VL_ESTIMATEDCREDIBILITY,VL_REALCREDIBILITY) values (146,146,0,4);
insert into QoSReport (ID_QOSREPORT,DT_TIMESTART,DT_TIMEEND) values (147,timestamp '2006-05-01 03:00:00.0',timestamp '2006-05-01 03:00:00.0');
insert into ServiceUsage(ID_USER,ID_INTERFACE) values(66,0);
insert into ReportServiceUsage (ID_USER,ID_INTERFACE,ID_CONCEPT,ID_QOSREPORT) values (66,0,1,147);
insert into Instance(ID_INSTANCE) values (147);
insert into QoSParameterinstance(ID_CONCEPT,ID_INSTANCE) values (1,147);
insert into QoSConformance (ID_QOSCONFORMANCE,VL_MEANVALUE,VL_STANDARDDEVIATION,ID_INSTANCE) values(147,1.0537324998911857,0.0,147);
insert into HasReportedValue(ID_QOSREPORT,ID_QOSCONFORMANCE,VL_ESTIMATEDCREDIBILITY,VL_REALCREDIBILITY) values (147,147,0,4);
insert into QoSReport (ID_QOSREPORT,DT_TIMESTART,DT_TIMEEND) values (148,timestamp '2006-05-01 01:00:00.0',timestamp '2006-05-01 01:00:00.0');
insert into ServiceUsage(ID_USER,ID_INTERFACE) values(40,0);
insert into ReportServiceUsage (ID_USER,ID_INTERFACE,ID_CONCEPT,ID_QOSREPORT) values (40,0,0,148);
insert into Instance(ID_INSTANCE) values (148);
insert into QoSParameterinstance(ID_CONCEPT,ID_INSTANCE) values (0,148);
insert into QoSConformance (ID_QOSCONFORMANCE,VL_MEANVALUE,VL_STANDARDDEVIATION,ID_INSTANCE) values(148,-0.705155606948185,0.0,148);
insert into HasReportedValue(ID_QOSREPORT,ID_QOSCONFORMANCE,VL_ESTIMATEDCREDIBILITY,VL_REALCREDIBILITY) values (148,148,0,4);
insert into QoSReport (ID_QOSREPORT,DT_TIMESTART,DT_TIMEEND) values (149,timestamp '2006-05-01 01:00:00.0',timestamp '2006-05-01 01:00:00.0');
insert into ServiceUsage(ID_USER,ID_INTERFACE) values(25,3);
insert into ReportServiceUsage (ID_USER,ID_INTERFACE,ID_CONCEPT,ID_QOSREPORT) values (25,3,9,149);
insert into Instance(ID_INSTANCE) values (149);
insert into QoSParameterinstance(ID_CONCEPT,ID_INSTANCE) values (9,149);
insert into QoSConformance (ID_QOSCONFORMANCE,VL_MEANVALUE,VL_STANDARDDEVIATION,ID_INSTANCE) values(149,-0.985534354048929,0.0,149);
insert into HasReportedValue(ID_QOSREPORT,ID_QOSCONFORMANCE,VL_ESTIMATEDCREDIBILITY,VL_REALCREDIBILITY) values (149,149,0,4);
insert into QoSReport (ID_QOSREPORT,DT_TIMESTART,DT_TIMEEND) values (150,timestamp '2006-05-01 02:00:00.0',timestamp '2006-05-01 02:00:00.0');
insert into ReportServiceUsage (ID_USER,ID_INTERFACE,ID_CONCEPT,ID_QOSREPORT) values (55,1,7,150);
insert into Instance(ID_INSTANCE) values (150);
insert into QoSParameterinstance(ID_CONCEPT,ID_INSTANCE) values (7,150);
insert into QoSConformance (ID_QOSCONFORMANCE,VL_MEANVALUE,VL_STANDARDDEVIATION,ID_INSTANCE) values(150,6.476020744398819E-4,0.0,150);
insert into HasReportedValue(ID_QOSREPORT,ID_QOSCONFORMANCE,VL_ESTIMATEDCREDIBILITY,VL_REALCREDIBILITY) values (150,150,0,4);
insert into QoSReport (ID_QOSREPORT,DT_TIMESTART,DT_TIMEEND) values (151,timestamp '2006-05-01 01:00:00.0',timestamp '2006-05-01 01:00:00.0');
insert into ServiceUsage(ID_USER,ID_INTERFACE) values(37,0);
insert into ReportServiceUsage (ID_USER,ID_INTERFACE,ID_CONCEPT,ID_QOSREPORT) values (37,0,6,151);
insert into Instance(ID_INSTANCE) values (151);
insert into QoSParameterinstance(ID_CONCEPT,ID_INSTANCE) values (6,151);
insert into QoSConformance (ID_QOSCONFORMANCE,VL_MEANVALUE,VL_STANDARDDEVIATION,ID_INSTANCE) values(151,-0.33992421999891487,0.0,151);
insert into HasReportedValue(ID_QOSREPORT,ID_QOSCONFORMANCE,VL_ESTIMATEDCREDIBILITY,VL_REALCREDIBILITY) values (151,151,0,4);
insert into QoSReport (ID_QOSREPORT,DT_TIMESTART,DT_TIMEEND) values (152,timestamp '2006-05-01 04:00:00.0',timestamp '2006-05-01 04:00:00.0');
insert into ReportServiceUsage (ID_USER,ID_INTERFACE,ID_CONCEPT,ID_QOSREPORT) values (69,1,4,152);
insert into Instance(ID_INSTANCE) values (152);
insert into QoSParameterinstance(ID_CONCEPT,ID_INSTANCE) values (4,152);
insert into QoSConformance (ID_QOSCONFORMANCE,VL_MEANVALUE,VL_STANDARDDEVIATION,ID_INSTANCE) values(152,0.25533010791492594,0.0,152);
insert into HasReportedValue(ID_QOSREPORT,ID_QOSCONFORMANCE,VL_ESTIMATEDCREDIBILITY,VL_REALCREDIBILITY) values (152,152,0,4);
insert into QoSReport (ID_QOSREPORT,DT_TIMESTART,DT_TIMEEND) values (153,timestamp '2006-05-01 02:00:00.0',timestamp '2006-05-01 02:00:00.0');
insert into ServiceUsage(ID_USER,ID_INTERFACE) values(47,3);
insert into ReportServiceUsage (ID_USER,ID_INTERFACE,ID_CONCEPT,ID_QOSREPORT) values (47,3,1,153);
insert into Instance(ID_INSTANCE) values (153);
insert into QoSParameterinstance(ID_CONCEPT,ID_INSTANCE) values (1,153);
insert into QoSConformance (ID_QOSCONFORMANCE,VL_MEANVALUE,VL_STANDARDDEVIATION,ID_INSTANCE) values(153,0.10817984963303262,0.0,153);
insert into HasReportedValue(ID_QOSREPORT,ID_QOSCONFORMANCE,VL_ESTIMATEDCREDIBILITY,VL_REALCREDIBILITY) values (153,153,0,4);
insert into QoSReport (ID_QOSREPORT,DT_TIMESTART,DT_TIMEEND) values (154,timestamp '2006-05-01 01:00:00.0',timestamp '2006-05-01 01:00:00.0');
insert into ServiceUsage(ID_USER,ID_INTERFACE) values(28,0);
insert into ReportServiceUsage (ID_USER,ID_INTERFACE,ID_CONCEPT,ID_QOSREPORT) values (28,0,3,154);
insert into Instance(ID_INSTANCE) values (154);
insert into QoSParameterinstance(ID_CONCEPT,ID_INSTANCE) values (3,154);
insert into QoSConformance (ID_QOSCONFORMANCE,VL_MEANVALUE,VL_STANDARDDEVIATION,ID_INSTANCE) values(154,-0.04207104481592705,0.0,154);
insert into HasReportedValue(ID_QOSREPORT,ID_QOSCONFORMANCE,VL_ESTIMATEDCREDIBILITY,VL_REALCREDIBILITY) values (154,154,0,4);
insert into QoSReport (ID_QOSREPORT,DT_TIMESTART,DT_TIMEEND) values (155,timestamp '2006-05-01 02:00:00.0',timestamp '2006-05-01 02:00:00.0');
insert into ServiceUsage(ID_USER,ID_INTERFACE) values(31,0);
insert into ReportServiceUsage (ID_USER,ID_INTERFACE,ID_CONCEPT,ID_QOSREPORT) values (31,0,7,155);
insert into Instance(ID_INSTANCE) values (155);
insert into QoSParameterinstance(ID_CONCEPT,ID_INSTANCE) values (7,155);
insert into QoSConformance (ID_QOSCONFORMANCE,VL_MEANVALUE,VL_STANDARDDEVIATION,ID_INSTANCE) values(155,-0.07853530357582161,0.0,155);
insert into HasReportedValue(ID_QOSREPORT,ID_QOSCONFORMANCE,VL_ESTIMATEDCREDIBILITY,VL_REALCREDIBILITY) values (155,155,0,4);
insert into QoSReport (ID_QOSREPORT,DT_TIMESTART,DT_TIMEEND) values (156,timestamp '2006-05-01 04:00:00.0',timestamp '2006-05-01 04:00:00.0');
insert into ServiceUsage(ID_USER,ID_INTERFACE) values(71,1);
insert into ReportServiceUsage (ID_USER,ID_INTERFACE,ID_CONCEPT,ID_QOSREPORT) values (71,1,4,156);
insert into Instance(ID_INSTANCE) values (156);
insert into QoSParameterinstance(ID_CONCEPT,ID_INSTANCE) values (4,156);
insert into QoSConformance (ID_QOSCONFORMANCE,VL_MEANVALUE,VL_STANDARDDEVIATION,ID_INSTANCE) values(156,-1.1621121070851053,0.0,156);
insert into HasReportedValue(ID_QOSREPORT,ID_QOSCONFORMANCE,VL_ESTIMATEDCREDIBILITY,VL_REALCREDIBILITY) values (156,156,0,4);
insert into QoSReport (ID_QOSREPORT,DT_TIMESTART,DT_TIMEEND) values (157,timestamp '2006-05-01 03:00:00.0',timestamp '2006-05-01 03:00:00.0');
insert into ServiceUsage(ID_USER,ID_INTERFACE) values(62,3);
insert into ReportServiceUsage (ID_USER,ID_INTERFACE,ID_CONCEPT,ID_QOSREPORT) values (62,3,8,157);
insert into Instance(ID_INSTANCE) values (157);
insert into QoSParameterinstance(ID_CONCEPT,ID_INSTANCE) values (8,157);
insert into QoSConformance (ID_QOSCONFORMANCE,VL_MEANVALUE,VL_STANDARDDEVIATION,ID_INSTANCE) values(157,-0.8218151366336526,0.0,157);
insert into HasReportedValue(ID_QOSREPORT,ID_QOSCONFORMANCE,VL_ESTIMATEDCREDIBILITY,VL_REALCREDIBILITY) values (157,157,0,4);
insert into QoSReport (ID_QOSREPORT,DT_TIMESTART,DT_TIMEEND) values (158,timestamp '2006-05-01 01:00:00.0',timestamp '2006-05-01 01:00:00.0');
insert into ServiceUsage(ID_USER,ID_INTERFACE) values(56,0);
insert into ReportServiceUsage (ID_USER,ID_INTERFACE,ID_CONCEPT,ID_QOSREPORT) values (56,0,5,158);
insert into Instance(ID_INSTANCE) values (158);
insert into QoSParameterinstance(ID_CONCEPT,ID_INSTANCE) values (5,158);
insert into QoSConformance (ID_QOSCONFORMANCE,VL_MEANVALUE,VL_STANDARDDEVIATION,ID_INSTANCE) values(158,0.40958078551320254,0.0,158);
insert into HasReportedValue(ID_QOSREPORT,ID_QOSCONFORMANCE,VL_ESTIMATEDCREDIBILITY,VL_REALCREDIBILITY) values (158,158,0,4);
insert into QoSReport (ID_QOSREPORT,DT_TIMESTART,DT_TIMEEND) values (159,timestamp '2006-05-01 02:00:00.0',timestamp '2006-05-01 02:00:00.0');
insert into ServiceUsage(ID_USER,ID_INTERFACE) values(38,1);
insert into ReportServiceUsage (ID_USER,ID_INTERFACE,ID_CONCEPT,ID_QOSREPORT) values (38,1,1,159);
insert into Instance(ID_INSTANCE) values (159);
insert into QoSParameterinstance(ID_CONCEPT,ID_INSTANCE) values (1,159);
insert into QoSConformance (ID_QOSCONFORMANCE,VL_MEANVALUE,VL_STANDARDDEVIATION,ID_INSTANCE) values(159,0.39316983451128595,0.0,159);
insert into HasReportedValue(ID_QOSREPORT,ID_QOSCONFORMANCE,VL_ESTIMATEDCREDIBILITY,VL_REALCREDIBILITY) values (159,159,0,4);
insert into QoSReport (ID_QOSREPORT,DT_TIMESTART,DT_TIMEEND) values (160,timestamp '2006-05-01 02:00:00.0',timestamp '2006-05-01 02:00:00.0');
insert into ServiceUsage(ID_USER,ID_INTERFACE) values(51,0);
insert into ReportServiceUsage (ID_USER,ID_INTERFACE,ID_CONCEPT,ID_QOSREPORT) values (51,0,5,160);
insert into Instance(ID_INSTANCE) values (160);
insert into QoSParameterinstance(ID_CONCEPT,ID_INSTANCE) values (5,160);
insert into QoSConformance (ID_QOSCONFORMANCE,VL_MEANVALUE,VL_STANDARDDEVIATION,ID_INSTANCE) values(160,0.2564140425511149,0.0,160);
insert into HasReportedValue(ID_QOSREPORT,ID_QOSCONFORMANCE,VL_ESTIMATEDCREDIBILITY,VL_REALCREDIBILITY) values (160,160,0,4);
insert into QoSReport (ID_QOSREPORT,DT_TIMESTART,DT_TIMEEND) values (161,timestamp '2006-05-01 03:00:00.0',timestamp '2006-05-01 03:00:00.0');
insert into ServiceUsage(ID_USER,ID_INTERFACE) values(28,1);
insert into ReportServiceUsage (ID_USER,ID_INTERFACE,ID_CONCEPT,ID_QOSREPORT) values (28,1,8,161);
insert into Instance(ID_INSTANCE) values (161);
insert into QoSParameterinstance(ID_CONCEPT,ID_INSTANCE) values (8,161);
insert into QoSConformance (ID_QOSCONFORMANCE,VL_MEANVALUE,VL_STANDARDDEVIATION,ID_INSTANCE) values(161,0.3062824768997713,0.0,161);
insert into HasReportedValue(ID_QOSREPORT,ID_QOSCONFORMANCE,VL_ESTIMATEDCREDIBILITY,VL_REALCREDIBILITY) values (161,161,0,4);
insert into QoSReport (ID_QOSREPORT,DT_TIMESTART,DT_TIMEEND) values (162,timestamp '2006-05-01 03:00:00.0',timestamp '2006-05-01 03:00:00.0');
insert into ReportServiceUsage (ID_USER,ID_INTERFACE,ID_CONCEPT,ID_QOSREPORT) values (28,0,4,162);
insert into Instance(ID_INSTANCE) values (162);
insert into QoSParameterinstance(ID_CONCEPT,ID_INSTANCE) values (4,162);
insert into QoSConformance (ID_QOSCONFORMANCE,VL_MEANVALUE,VL_STANDARDDEVIATION,ID_INSTANCE) values(162,-0.8724917241427308,0.0,162);
insert into HasReportedValue(ID_QOSREPORT,ID_QOSCONFORMANCE,VL_ESTIMATEDCREDIBILITY,VL_REALCREDIBILITY) values (162,162,0,4);
insert into QoSReport (ID_QOSREPORT,DT_TIMESTART,DT_TIMEEND) values (163,timestamp '2006-05-01 01:00:00.0',timestamp '2006-05-01 01:00:00.0');
insert into ServiceUsage(ID_USER,ID_INTERFACE) values(30,0);
insert into ReportServiceUsage (ID_USER,ID_INTERFACE,ID_CONCEPT,ID_QOSREPORT) values (30,0,0,163);
insert into Instance(ID_INSTANCE) values (163);
insert into QoSParameterinstance(ID_CONCEPT,ID_INSTANCE) values (0,163);
insert into QoSConformance (ID_QOSCONFORMANCE,VL_MEANVALUE,VL_STANDARDDEVIATION,ID_INSTANCE) values(163,0.4055316542637675,0.0,163);
insert into HasReportedValue(ID_QOSREPORT,ID_QOSCONFORMANCE,VL_ESTIMATEDCREDIBILITY,VL_REALCREDIBILITY) values (163,163,0,4);
insert into QoSReport (ID_QOSREPORT,DT_TIMESTART,DT_TIMEEND) values (164,timestamp '2006-05-01 04:00:00.0',timestamp '2006-05-01 04:00:00.0');
insert into ServiceUsage(ID_USER,ID_INTERFACE) values(46,0);
insert into ReportServiceUsage (ID_USER,ID_INTERFACE,ID_CONCEPT,ID_QOSREPORT) values (46,0,2,164);
insert into Instance(ID_INSTANCE) values (164);
insert into QoSParameterinstance(ID_CONCEPT,ID_INSTANCE) values (2,164);
insert into QoSConformance (ID_QOSCONFORMANCE,VL_MEANVALUE,VL_STANDARDDEVIATION,ID_INSTANCE) values(164,-0.0036459101864342314,0.0,164);
insert into HasReportedValue(ID_QOSREPORT,ID_QOSCONFORMANCE,VL_ESTIMATEDCREDIBILITY,VL_REALCREDIBILITY) values (164,164,0,4);
insert into QoSReport (ID_QOSREPORT,DT_TIMESTART,DT_TIMEEND) values (165,timestamp '2006-05-01 04:00:00.0',timestamp '2006-05-01 04:00:00.0');
insert into ServiceUsage(ID_USER,ID_INTERFACE) values(58,0);
insert into ReportServiceUsage (ID_USER,ID_INTERFACE,ID_CONCEPT,ID_QOSREPORT) values (58,0,7,165);
insert into Instance(ID_INSTANCE) values (165);
insert into QoSParameterinstance(ID_CONCEPT,ID_INSTANCE) values (7,165);
insert into QoSConformance (ID_QOSCONFORMANCE,VL_MEANVALUE,VL_STANDARDDEVIATION,ID_INSTANCE) values(165,-0.49590257598160026,0.0,165);
insert into HasReportedValue(ID_QOSREPORT,ID_QOSCONFORMANCE,VL_ESTIMATEDCREDIBILITY,VL_REALCREDIBILITY) values (165,165,0,4);
insert into QoSReport (ID_QOSREPORT,DT_TIMESTART,DT_TIMEEND) values (166,timestamp '2006-05-01 01:00:00.0',timestamp '2006-05-01 01:00:00.0');
insert into ServiceUsage(ID_USER,ID_INTERFACE) values(62,1);
insert into ReportServiceUsage (ID_USER,ID_INTERFACE,ID_CONCEPT,ID_QOSREPORT) values (62,1,8,166);
insert into Instance(ID_INSTANCE) values (166);
insert into QoSParameterinstance(ID_CONCEPT,ID_INSTANCE) values (8,166);
insert into QoSConformance (ID_QOSCONFORMANCE,VL_MEANVALUE,VL_STANDARDDEVIATION,ID_INSTANCE) values(166,-0.03693608987994268,0.0,166);
insert into HasReportedValue(ID_QOSREPORT,ID_QOSCONFORMANCE,VL_ESTIMATEDCREDIBILITY,VL_REALCREDIBILITY) values (166,166,0,4);
insert into QoSReport (ID_QOSREPORT,DT_TIMESTART,DT_TIMEEND) values (167,timestamp '2006-05-01 01:00:00.0',timestamp '2006-05-01 01:00:00.0');
insert into ServiceUsage(ID_USER,ID_INTERFACE) values(32,0);
insert into ReportServiceUsage (ID_USER,ID_INTERFACE,ID_CONCEPT,ID_QOSREPORT) values (32,0,6,167);
insert into Instance(ID_INSTANCE) values (167);
insert into QoSParameterinstance(ID_CONCEPT,ID_INSTANCE) values (6,167);
insert into QoSConformance (ID_QOSCONFORMANCE,VL_MEANVALUE,VL_STANDARDDEVIATION,ID_INSTANCE) values(167,1.2313707617288316,0.0,167);
insert into HasReportedValue(ID_QOSREPORT,ID_QOSCONFORMANCE,VL_ESTIMATEDCREDIBILITY,VL_REALCREDIBILITY) values (167,167,0,4);
insert into QoSReport (ID_QOSREPORT,DT_TIMESTART,DT_TIMEEND) values (168,timestamp '2006-05-01 01:00:00.0',timestamp '2006-05-01 01:00:00.0');
insert into ServiceUsage(ID_USER,ID_INTERFACE) values(35,1);
insert into ReportServiceUsage (ID_USER,ID_INTERFACE,ID_CONCEPT,ID_QOSREPORT) values (35,1,8,168);
insert into Instance(ID_INSTANCE) values (168);
insert into QoSParameterinstance(ID_CONCEPT,ID_INSTANCE) values (8,168);
insert into QoSConformance (ID_QOSCONFORMANCE,VL_MEANVALUE,VL_STANDARDDEVIATION,ID_INSTANCE) values(168,0.7659854907445527,0.0,168);
insert into HasReportedValue(ID_QOSREPORT,ID_QOSCONFORMANCE,VL_ESTIMATEDCREDIBILITY,VL_REALCREDIBILITY) values (168,168,0,4);
insert into QoSReport (ID_QOSREPORT,DT_TIMESTART,DT_TIMEEND) values (169,timestamp '2006-05-01 03:00:00.0',timestamp '2006-05-01 03:00:00.0');
insert into ReportServiceUsage (ID_USER,ID_INTERFACE,ID_CONCEPT,ID_QOSREPORT) values (51,0,0,169);
insert into Instance(ID_INSTANCE) values (169);
insert into QoSParameterinstance(ID_CONCEPT,ID_INSTANCE) values (0,169);
insert into QoSConformance (ID_QOSCONFORMANCE,VL_MEANVALUE,VL_STANDARDDEVIATION,ID_INSTANCE) values(169,0.08387410379411758,0.0,169);
insert into HasReportedValue(ID_QOSREPORT,ID_QOSCONFORMANCE,VL_ESTIMATEDCREDIBILITY,VL_REALCREDIBILITY) values (169,169,0,4);
insert into QoSReport (ID_QOSREPORT,DT_TIMESTART,DT_TIMEEND) values (170,timestamp '2006-05-01 00:00:00.0',timestamp '2006-05-01 00:00:00.0');
insert into ServiceUsage(ID_USER,ID_INTERFACE) values(59,0);
insert into ReportServiceUsage (ID_USER,ID_INTERFACE,ID_CONCEPT,ID_QOSREPORT) values (59,0,5,170);
insert into Instance(ID_INSTANCE) values (170);
insert into QoSParameterinstance(ID_CONCEPT,ID_INSTANCE) values (5,170);
insert into QoSConformance (ID_QOSCONFORMANCE,VL_MEANVALUE,VL_STANDARDDEVIATION,ID_INSTANCE) values(170,-0.44107374895108026,0.0,170);
insert into HasReportedValue(ID_QOSREPORT,ID_QOSCONFORMANCE,VL_ESTIMATEDCREDIBILITY,VL_REALCREDIBILITY) values (170,170,0,4);
insert into QoSReport (ID_QOSREPORT,DT_TIMESTART,DT_TIMEEND) values (171,timestamp '2006-05-01 02:00:00.0',timestamp '2006-05-01 02:00:00.0');
insert into ServiceUsage(ID_USER,ID_INTERFACE) values(61,1);
insert into ReportServiceUsage (ID_USER,ID_INTERFACE,ID_CONCEPT,ID_QOSREPORT) values (61,1,7,171);
insert into Instance(ID_INSTANCE) values (171);
insert into QoSParameterinstance(ID_CONCEPT,ID_INSTANCE) values (7,171);
insert into QoSConformance (ID_QOSCONFORMANCE,VL_MEANVALUE,VL_STANDARDDEVIATION,ID_INSTANCE) values(171,-0.2180789020202607,0.0,171);
insert into HasReportedValue(ID_QOSREPORT,ID_QOSCONFORMANCE,VL_ESTIMATEDCREDIBILITY,VL_REALCREDIBILITY) values (171,171,0,4);
insert into QoSReport (ID_QOSREPORT,DT_TIMESTART,DT_TIMEEND) values (172,timestamp '2006-05-01 00:00:00.0',timestamp '2006-05-01 00:00:00.0');
insert into ReportServiceUsage (ID_USER,ID_INTERFACE,ID_CONCEPT,ID_QOSREPORT) values (73,1,3,172);
insert into Instance(ID_INSTANCE) values (172);
insert into QoSParameterinstance(ID_CONCEPT,ID_INSTANCE) values (3,172);
insert into QoSConformance (ID_QOSCONFORMANCE,VL_MEANVALUE,VL_STANDARDDEVIATION,ID_INSTANCE) values(172,0.6115954794646774,0.0,172);
insert into HasReportedValue(ID_QOSREPORT,ID_QOSCONFORMANCE,VL_ESTIMATEDCREDIBILITY,VL_REALCREDIBILITY) values (172,172,0,4);
insert into QoSReport (ID_QOSREPORT,DT_TIMESTART,DT_TIMEEND) values (173,timestamp '2006-05-01 02:00:00.0',timestamp '2006-05-01 02:00:00.0');
insert into ServiceUsage(ID_USER,ID_INTERFACE) values(70,3);
insert into ReportServiceUsage (ID_USER,ID_INTERFACE,ID_CONCEPT,ID_QOSREPORT) values (70,3,3,173);
insert into Instance(ID_INSTANCE) values (173);
insert into QoSParameterinstance(ID_CONCEPT,ID_INSTANCE) values (3,173);
insert into QoSConformance (ID_QOSCONFORMANCE,VL_MEANVALUE,VL_STANDARDDEVIATION,ID_INSTANCE) values(173,0.26712461646545627,0.0,173);
insert into HasReportedValue(ID_QOSREPORT,ID_QOSCONFORMANCE,VL_ESTIMATEDCREDIBILITY,VL_REALCREDIBILITY) values (173,173,0,4);
insert into QoSReport (ID_QOSREPORT,DT_TIMESTART,DT_TIMEEND) values (174,timestamp '2006-05-01 03:00:00.0',timestamp '2006-05-01 03:00:00.0');
insert into ServiceUsage(ID_USER,ID_INTERFACE) values(37,3);
insert into ReportServiceUsage (ID_USER,ID_INTERFACE,ID_CONCEPT,ID_QOSREPORT) values (37,3,1,174);
insert into Instance(ID_INSTANCE) values (174);
insert into QoSParameterinstance(ID_CONCEPT,ID_INSTANCE) values (1,174);
insert into QoSConformance (ID_QOSCONFORMANCE,VL_MEANVALUE,VL_STANDARDDEVIATION,ID_INSTANCE) values(174,-0.8265892087196749,0.0,174);
insert into HasReportedValue(ID_QOSREPORT,ID_QOSCONFORMANCE,VL_ESTIMATEDCREDIBILITY,VL_REALCREDIBILITY) values (174,174,0,4);
insert into QoSReport (ID_QOSREPORT,DT_TIMESTART,DT_TIMEEND) values (175,timestamp '2006-05-01 00:00:00.0',timestamp '2006-05-01 00:00:00.0');
insert into ServiceUsage(ID_USER,ID_INTERFACE) values(42,0);
insert into ReportServiceUsage (ID_USER,ID_INTERFACE,ID_CONCEPT,ID_QOSREPORT) values (42,0,9,175);
insert into Instance(ID_INSTANCE) values (175);
insert into QoSParameterinstance(ID_CONCEPT,ID_INSTANCE) values (9,175);
insert into QoSConformance (ID_QOSCONFORMANCE,VL_MEANVALUE,VL_STANDARDDEVIATION,ID_INSTANCE) values(175,1.0705357482030948,0.0,175);
insert into HasReportedValue(ID_QOSREPORT,ID_QOSCONFORMANCE,VL_ESTIMATEDCREDIBILITY,VL_REALCREDIBILITY) values (175,175,0,4);
insert into QoSReport (ID_QOSREPORT,DT_TIMESTART,DT_TIMEEND) values (176,timestamp '2006-05-01 03:00:00.0',timestamp '2006-05-01 03:00:00.0');
insert into ServiceUsage(ID_USER,ID_INTERFACE) values(45,0);
insert into ReportServiceUsage (ID_USER,ID_INTERFACE,ID_CONCEPT,ID_QOSREPORT) values (45,0,3,176);
insert into Instance(ID_INSTANCE) values (176);
insert into QoSParameterinstance(ID_CONCEPT,ID_INSTANCE) values (3,176);
insert into QoSConformance (ID_QOSCONFORMANCE,VL_MEANVALUE,VL_STANDARDDEVIATION,ID_INSTANCE) values(176,-0.7991558165771206,0.0,176);
insert into HasReportedValue(ID_QOSREPORT,ID_QOSCONFORMANCE,VL_ESTIMATEDCREDIBILITY,VL_REALCREDIBILITY) values (176,176,0,4);
insert into QoSReport (ID_QOSREPORT,DT_TIMESTART,DT_TIMEEND) values (177,timestamp '2006-05-01 03:00:00.0',timestamp '2006-05-01 03:00:00.0');
insert into ReportServiceUsage (ID_USER,ID_INTERFACE,ID_CONCEPT,ID_QOSREPORT) values (73,1,9,177);
insert into Instance(ID_INSTANCE) values (177);
insert into QoSParameterinstance(ID_CONCEPT,ID_INSTANCE) values (9,177);
insert into QoSConformance (ID_QOSCONFORMANCE,VL_MEANVALUE,VL_STANDARDDEVIATION,ID_INSTANCE) values(177,0.048932475344344084,0.0,177);
insert into HasReportedValue(ID_QOSREPORT,ID_QOSCONFORMANCE,VL_ESTIMATEDCREDIBILITY,VL_REALCREDIBILITY) values (177,177,0,4);
insert into QoSReport (ID_QOSREPORT,DT_TIMESTART,DT_TIMEEND) values (178,timestamp '2006-05-01 03:00:00.0',timestamp '2006-05-01 03:00:00.0');
insert into ServiceUsage(ID_USER,ID_INTERFACE) values(72,3);
insert into ReportServiceUsage (ID_USER,ID_INTERFACE,ID_CONCEPT,ID_QOSREPORT) values (72,3,0,178);
insert into Instance(ID_INSTANCE) values (178);
insert into QoSParameterinstance(ID_CONCEPT,ID_INSTANCE) values (0,178);
insert into QoSConformance (ID_QOSCONFORMANCE,VL_MEANVALUE,VL_STANDARDDEVIATION,ID_INSTANCE) values(178,-0.4885322164648298,0.0,178);
insert into HasReportedValue(ID_QOSREPORT,ID_QOSCONFORMANCE,VL_ESTIMATEDCREDIBILITY,VL_REALCREDIBILITY) values (178,178,0,4);
insert into QoSReport (ID_QOSREPORT,DT_TIMESTART,DT_TIMEEND) values (179,timestamp '2006-05-01 00:00:00.0',timestamp '2006-05-01 00:00:00.0');
insert into ReportServiceUsage (ID_USER,ID_INTERFACE,ID_CONCEPT,ID_QOSREPORT) values (47,1,6,179);
insert into Instance(ID_INSTANCE) values (179);
insert into QoSParameterinstance(ID_CONCEPT,ID_INSTANCE) values (6,179);
insert into QoSConformance (ID_QOSCONFORMANCE,VL_MEANVALUE,VL_STANDARDDEVIATION,ID_INSTANCE) values(179,0.4000829118328128,0.0,179);
insert into HasReportedValue(ID_QOSREPORT,ID_QOSCONFORMANCE,VL_ESTIMATEDCREDIBILITY,VL_REALCREDIBILITY) values (179,179,0,4);
insert into QoSReport (ID_QOSREPORT,DT_TIMESTART,DT_TIMEEND) values (180,timestamp '2006-05-01 03:00:00.0',timestamp '2006-05-01 03:00:00.0');
insert into ServiceUsage(ID_USER,ID_INTERFACE) values(65,0);
insert into ReportServiceUsage (ID_USER,ID_INTERFACE,ID_CONCEPT,ID_QOSREPORT) values (65,0,2,180);
insert into Instance(ID_INSTANCE) values (180);
insert into QoSParameterinstance(ID_CONCEPT,ID_INSTANCE) values (2,180);
insert into QoSConformance (ID_QOSCONFORMANCE,VL_MEANVALUE,VL_STANDARDDEVIATION,ID_INSTANCE) values(180,0.2865181390406938,0.0,180);
insert into HasReportedValue(ID_QOSREPORT,ID_QOSCONFORMANCE,VL_ESTIMATEDCREDIBILITY,VL_REALCREDIBILITY) values (180,180,0,4);
insert into QoSReport (ID_QOSREPORT,DT_TIMESTART,DT_TIMEEND) values (181,timestamp '2006-05-01 02:00:00.0',timestamp '2006-05-01 02:00:00.0');
insert into ReportServiceUsage (ID_USER,ID_INTERFACE,ID_CONCEPT,ID_QOSREPORT) values (62,1,1,181);
insert into Instance(ID_INSTANCE) values (181);
insert into QoSParameterinstance(ID_CONCEPT,ID_INSTANCE) values (1,181);
insert into QoSConformance (ID_QOSCONFORMANCE,VL_MEANVALUE,VL_STANDARDDEVIATION,ID_INSTANCE) values(181,0.35012842919454845,0.0,181);
insert into HasReportedValue(ID_QOSREPORT,ID_QOSCONFORMANCE,VL_ESTIMATEDCREDIBILITY,VL_REALCREDIBILITY) values (181,181,0,4);
insert into QoSReport (ID_QOSREPORT,DT_TIMESTART,DT_TIMEEND) values (182,timestamp '2006-05-01 02:00:00.0',timestamp '2006-05-01 02:00:00.0');
insert into ServiceUsage(ID_USER,ID_INTERFACE) values(65,1);
insert into ReportServiceUsage (ID_USER,ID_INTERFACE,ID_CONCEPT,ID_QOSREPORT) values (65,1,1,182);
insert into Instance(ID_INSTANCE) values (182);
insert into QoSParameterinstance(ID_CONCEPT,ID_INSTANCE) values (1,182);
insert into QoSConformance (ID_QOSCONFORMANCE,VL_MEANVALUE,VL_STANDARDDEVIATION,ID_INSTANCE) values(182,-0.32966258195941184,0.0,182);
insert into HasReportedValue(ID_QOSREPORT,ID_QOSCONFORMANCE,VL_ESTIMATEDCREDIBILITY,VL_REALCREDIBILITY) values (182,182,0,4);
insert into QoSReport (ID_QOSREPORT,DT_TIMESTART,DT_TIMEEND) values (183,timestamp '2006-05-01 01:00:00.0',timestamp '2006-05-01 01:00:00.0');
insert into ServiceUsage(ID_USER,ID_INTERFACE) values(26,0);
insert into ReportServiceUsage (ID_USER,ID_INTERFACE,ID_CONCEPT,ID_QOSREPORT) values (26,0,4,183);
insert into Instance(ID_INSTANCE) values (183);
insert into QoSParameterinstance(ID_CONCEPT,ID_INSTANCE) values (4,183);
insert into QoSConformance (ID_QOSCONFORMANCE,VL_MEANVALUE,VL_STANDARDDEVIATION,ID_INSTANCE) values(183,0.2924432145744261,0.0,183);
insert into HasReportedValue(ID_QOSREPORT,ID_QOSCONFORMANCE,VL_ESTIMATEDCREDIBILITY,VL_REALCREDIBILITY) values (183,183,0,4);
insert into QoSReport (ID_QOSREPORT,DT_TIMESTART,DT_TIMEEND) values (184,timestamp '2006-05-01 01:00:00.0',timestamp '2006-05-01 01:00:00.0');
insert into ServiceUsage(ID_USER,ID_INTERFACE) values(73,0);
insert into ReportServiceUsage (ID_USER,ID_INTERFACE,ID_CONCEPT,ID_QOSREPORT) values (73,0,1,184);
insert into Instance(ID_INSTANCE) values (184);
insert into QoSParameterinstance(ID_CONCEPT,ID_INSTANCE) values (1,184);
insert into QoSConformance (ID_QOSCONFORMANCE,VL_MEANVALUE,VL_STANDARDDEVIATION,ID_INSTANCE) values(184,0.5810568618535841,0.0,184);
insert into HasReportedValue(ID_QOSREPORT,ID_QOSCONFORMANCE,VL_ESTIMATEDCREDIBILITY,VL_REALCREDIBILITY) values (184,184,0,4);
insert into QoSReport (ID_QOSREPORT,DT_TIMESTART,DT_TIMEEND) values (185,timestamp '2006-05-01 02:00:00.0',timestamp '2006-05-01 02:00:00.0');
insert into ServiceUsage(ID_USER,ID_INTERFACE) values(50,1);
insert into ReportServiceUsage (ID_USER,ID_INTERFACE,ID_CONCEPT,ID_QOSREPORT) values (50,1,9,185);
insert into Instance(ID_INSTANCE) values (185);
insert into QoSParameterinstance(ID_CONCEPT,ID_INSTANCE) values (9,185);
insert into QoSConformance (ID_QOSCONFORMANCE,VL_MEANVALUE,VL_STANDARDDEVIATION,ID_INSTANCE) values(185,0.21043882552706505,0.0,185);
insert into HasReportedValue(ID_QOSREPORT,ID_QOSCONFORMANCE,VL_ESTIMATEDCREDIBILITY,VL_REALCREDIBILITY) values (185,185,0,4);
insert into QoSReport (ID_QOSREPORT,DT_TIMESTART,DT_TIMEEND) values (186,timestamp '2006-05-01 01:00:00.0',timestamp '2006-05-01 01:00:00.0');
insert into ServiceUsage(ID_USER,ID_INTERFACE) values(40,1);
insert into ReportServiceUsage (ID_USER,ID_INTERFACE,ID_CONCEPT,ID_QOSREPORT) values (40,1,4,186);
insert into Instance(ID_INSTANCE) values (186);
insert into QoSParameterinstance(ID_CONCEPT,ID_INSTANCE) values (4,186);
insert into QoSConformance (ID_QOSCONFORMANCE,VL_MEANVALUE,VL_STANDARDDEVIATION,ID_INSTANCE) values(186,0.1410436664832601,0.0,186);
insert into HasReportedValue(ID_QOSREPORT,ID_QOSCONFORMANCE,VL_ESTIMATEDCREDIBILITY,VL_REALCREDIBILITY) values (186,186,0,4);
insert into QoSReport (ID_QOSREPORT,DT_TIMESTART,DT_TIMEEND) values (187,timestamp '2006-05-01 04:00:00.0',timestamp '2006-05-01 04:00:00.0');
insert into ServiceUsage(ID_USER,ID_INTERFACE) values(68,1);
insert into ReportServiceUsage (ID_USER,ID_INTERFACE,ID_CONCEPT,ID_QOSREPORT) values (68,1,6,187);
insert into Instance(ID_INSTANCE) values (187);
insert into QoSParameterinstance(ID_CONCEPT,ID_INSTANCE) values (6,187);
insert into QoSConformance (ID_QOSCONFORMANCE,VL_MEANVALUE,VL_STANDARDDEVIATION,ID_INSTANCE) values(187,1.3696038132079411,0.0,187);
insert into HasReportedValue(ID_QOSREPORT,ID_QOSCONFORMANCE,VL_ESTIMATEDCREDIBILITY,VL_REALCREDIBILITY) values (187,187,0,4);
insert into QoSReport (ID_QOSREPORT,DT_TIMESTART,DT_TIMEEND) values (188,timestamp '2006-05-01 01:00:00.0',timestamp '2006-05-01 01:00:00.0');
insert into ReportServiceUsage (ID_USER,ID_INTERFACE,ID_CONCEPT,ID_QOSREPORT) values (38,1,9,188);
insert into Instance(ID_INSTANCE) values (188);
insert into QoSParameterinstance(ID_CONCEPT,ID_INSTANCE) values (9,188);
insert into QoSConformance (ID_QOSCONFORMANCE,VL_MEANVALUE,VL_STANDARDDEVIATION,ID_INSTANCE) values(188,-0.19602441447800456,0.0,188);
insert into HasReportedValue(ID_QOSREPORT,ID_QOSCONFORMANCE,VL_ESTIMATEDCREDIBILITY,VL_REALCREDIBILITY) values (188,188,0,4);
insert into QoSReport (ID_QOSREPORT,DT_TIMESTART,DT_TIMEEND) values (189,timestamp '2006-05-01 04:00:00.0',timestamp '2006-05-01 04:00:00.0');
insert into ServiceUsage(ID_USER,ID_INTERFACE) values(29,1);
insert into ReportServiceUsage (ID_USER,ID_INTERFACE,ID_CONCEPT,ID_QOSREPORT) values (29,1,4,189);
insert into Instance(ID_INSTANCE) values (189);
insert into QoSParameterinstance(ID_CONCEPT,ID_INSTANCE) values (4,189);
insert into QoSConformance (ID_QOSCONFORMANCE,VL_MEANVALUE,VL_STANDARDDEVIATION,ID_INSTANCE) values(189,-0.18429389318787748,0.0,189);
insert into HasReportedValue(ID_QOSREPORT,ID_QOSCONFORMANCE,VL_ESTIMATEDCREDIBILITY,VL_REALCREDIBILITY) values (189,189,0,4);
insert into QoSReport (ID_QOSREPORT,DT_TIMESTART,DT_TIMEEND) values (190,timestamp '2006-05-01 00:00:00.0',timestamp '2006-05-01 00:00:00.0');
insert into ReportServiceUsage (ID_USER,ID_INTERFACE,ID_CONCEPT,ID_QOSREPORT) values (45,0,3,190);
insert into Instance(ID_INSTANCE) values (190);
insert into QoSParameterinstance(ID_CONCEPT,ID_INSTANCE) values (3,190);
insert into QoSConformance (ID_QOSCONFORMANCE,VL_MEANVALUE,VL_STANDARDDEVIATION,ID_INSTANCE) values(190,-1.3302015160210645,0.0,190);
insert into HasReportedValue(ID_QOSREPORT,ID_QOSCONFORMANCE,VL_ESTIMATEDCREDIBILITY,VL_REALCREDIBILITY) values (190,190,0,4);
insert into QoSReport (ID_QOSREPORT,DT_TIMESTART,DT_TIMEEND) values (191,timestamp '2006-05-01 00:00:00.0',timestamp '2006-05-01 00:00:00.0');
insert into ServiceUsage(ID_USER,ID_INTERFACE) values(27,0);
insert into ReportServiceUsage (ID_USER,ID_INTERFACE,ID_CONCEPT,ID_QOSREPORT) values (27,0,5,191);
insert into Instance(ID_INSTANCE) values (191);
insert into QoSParameterinstance(ID_CONCEPT,ID_INSTANCE) values (5,191);
insert into QoSConformance (ID_QOSCONFORMANCE,VL_MEANVALUE,VL_STANDARDDEVIATION,ID_INSTANCE) values(191,-0.2839271987545919,0.0,191);
insert into HasReportedValue(ID_QOSREPORT,ID_QOSCONFORMANCE,VL_ESTIMATEDCREDIBILITY,VL_REALCREDIBILITY) values (191,191,0,4);
insert into QoSReport (ID_QOSREPORT,DT_TIMESTART,DT_TIMEEND) values (192,timestamp '2006-05-01 04:00:00.0',timestamp '2006-05-01 04:00:00.0');
insert into ReportServiceUsage (ID_USER,ID_INTERFACE,ID_CONCEPT,ID_QOSREPORT) values (72,0,2,192);
insert into Instance(ID_INSTANCE) values (192);
insert into QoSParameterinstance(ID_CONCEPT,ID_INSTANCE) values (2,192);
insert into QoSConformance (ID_QOSCONFORMANCE,VL_MEANVALUE,VL_STANDARDDEVIATION,ID_INSTANCE) values(192,-0.17289718093121398,0.0,192);
insert into HasReportedValue(ID_QOSREPORT,ID_QOSCONFORMANCE,VL_ESTIMATEDCREDIBILITY,VL_REALCREDIBILITY) values (192,192,0,4);
insert into QoSReport (ID_QOSREPORT,DT_TIMESTART,DT_TIMEEND) values (193,timestamp '2006-05-01 04:00:00.0',timestamp '2006-05-01 04:00:00.0');
insert into ServiceUsage(ID_USER,ID_INTERFACE) values(60,0);
insert into ReportServiceUsage (ID_USER,ID_INTERFACE,ID_CONCEPT,ID_QOSREPORT) values (60,0,3,193);
insert into Instance(ID_INSTANCE) values (193);
insert into QoSParameterinstance(ID_CONCEPT,ID_INSTANCE) values (3,193);
insert into QoSConformance (ID_QOSCONFORMANCE,VL_MEANVALUE,VL_STANDARDDEVIATION,ID_INSTANCE) values(193,-1.1420463179442257,0.0,193);
insert into HasReportedValue(ID_QOSREPORT,ID_QOSCONFORMANCE,VL_ESTIMATEDCREDIBILITY,VL_REALCREDIBILITY) values (193,193,0,4);
insert into QoSReport (ID_QOSREPORT,DT_TIMESTART,DT_TIMEEND) values (194,timestamp '2006-05-01 04:00:00.0',timestamp '2006-05-01 04:00:00.0');
insert into ReportServiceUsage (ID_USER,ID_INTERFACE,ID_CONCEPT,ID_QOSREPORT) values (55,1,6,194);
insert into Instance(ID_INSTANCE) values (194);
insert into QoSParameterinstance(ID_CONCEPT,ID_INSTANCE) values (6,194);
insert into QoSConformance (ID_QOSCONFORMANCE,VL_MEANVALUE,VL_STANDARDDEVIATION,ID_INSTANCE) values(194,0.3113542048204221,0.0,194);
insert into HasReportedValue(ID_QOSREPORT,ID_QOSCONFORMANCE,VL_ESTIMATEDCREDIBILITY,VL_REALCREDIBILITY) values (194,194,0,4);
insert into QoSReport (ID_QOSREPORT,DT_TIMESTART,DT_TIMEEND) values (195,timestamp '2006-05-01 03:00:00.0',timestamp '2006-05-01 03:00:00.0');
insert into ReportServiceUsage (ID_USER,ID_INTERFACE,ID_CONCEPT,ID_QOSREPORT) values (72,3,2,195);
insert into Instance(ID_INSTANCE) values (195);
insert into QoSParameterinstance(ID_CONCEPT,ID_INSTANCE) values (2,195);
insert into QoSConformance (ID_QOSCONFORMANCE,VL_MEANVALUE,VL_STANDARDDEVIATION,ID_INSTANCE) values(195,1.0505836714540424,0.0,195);
insert into HasReportedValue(ID_QOSREPORT,ID_QOSCONFORMANCE,VL_ESTIMATEDCREDIBILITY,VL_REALCREDIBILITY) values (195,195,0,4);
insert into QoSReport (ID_QOSREPORT,DT_TIMESTART,DT_TIMEEND) values (196,timestamp '2006-05-01 03:00:00.0',timestamp '2006-05-01 03:00:00.0');
insert into ServiceUsage(ID_USER,ID_INTERFACE) values(61,0);
insert into ReportServiceUsage (ID_USER,ID_INTERFACE,ID_CONCEPT,ID_QOSREPORT) values (61,0,7,196);
insert into Instance(ID_INSTANCE) values (196);
insert into QoSParameterinstance(ID_CONCEPT,ID_INSTANCE) values (7,196);
insert into QoSConformance (ID_QOSCONFORMANCE,VL_MEANVALUE,VL_STANDARDDEVIATION,ID_INSTANCE) values(196,0.4772322388279261,0.0,196);
insert into HasReportedValue(ID_QOSREPORT,ID_QOSCONFORMANCE,VL_ESTIMATEDCREDIBILITY,VL_REALCREDIBILITY) values (196,196,0,4);
insert into QoSReport (ID_QOSREPORT,DT_TIMESTART,DT_TIMEEND) values (197,timestamp '2006-05-01 01:00:00.0',timestamp '2006-05-01 01:00:00.0');
insert into ReportServiceUsage (ID_USER,ID_INTERFACE,ID_CONCEPT,ID_QOSREPORT) values (51,0,1,197);
insert into Instance(ID_INSTANCE) values (197);
insert into QoSParameterinstance(ID_CONCEPT,ID_INSTANCE) values (1,197);
insert into QoSConformance (ID_QOSCONFORMANCE,VL_MEANVALUE,VL_STANDARDDEVIATION,ID_INSTANCE) values(197,0.39553842191784544,0.0,197);
insert into HasReportedValue(ID_QOSREPORT,ID_QOSCONFORMANCE,VL_ESTIMATEDCREDIBILITY,VL_REALCREDIBILITY) values (197,197,0,4);
insert into QoSReport (ID_QOSREPORT,DT_TIMESTART,DT_TIMEEND) values (198,timestamp '2006-05-01 04:00:00.0',timestamp '2006-05-01 04:00:00.0');
insert into ReportServiceUsage (ID_USER,ID_INTERFACE,ID_CONCEPT,ID_QOSREPORT) values (65,0,6,198);
insert into Instance(ID_INSTANCE) values (198);
insert into QoSParameterinstance(ID_CONCEPT,ID_INSTANCE) values (6,198);
insert into QoSConformance (ID_QOSCONFORMANCE,VL_MEANVALUE,VL_STANDARDDEVIATION,ID_INSTANCE) values(198,0.12764597086535534,0.0,198);
insert into HasReportedValue(ID_QOSREPORT,ID_QOSCONFORMANCE,VL_ESTIMATEDCREDIBILITY,VL_REALCREDIBILITY) values (198,198,0,4);
insert into QoSReport (ID_QOSREPORT,DT_TIMESTART,DT_TIMEEND) values (199,timestamp '2006-05-01 01:00:00.0',timestamp '2006-05-01 01:00:00.0');
insert into ServiceUsage(ID_USER,ID_INTERFACE) values(34,0);
insert into ReportServiceUsage (ID_USER,ID_INTERFACE,ID_CONCEPT,ID_QOSREPORT) values (34,0,0,199);
insert into Instance(ID_INSTANCE) values (199);
insert into QoSParameterinstance(ID_CONCEPT,ID_INSTANCE) values (0,199);
insert into QoSConformance (ID_QOSCONFORMANCE,VL_MEANVALUE,VL_STANDARDDEVIATION,ID_INSTANCE) values(199,-0.585829293916051,0.0,199);
insert into HasReportedValue(ID_QOSREPORT,ID_QOSCONFORMANCE,VL_ESTIMATEDCREDIBILITY,VL_REALCREDIBILITY) values (199,199,0,4);
insert into QoSReport (ID_QOSREPORT,DT_TIMESTART,DT_TIMEEND) values (200,timestamp '2006-05-01 00:00:00.0',timestamp '2006-05-01 00:00:00.0');
insert into ServiceUsage(ID_USER,ID_INTERFACE) values(32,3);
insert into ReportServiceUsage (ID_USER,ID_INTERFACE,ID_CONCEPT,ID_QOSREPORT) values (32,3,7,200);
insert into Instance(ID_INSTANCE) values (200);
insert into QoSParameterinstance(ID_CONCEPT,ID_INSTANCE) values (7,200);
insert into QoSConformance (ID_QOSCONFORMANCE,VL_MEANVALUE,VL_STANDARDDEVIATION,ID_INSTANCE) values(200,-0.16922946757627416,0.0,200);
insert into HasReportedValue(ID_QOSREPORT,ID_QOSCONFORMANCE,VL_ESTIMATEDCREDIBILITY,VL_REALCREDIBILITY) values (200,200,0,4);
insert into QoSReport (ID_QOSREPORT,DT_TIMESTART,DT_TIMEEND) values (201,timestamp '2006-05-01 01:00:00.0',timestamp '2006-05-01 01:00:00.0');
insert into ServiceUsage(ID_USER,ID_INTERFACE) values(45,1);
insert into ReportServiceUsage (ID_USER,ID_INTERFACE,ID_CONCEPT,ID_QOSREPORT) values (45,1,1,201);
insert into Instance(ID_INSTANCE) values (201);
insert into QoSParameterinstance(ID_CONCEPT,ID_INSTANCE) values (1,201);
insert into QoSConformance (ID_QOSCONFORMANCE,VL_MEANVALUE,VL_STANDARDDEVIATION,ID_INSTANCE) values(201,0.36378034952271576,0.0,201);
insert into HasReportedValue(ID_QOSREPORT,ID_QOSCONFORMANCE,VL_ESTIMATEDCREDIBILITY,VL_REALCREDIBILITY) values (201,201,0,4);
insert into QoSReport (ID_QOSREPORT,DT_TIMESTART,DT_TIMEEND) values (202,timestamp '2006-05-01 01:00:00.0',timestamp '2006-05-01 01:00:00.0');
insert into ServiceUsage(ID_USER,ID_INTERFACE) values(63,3);
insert into ReportServiceUsage (ID_USER,ID_INTERFACE,ID_CONCEPT,ID_QOSREPORT) values (63,3,4,202);
insert into Instance(ID_INSTANCE) values (202);
insert into QoSParameterinstance(ID_CONCEPT,ID_INSTANCE) values (4,202);
insert into QoSConformance (ID_QOSCONFORMANCE,VL_MEANVALUE,VL_STANDARDDEVIATION,ID_INSTANCE) values(202,0.7484903931834225,0.0,202);
insert into HasReportedValue(ID_QOSREPORT,ID_QOSCONFORMANCE,VL_ESTIMATEDCREDIBILITY,VL_REALCREDIBILITY) values (202,202,0,4);
insert into QoSReport (ID_QOSREPORT,DT_TIMESTART,DT_TIMEEND) values (203,timestamp '2006-05-01 01:00:00.0',timestamp '2006-05-01 01:00:00.0');
insert into ServiceUsage(ID_USER,ID_INTERFACE) values(44,1);
insert into ReportServiceUsage (ID_USER,ID_INTERFACE,ID_CONCEPT,ID_QOSREPORT) values (44,1,4,203);
insert into Instance(ID_INSTANCE) values (203);
insert into QoSParameterinstance(ID_CONCEPT,ID_INSTANCE) values (4,203);
insert into QoSConformance (ID_QOSCONFORMANCE,VL_MEANVALUE,VL_STANDARDDEVIATION,ID_INSTANCE) values(203,1.0958860904698318,0.0,203);
insert into HasReportedValue(ID_QOSREPORT,ID_QOSCONFORMANCE,VL_ESTIMATEDCREDIBILITY,VL_REALCREDIBILITY) values (203,203,0,4);
insert into QoSReport (ID_QOSREPORT,DT_TIMESTART,DT_TIMEEND) values (204,timestamp '2006-05-01 03:00:00.0',timestamp '2006-05-01 03:00:00.0');
insert into ReportServiceUsage (ID_USER,ID_INTERFACE,ID_CONCEPT,ID_QOSREPORT) values (25,1,1,204);
insert into Instance(ID_INSTANCE) values (204);
insert into QoSParameterinstance(ID_CONCEPT,ID_INSTANCE) values (1,204);
insert into QoSConformance (ID_QOSCONFORMANCE,VL_MEANVALUE,VL_STANDARDDEVIATION,ID_INSTANCE) values(204,-0.07499945621694859,0.0,204);
insert into HasReportedValue(ID_QOSREPORT,ID_QOSCONFORMANCE,VL_ESTIMATEDCREDIBILITY,VL_REALCREDIBILITY) values (204,204,0,4);
insert into QoSReport (ID_QOSREPORT,DT_TIMESTART,DT_TIMEEND) values (205,timestamp '2006-05-01 01:00:00.0',timestamp '2006-05-01 01:00:00.0');
insert into ReportServiceUsage (ID_USER,ID_INTERFACE,ID_CONCEPT,ID_QOSREPORT) values (26,0,4,205);
insert into Instance(ID_INSTANCE) values (205);
insert into QoSParameterinstance(ID_CONCEPT,ID_INSTANCE) values (4,205);
insert into QoSConformance (ID_QOSCONFORMANCE,VL_MEANVALUE,VL_STANDARDDEVIATION,ID_INSTANCE) values(205,-0.8967724701991154,0.0,205);
insert into HasReportedValue(ID_QOSREPORT,ID_QOSCONFORMANCE,VL_ESTIMATEDCREDIBILITY,VL_REALCREDIBILITY) values (205,205,0,4);
insert into QoSReport (ID_QOSREPORT,DT_TIMESTART,DT_TIMEEND) values (206,timestamp '2006-05-01 01:00:00.0',timestamp '2006-05-01 01:00:00.0');
insert into ServiceUsage(ID_USER,ID_INTERFACE) values(59,1);
insert into ReportServiceUsage (ID_USER,ID_INTERFACE,ID_CONCEPT,ID_QOSREPORT) values (59,1,5,206);
insert into Instance(ID_INSTANCE) values (206);
insert into QoSParameterinstance(ID_CONCEPT,ID_INSTANCE) values (5,206);
insert into QoSConformance (ID_QOSCONFORMANCE,VL_MEANVALUE,VL_STANDARDDEVIATION,ID_INSTANCE) values(206,0.18609105461338393,0.0,206);
insert into HasReportedValue(ID_QOSREPORT,ID_QOSCONFORMANCE,VL_ESTIMATEDCREDIBILITY,VL_REALCREDIBILITY) values (206,206,0,4);
insert into QoSReport (ID_QOSREPORT,DT_TIMESTART,DT_TIMEEND) values (207,timestamp '2006-05-01 04:00:00.0',timestamp '2006-05-01 04:00:00.0');
insert into ReportServiceUsage (ID_USER,ID_INTERFACE,ID_CONCEPT,ID_QOSREPORT) values (37,1,8,207);
insert into Instance(ID_INSTANCE) values (207);
insert into QoSParameterinstance(ID_CONCEPT,ID_INSTANCE) values (8,207);
insert into QoSConformance (ID_QOSCONFORMANCE,VL_MEANVALUE,VL_STANDARDDEVIATION,ID_INSTANCE) values(207,0.3092221960522074,0.0,207);
insert into HasReportedValue(ID_QOSREPORT,ID_QOSCONFORMANCE,VL_ESTIMATEDCREDIBILITY,VL_REALCREDIBILITY) values (207,207,0,4);
insert into QoSReport (ID_QOSREPORT,DT_TIMESTART,DT_TIMEEND) values (208,timestamp '2006-05-01 02:00:00.0',timestamp '2006-05-01 02:00:00.0');
insert into ReportServiceUsage (ID_USER,ID_INTERFACE,ID_CONCEPT,ID_QOSREPORT) values (71,1,6,208);
insert into Instance(ID_INSTANCE) values (208);
insert into QoSParameterinstance(ID_CONCEPT,ID_INSTANCE) values (6,208);
insert into QoSConformance (ID_QOSCONFORMANCE,VL_MEANVALUE,VL_STANDARDDEVIATION,ID_INSTANCE) values(208,0.23992695690150134,0.0,208);
insert into HasReportedValue(ID_QOSREPORT,ID_QOSCONFORMANCE,VL_ESTIMATEDCREDIBILITY,VL_REALCREDIBILITY) values (208,208,0,4);
insert into QoSReport (ID_QOSREPORT,DT_TIMESTART,DT_TIMEEND) values (209,timestamp '2006-05-01 03:00:00.0',timestamp '2006-05-01 03:00:00.0');
insert into ServiceUsage(ID_USER,ID_INTERFACE) values(25,0);
insert into ReportServiceUsage (ID_USER,ID_INTERFACE,ID_CONCEPT,ID_QOSREPORT) values (25,0,0,209);
insert into Instance(ID_INSTANCE) values (209);
insert into QoSParameterinstance(ID_CONCEPT,ID_INSTANCE) values (0,209);
insert into QoSConformance (ID_QOSCONFORMANCE,VL_MEANVALUE,VL_STANDARDDEVIATION,ID_INSTANCE) values(209,-0.6964320796814368,0.0,209);
insert into HasReportedValue(ID_QOSREPORT,ID_QOSCONFORMANCE,VL_ESTIMATEDCREDIBILITY,VL_REALCREDIBILITY) values (209,209,0,4);
insert into QoSReport (ID_QOSREPORT,DT_TIMESTART,DT_TIMEEND) values (210,timestamp '2006-05-01 04:00:00.0',timestamp '2006-05-01 04:00:00.0');
insert into ServiceUsage(ID_USER,ID_INTERFACE) values(33,1);
insert into ReportServiceUsage (ID_USER,ID_INTERFACE,ID_CONCEPT,ID_QOSREPORT) values (33,1,4,210);
insert into Instance(ID_INSTANCE) values (210);
insert into QoSParameterinstance(ID_CONCEPT,ID_INSTANCE) values (4,210);
insert into QoSConformance (ID_QOSCONFORMANCE,VL_MEANVALUE,VL_STANDARDDEVIATION,ID_INSTANCE) values(210,0.22244925424656548,0.0,210);
insert into HasReportedValue(ID_QOSREPORT,ID_QOSCONFORMANCE,VL_ESTIMATEDCREDIBILITY,VL_REALCREDIBILITY) values (210,210,0,4);
insert into QoSReport (ID_QOSREPORT,DT_TIMESTART,DT_TIMEEND) values (211,timestamp '2006-05-01 03:00:00.0',timestamp '2006-05-01 03:00:00.0');
insert into ServiceUsage(ID_USER,ID_INTERFACE) values(64,1);
insert into ReportServiceUsage (ID_USER,ID_INTERFACE,ID_CONCEPT,ID_QOSREPORT) values (64,1,4,211);
insert into Instance(ID_INSTANCE) values (211);
insert into QoSParameterinstance(ID_CONCEPT,ID_INSTANCE) values (4,211);
insert into QoSConformance (ID_QOSCONFORMANCE,VL_MEANVALUE,VL_STANDARDDEVIATION,ID_INSTANCE) values(211,0.6949706826051572,0.0,211);
insert into HasReportedValue(ID_QOSREPORT,ID_QOSCONFORMANCE,VL_ESTIMATEDCREDIBILITY,VL_REALCREDIBILITY) values (211,211,0,4);
insert into QoSReport (ID_QOSREPORT,DT_TIMESTART,DT_TIMEEND) values (212,timestamp '2006-05-01 02:00:00.0',timestamp '2006-05-01 02:00:00.0');
insert into ReportServiceUsage (ID_USER,ID_INTERFACE,ID_CONCEPT,ID_QOSREPORT) values (72,0,6,212);
insert into Instance(ID_INSTANCE) values (212);
insert into QoSParameterinstance(ID_CONCEPT,ID_INSTANCE) values (6,212);
insert into QoSConformance (ID_QOSCONFORMANCE,VL_MEANVALUE,VL_STANDARDDEVIATION,ID_INSTANCE) values(212,0.0894145000794001,0.0,212);
insert into HasReportedValue(ID_QOSREPORT,ID_QOSCONFORMANCE,VL_ESTIMATEDCREDIBILITY,VL_REALCREDIBILITY) values (212,212,0,4);
insert into QoSReport (ID_QOSREPORT,DT_TIMESTART,DT_TIMEEND) values (213,timestamp '2006-05-01 02:00:00.0',timestamp '2006-05-01 02:00:00.0');
insert into ServiceUsage(ID_USER,ID_INTERFACE) values(69,0);
insert into ReportServiceUsage (ID_USER,ID_INTERFACE,ID_CONCEPT,ID_QOSREPORT) values (69,0,4,213);
insert into Instance(ID_INSTANCE) values (213);
insert into QoSParameterinstance(ID_CONCEPT,ID_INSTANCE) values (4,213);
insert into QoSConformance (ID_QOSCONFORMANCE,VL_MEANVALUE,VL_STANDARDDEVIATION,ID_INSTANCE) values(213,1.1582098798996157,0.0,213);
insert into HasReportedValue(ID_QOSREPORT,ID_QOSCONFORMANCE,VL_ESTIMATEDCREDIBILITY,VL_REALCREDIBILITY) values (213,213,0,4);
insert into QoSReport (ID_QOSREPORT,DT_TIMESTART,DT_TIMEEND) values (214,timestamp '2006-05-01 03:00:00.0',timestamp '2006-05-01 03:00:00.0');
insert into ReportServiceUsage (ID_USER,ID_INTERFACE,ID_CONCEPT,ID_QOSREPORT) values (71,0,8,214);
insert into Instance(ID_INSTANCE) values (214);
insert into QoSParameterinstance(ID_CONCEPT,ID_INSTANCE) values (8,214);
insert into QoSConformance (ID_QOSCONFORMANCE,VL_MEANVALUE,VL_STANDARDDEVIATION,ID_INSTANCE) values(214,-0.8639945663498587,0.0,214);
insert into HasReportedValue(ID_QOSREPORT,ID_QOSCONFORMANCE,VL_ESTIMATEDCREDIBILITY,VL_REALCREDIBILITY) values (214,214,0,4);
insert into QoSReport (ID_QOSREPORT,DT_TIMESTART,DT_TIMEEND) values (215,timestamp '2006-05-01 02:00:00.0',timestamp '2006-05-01 02:00:00.0');
insert into ServiceUsage(ID_USER,ID_INTERFACE) values(26,1);
insert into ReportServiceUsage (ID_USER,ID_INTERFACE,ID_CONCEPT,ID_QOSREPORT) values (26,1,7,215);
insert into Instance(ID_INSTANCE) values (215);
insert into QoSParameterinstance(ID_CONCEPT,ID_INSTANCE) values (7,215);
insert into QoSConformance (ID_QOSCONFORMANCE,VL_MEANVALUE,VL_STANDARDDEVIATION,ID_INSTANCE) values(215,0.24947077825483466,0.0,215);
insert into HasReportedValue(ID_QOSREPORT,ID_QOSCONFORMANCE,VL_ESTIMATEDCREDIBILITY,VL_REALCREDIBILITY) values (215,215,0,4);
insert into QoSReport (ID_QOSREPORT,DT_TIMESTART,DT_TIMEEND) values (216,timestamp '2006-05-01 01:00:00.0',timestamp '2006-05-01 01:00:00.0');
insert into ReportServiceUsage (ID_USER,ID_INTERFACE,ID_CONCEPT,ID_QOSREPORT) values (64,1,3,216);
insert into Instance(ID_INSTANCE) values (216);
insert into QoSParameterinstance(ID_CONCEPT,ID_INSTANCE) values (3,216);
insert into QoSConformance (ID_QOSCONFORMANCE,VL_MEANVALUE,VL_STANDARDDEVIATION,ID_INSTANCE) values(216,-0.9580742262211708,0.0,216);
insert into HasReportedValue(ID_QOSREPORT,ID_QOSCONFORMANCE,VL_ESTIMATEDCREDIBILITY,VL_REALCREDIBILITY) values (216,216,0,4);
insert into QoSReport (ID_QOSREPORT,DT_TIMESTART,DT_TIMEEND) values (217,timestamp '2006-05-01 03:00:00.0',timestamp '2006-05-01 03:00:00.0');
insert into ServiceUsage(ID_USER,ID_INTERFACE) values(53,3);
insert into ReportServiceUsage (ID_USER,ID_INTERFACE,ID_CONCEPT,ID_QOSREPORT) values (53,3,8,217);
insert into Instance(ID_INSTANCE) values (217);
insert into QoSParameterinstance(ID_CONCEPT,ID_INSTANCE) values (8,217);
insert into QoSConformance (ID_QOSCONFORMANCE,VL_MEANVALUE,VL_STANDARDDEVIATION,ID_INSTANCE) values(217,0.46657665697646256,0.0,217);
insert into HasReportedValue(ID_QOSREPORT,ID_QOSCONFORMANCE,VL_ESTIMATEDCREDIBILITY,VL_REALCREDIBILITY) values (217,217,0,4);
insert into QoSReport (ID_QOSREPORT,DT_TIMESTART,DT_TIMEEND) values (218,timestamp '2006-05-01 04:00:00.0',timestamp '2006-05-01 04:00:00.0');
insert into ServiceUsage(ID_USER,ID_INTERFACE) values(53,1);
insert into ReportServiceUsage (ID_USER,ID_INTERFACE,ID_CONCEPT,ID_QOSREPORT) values (53,1,4,218);
insert into Instance(ID_INSTANCE) values (218);
insert into QoSParameterinstance(ID_CONCEPT,ID_INSTANCE) values (4,218);
insert into QoSConformance (ID_QOSCONFORMANCE,VL_MEANVALUE,VL_STANDARDDEVIATION,ID_INSTANCE) values(218,0.6961412964423856,0.0,218);
insert into HasReportedValue(ID_QOSREPORT,ID_QOSCONFORMANCE,VL_ESTIMATEDCREDIBILITY,VL_REALCREDIBILITY) values (218,218,0,4);
insert into QoSReport (ID_QOSREPORT,DT_TIMESTART,DT_TIMEEND) values (219,timestamp '2006-05-01 01:00:00.0',timestamp '2006-05-01 01:00:00.0');
insert into ReportServiceUsage (ID_USER,ID_INTERFACE,ID_CONCEPT,ID_QOSREPORT) values (62,0,6,219);
insert into Instance(ID_INSTANCE) values (219);
insert into QoSParameterinstance(ID_CONCEPT,ID_INSTANCE) values (6,219);
insert into QoSConformance (ID_QOSCONFORMANCE,VL_MEANVALUE,VL_STANDARDDEVIATION,ID_INSTANCE) values(219,-0.030531320050595057,0.0,219);
insert into HasReportedValue(ID_QOSREPORT,ID_QOSCONFORMANCE,VL_ESTIMATEDCREDIBILITY,VL_REALCREDIBILITY) values (219,219,0,4);
insert into QoSReport (ID_QOSREPORT,DT_TIMESTART,DT_TIMEEND) values (220,timestamp '2006-05-01 01:00:00.0',timestamp '2006-05-01 01:00:00.0');
insert into ServiceUsage(ID_USER,ID_INTERFACE) values(46,1);
insert into ReportServiceUsage (ID_USER,ID_INTERFACE,ID_CONCEPT,ID_QOSREPORT) values (46,1,6,220);
insert into Instance(ID_INSTANCE) values (220);
insert into QoSParameterinstance(ID_CONCEPT,ID_INSTANCE) values (6,220);
insert into QoSConformance (ID_QOSCONFORMANCE,VL_MEANVALUE,VL_STANDARDDEVIATION,ID_INSTANCE) values(220,0.586281020494466,0.0,220);
insert into HasReportedValue(ID_QOSREPORT,ID_QOSCONFORMANCE,VL_ESTIMATEDCREDIBILITY,VL_REALCREDIBILITY) values (220,220,0,4);
insert into QoSReport (ID_QOSREPORT,DT_TIMESTART,DT_TIMEEND) values (221,timestamp '2006-05-01 03:00:00.0',timestamp '2006-05-01 03:00:00.0');
insert into ReportServiceUsage (ID_USER,ID_INTERFACE,ID_CONCEPT,ID_QOSREPORT) values (46,0,7,221);
insert into Instance(ID_INSTANCE) values (221);
insert into QoSParameterinstance(ID_CONCEPT,ID_INSTANCE) values (7,221);
insert into QoSConformance (ID_QOSCONFORMANCE,VL_MEANVALUE,VL_STANDARDDEVIATION,ID_INSTANCE) values(221,-0.6175230821430343,0.0,221);
insert into HasReportedValue(ID_QOSREPORT,ID_QOSCONFORMANCE,VL_ESTIMATEDCREDIBILITY,VL_REALCREDIBILITY) values (221,221,0,4);
insert into QoSReport (ID_QOSREPORT,DT_TIMESTART,DT_TIMEEND) values (222,timestamp '2006-05-01 01:00:00.0',timestamp '2006-05-01 01:00:00.0');
insert into ServiceUsage(ID_USER,ID_INTERFACE) values(61,3);
insert into ReportServiceUsage (ID_USER,ID_INTERFACE,ID_CONCEPT,ID_QOSREPORT) values (61,3,9,222);
insert into Instance(ID_INSTANCE) values (222);
insert into QoSParameterinstance(ID_CONCEPT,ID_INSTANCE) values (9,222);
insert into QoSConformance (ID_QOSCONFORMANCE,VL_MEANVALUE,VL_STANDARDDEVIATION,ID_INSTANCE) values(222,-0.3563085060491287,0.0,222);
insert into HasReportedValue(ID_QOSREPORT,ID_QOSCONFORMANCE,VL_ESTIMATEDCREDIBILITY,VL_REALCREDIBILITY) values (222,222,0,4);
insert into QoSReport (ID_QOSREPORT,DT_TIMESTART,DT_TIMEEND) values (223,timestamp '2006-05-01 01:00:00.0',timestamp '2006-05-01 01:00:00.0');
insert into ReportServiceUsage (ID_USER,ID_INTERFACE,ID_CONCEPT,ID_QOSREPORT) values (60,1,4,223);
insert into Instance(ID_INSTANCE) values (223);
insert into QoSParameterinstance(ID_CONCEPT,ID_INSTANCE) values (4,223);
insert into QoSConformance (ID_QOSCONFORMANCE,VL_MEANVALUE,VL_STANDARDDEVIATION,ID_INSTANCE) values(223,0.8806791096741845,0.0,223);
insert into HasReportedValue(ID_QOSREPORT,ID_QOSCONFORMANCE,VL_ESTIMATEDCREDIBILITY,VL_REALCREDIBILITY) values (223,223,0,4);
insert into QoSReport (ID_QOSREPORT,DT_TIMESTART,DT_TIMEEND) values (224,timestamp '2006-05-01 04:00:00.0',timestamp '2006-05-01 04:00:00.0');
insert into ServiceUsage(ID_USER,ID_INTERFACE) values(54,1);
insert into ReportServiceUsage (ID_USER,ID_INTERFACE,ID_CONCEPT,ID_QOSREPORT) values (54,1,2,224);
insert into Instance(ID_INSTANCE) values (224);
insert into QoSParameterinstance(ID_CONCEPT,ID_INSTANCE) values (2,224);
insert into QoSConformance (ID_QOSCONFORMANCE,VL_MEANVALUE,VL_STANDARDDEVIATION,ID_INSTANCE) values(224,0.5864312484595466,0.0,224);
insert into HasReportedValue(ID_QOSREPORT,ID_QOSCONFORMANCE,VL_ESTIMATEDCREDIBILITY,VL_REALCREDIBILITY) values (224,224,0,4);
insert into QoSReport (ID_QOSREPORT,DT_TIMESTART,DT_TIMEEND) values (225,timestamp '2006-05-01 03:00:00.0',timestamp '2006-05-01 03:00:00.0');
insert into ReportServiceUsage (ID_USER,ID_INTERFACE,ID_CONCEPT,ID_QOSREPORT) values (65,1,1,225);
insert into Instance(ID_INSTANCE) values (225);
insert into QoSParameterinstance(ID_CONCEPT,ID_INSTANCE) values (1,225);
insert into QoSConformance (ID_QOSCONFORMANCE,VL_MEANVALUE,VL_STANDARDDEVIATION,ID_INSTANCE) values(225,-0.2104798831895902,0.0,225);
insert into HasReportedValue(ID_QOSREPORT,ID_QOSCONFORMANCE,VL_ESTIMATEDCREDIBILITY,VL_REALCREDIBILITY) values (225,225,0,4);
insert into QoSReport (ID_QOSREPORT,DT_TIMESTART,DT_TIMEEND) values (226,timestamp '2006-05-01 01:00:00.0',timestamp '2006-05-01 01:00:00.0');
insert into ServiceUsage(ID_USER,ID_INTERFACE) values(63,0);
insert into ReportServiceUsage (ID_USER,ID_INTERFACE,ID_CONCEPT,ID_QOSREPORT) values (63,0,0,226);
insert into Instance(ID_INSTANCE) values (226);
insert into QoSParameterinstance(ID_CONCEPT,ID_INSTANCE) values (0,226);
insert into QoSConformance (ID_QOSCONFORMANCE,VL_MEANVALUE,VL_STANDARDDEVIATION,ID_INSTANCE) values(226,-1.19939877859898,0.0,226);
insert into HasReportedValue(ID_QOSREPORT,ID_QOSCONFORMANCE,VL_ESTIMATEDCREDIBILITY,VL_REALCREDIBILITY) values (226,226,0,4);
insert into QoSReport (ID_QOSREPORT,DT_TIMESTART,DT_TIMEEND) values (227,timestamp '2006-05-01 03:00:00.0',timestamp '2006-05-01 03:00:00.0');
insert into ServiceUsage(ID_USER,ID_INTERFACE) values(43,0);
insert into ReportServiceUsage (ID_USER,ID_INTERFACE,ID_CONCEPT,ID_QOSREPORT) values (43,0,0,227);
insert into Instance(ID_INSTANCE) values (227);
insert into QoSParameterinstance(ID_CONCEPT,ID_INSTANCE) values (0,227);
insert into QoSConformance (ID_QOSCONFORMANCE,VL_MEANVALUE,VL_STANDARDDEVIATION,ID_INSTANCE) values(227,-0.7135009990055108,0.0,227);
insert into HasReportedValue(ID_QOSREPORT,ID_QOSCONFORMANCE,VL_ESTIMATEDCREDIBILITY,VL_REALCREDIBILITY) values (227,227,0,4);
insert into QoSReport (ID_QOSREPORT,DT_TIMESTART,DT_TIMEEND) values (228,timestamp '2006-05-01 04:00:00.0',timestamp '2006-05-01 04:00:00.0');
insert into ServiceUsage(ID_USER,ID_INTERFACE) values(63,1);
insert into ReportServiceUsage (ID_USER,ID_INTERFACE,ID_CONCEPT,ID_QOSREPORT) values (63,1,2,228);
insert into Instance(ID_INSTANCE) values (228);
insert into QoSParameterinstance(ID_CONCEPT,ID_INSTANCE) values (2,228);
insert into QoSConformance (ID_QOSCONFORMANCE,VL_MEANVALUE,VL_STANDARDDEVIATION,ID_INSTANCE) values(228,0.7844738593904315,0.0,228);
insert into HasReportedValue(ID_QOSREPORT,ID_QOSCONFORMANCE,VL_ESTIMATEDCREDIBILITY,VL_REALCREDIBILITY) values (228,228,0,4);
insert into QoSReport (ID_QOSREPORT,DT_TIMESTART,DT_TIMEEND) values (229,timestamp '2006-05-01 01:00:00.0',timestamp '2006-05-01 01:00:00.0');
insert into ReportServiceUsage (ID_USER,ID_INTERFACE,ID_CONCEPT,ID_QOSREPORT) values (63,0,2,229);
insert into Instance(ID_INSTANCE) values (229);
insert into QoSParameterinstance(ID_CONCEPT,ID_INSTANCE) values (2,229);
insert into QoSConformance (ID_QOSCONFORMANCE,VL_MEANVALUE,VL_STANDARDDEVIATION,ID_INSTANCE) values(229,0.10109730521276106,0.0,229);
insert into HasReportedValue(ID_QOSREPORT,ID_QOSCONFORMANCE,VL_ESTIMATEDCREDIBILITY,VL_REALCREDIBILITY) values (229,229,0,4);
insert into QoSReport (ID_QOSREPORT,DT_TIMESTART,DT_TIMEEND) values (230,timestamp '2006-05-01 04:00:00.0',timestamp '2006-05-01 04:00:00.0');
insert into ReportServiceUsage (ID_USER,ID_INTERFACE,ID_CONCEPT,ID_QOSREPORT) values (37,1,3,230);
insert into Instance(ID_INSTANCE) values (230);
insert into QoSParameterinstance(ID_CONCEPT,ID_INSTANCE) values (3,230);
insert into QoSConformance (ID_QOSCONFORMANCE,VL_MEANVALUE,VL_STANDARDDEVIATION,ID_INSTANCE) values(230,-0.47116637859101823,0.0,230);
insert into HasReportedValue(ID_QOSREPORT,ID_QOSCONFORMANCE,VL_ESTIMATEDCREDIBILITY,VL_REALCREDIBILITY) values (230,230,0,4);
insert into QoSReport (ID_QOSREPORT,DT_TIMESTART,DT_TIMEEND) values (231,timestamp '2006-05-01 01:00:00.0',timestamp '2006-05-01 01:00:00.0');
insert into ReportServiceUsage (ID_USER,ID_INTERFACE,ID_CONCEPT,ID_QOSREPORT) values (25,3,9,231);
insert into Instance(ID_INSTANCE) values (231);
insert into QoSParameterinstance(ID_CONCEPT,ID_INSTANCE) values (9,231);
insert into QoSConformance (ID_QOSCONFORMANCE,VL_MEANVALUE,VL_STANDARDDEVIATION,ID_INSTANCE) values(231,0.3564622582563475,0.0,231);
insert into HasReportedValue(ID_QOSREPORT,ID_QOSCONFORMANCE,VL_ESTIMATEDCREDIBILITY,VL_REALCREDIBILITY) values (231,231,0,4);
insert into QoSReport (ID_QOSREPORT,DT_TIMESTART,DT_TIMEEND) values (232,timestamp '2006-05-01 00:00:00.0',timestamp '2006-05-01 00:00:00.0');
insert into ServiceUsage(ID_USER,ID_INTERFACE) values(69,3);
insert into ReportServiceUsage (ID_USER,ID_INTERFACE,ID_CONCEPT,ID_QOSREPORT) values (69,3,5,232);
insert into Instance(ID_INSTANCE) values (232);
insert into QoSParameterinstance(ID_CONCEPT,ID_INSTANCE) values (5,232);
insert into QoSConformance (ID_QOSCONFORMANCE,VL_MEANVALUE,VL_STANDARDDEVIATION,ID_INSTANCE) values(232,0.4789189490488317,0.0,232);
insert into HasReportedValue(ID_QOSREPORT,ID_QOSCONFORMANCE,VL_ESTIMATEDCREDIBILITY,VL_REALCREDIBILITY) values (232,232,0,4);
insert into QoSReport (ID_QOSREPORT,DT_TIMESTART,DT_TIMEEND) values (233,timestamp '2006-05-01 00:00:00.0',timestamp '2006-05-01 00:00:00.0');
insert into ReportServiceUsage (ID_USER,ID_INTERFACE,ID_CONCEPT,ID_QOSREPORT) values (27,0,4,233);
insert into Instance(ID_INSTANCE) values (233);
insert into QoSParameterinstance(ID_CONCEPT,ID_INSTANCE) values (4,233);
insert into QoSConformance (ID_QOSCONFORMANCE,VL_MEANVALUE,VL_STANDARDDEVIATION,ID_INSTANCE) values(233,0.602347782177036,0.0,233);
insert into HasReportedValue(ID_QOSREPORT,ID_QOSCONFORMANCE,VL_ESTIMATEDCREDIBILITY,VL_REALCREDIBILITY) values (233,233,0,4);
insert into QoSReport (ID_QOSREPORT,DT_TIMESTART,DT_TIMEEND) values (234,timestamp '2006-05-01 02:00:00.0',timestamp '2006-05-01 02:00:00.0');
insert into ServiceUsage(ID_USER,ID_INTERFACE) values(66,1);
insert into ReportServiceUsage (ID_USER,ID_INTERFACE,ID_CONCEPT,ID_QOSREPORT) values (66,1,5,234);
insert into Instance(ID_INSTANCE) values (234);
insert into QoSParameterinstance(ID_CONCEPT,ID_INSTANCE) values (5,234);
insert into QoSConformance (ID_QOSCONFORMANCE,VL_MEANVALUE,VL_STANDARDDEVIATION,ID_INSTANCE) values(234,0.1350708630338996,0.0,234);
insert into HasReportedValue(ID_QOSREPORT,ID_QOSCONFORMANCE,VL_ESTIMATEDCREDIBILITY,VL_REALCREDIBILITY) values (234,234,0,4);
insert into QoSReport (ID_QOSREPORT,DT_TIMESTART,DT_TIMEEND) values (235,timestamp '2006-05-01 04:00:00.0',timestamp '2006-05-01 04:00:00.0');
insert into ServiceUsage(ID_USER,ID_INTERFACE) values(55,0);
insert into ReportServiceUsage (ID_USER,ID_INTERFACE,ID_CONCEPT,ID_QOSREPORT) values (55,0,9,235);
insert into Instance(ID_INSTANCE) values (235);
insert into QoSParameterinstance(ID_CONCEPT,ID_INSTANCE) values (9,235);
insert into QoSConformance (ID_QOSCONFORMANCE,VL_MEANVALUE,VL_STANDARDDEVIATION,ID_INSTANCE) values(235,0.02116867587962712,0.0,235);
insert into HasReportedValue(ID_QOSREPORT,ID_QOSCONFORMANCE,VL_ESTIMATEDCREDIBILITY,VL_REALCREDIBILITY) values (235,235,0,4);
insert into QoSReport (ID_QOSREPORT,DT_TIMESTART,DT_TIMEEND) values (236,timestamp '2006-05-01 01:00:00.0',timestamp '2006-05-01 01:00:00.0');
insert into ServiceUsage(ID_USER,ID_INTERFACE) values(33,0);
insert into ReportServiceUsage (ID_USER,ID_INTERFACE,ID_CONCEPT,ID_QOSREPORT) values (33,0,2,236);
insert into Instance(ID_INSTANCE) values (236);
insert into QoSParameterinstance(ID_CONCEPT,ID_INSTANCE) values (2,236);
insert into QoSConformance (ID_QOSCONFORMANCE,VL_MEANVALUE,VL_STANDARDDEVIATION,ID_INSTANCE) values(236,0.2104255495971798,0.0,236);
insert into HasReportedValue(ID_QOSREPORT,ID_QOSCONFORMANCE,VL_ESTIMATEDCREDIBILITY,VL_REALCREDIBILITY) values (236,236,0,4);
insert into QoSReport (ID_QOSREPORT,DT_TIMESTART,DT_TIMEEND) values (237,timestamp '2006-05-01 04:00:00.0',timestamp '2006-05-01 04:00:00.0');
insert into ServiceUsage(ID_USER,ID_INTERFACE) values(47,0);
insert into ReportServiceUsage (ID_USER,ID_INTERFACE,ID_CONCEPT,ID_QOSREPORT) values (47,0,5,237);
insert into Instance(ID_INSTANCE) values (237);
insert into QoSParameterinstance(ID_CONCEPT,ID_INSTANCE) values (5,237);
insert into QoSConformance (ID_QOSCONFORMANCE,VL_MEANVALUE,VL_STANDARDDEVIATION,ID_INSTANCE) values(237,-1.3431726270736146,0.0,237);
insert into HasReportedValue(ID_QOSREPORT,ID_QOSCONFORMANCE,VL_ESTIMATEDCREDIBILITY,VL_REALCREDIBILITY) values (237,237,0,4);
insert into QoSReport (ID_QOSREPORT,DT_TIMESTART,DT_TIMEEND) values (238,timestamp '2006-05-01 03:00:00.0',timestamp '2006-05-01 03:00:00.0');
insert into ReportServiceUsage (ID_USER,ID_INTERFACE,ID_CONCEPT,ID_QOSREPORT) values (62,1,4,238);
insert into Instance(ID_INSTANCE) values (238);
insert into QoSParameterinstance(ID_CONCEPT,ID_INSTANCE) values (4,238);
insert into QoSConformance (ID_QOSCONFORMANCE,VL_MEANVALUE,VL_STANDARDDEVIATION,ID_INSTANCE) values(238,0.024002547095235527,0.0,238);
insert into HasReportedValue(ID_QOSREPORT,ID_QOSCONFORMANCE,VL_ESTIMATEDCREDIBILITY,VL_REALCREDIBILITY) values (238,238,0,4);
insert into QoSReport (ID_QOSREPORT,DT_TIMESTART,DT_TIMEEND) values (239,timestamp '2006-05-01 00:00:00.0',timestamp '2006-05-01 00:00:00.0');
insert into ReportServiceUsage (ID_USER,ID_INTERFACE,ID_CONCEPT,ID_QOSREPORT) values (42,3,2,239);
insert into Instance(ID_INSTANCE) values (239);
insert into QoSParameterinstance(ID_CONCEPT,ID_INSTANCE) values (2,239);
insert into QoSConformance (ID_QOSCONFORMANCE,VL_MEANVALUE,VL_STANDARDDEVIATION,ID_INSTANCE) values(239,0.7607372663606635,0.0,239);
insert into HasReportedValue(ID_QOSREPORT,ID_QOSCONFORMANCE,VL_ESTIMATEDCREDIBILITY,VL_REALCREDIBILITY) values (239,239,0,4);
insert into QoSReport (ID_QOSREPORT,DT_TIMESTART,DT_TIMEEND) values (240,timestamp '2006-05-01 00:00:00.0',timestamp '2006-05-01 00:00:00.0');
insert into ReportServiceUsage (ID_USER,ID_INTERFACE,ID_CONCEPT,ID_QOSREPORT) values (72,0,9,240);
insert into Instance(ID_INSTANCE) values (240);
insert into QoSParameterinstance(ID_CONCEPT,ID_INSTANCE) values (9,240);
insert into QoSConformance (ID_QOSCONFORMANCE,VL_MEANVALUE,VL_STANDARDDEVIATION,ID_INSTANCE) values(240,-0.05964622607425962,0.0,240);
insert into HasReportedValue(ID_QOSREPORT,ID_QOSCONFORMANCE,VL_ESTIMATEDCREDIBILITY,VL_REALCREDIBILITY) values (240,240,0,4);
insert into QoSReport (ID_QOSREPORT,DT_TIMESTART,DT_TIMEEND) values (241,timestamp '2006-05-01 04:00:00.0',timestamp '2006-05-01 04:00:00.0');
insert into ServiceUsage(ID_USER,ID_INTERFACE) values(44,3);
insert into ReportServiceUsage (ID_USER,ID_INTERFACE,ID_CONCEPT,ID_QOSREPORT) values (44,3,0,241);
insert into Instance(ID_INSTANCE) values (241);
insert into QoSParameterinstance(ID_CONCEPT,ID_INSTANCE) values (0,241);
insert into QoSConformance (ID_QOSCONFORMANCE,VL_MEANVALUE,VL_STANDARDDEVIATION,ID_INSTANCE) values(241,0.6265178995539892,0.0,241);
insert into HasReportedValue(ID_QOSREPORT,ID_QOSCONFORMANCE,VL_ESTIMATEDCREDIBILITY,VL_REALCREDIBILITY) values (241,241,0,4);
insert into QoSReport (ID_QOSREPORT,DT_TIMESTART,DT_TIMEEND) values (242,timestamp '2006-05-01 03:00:00.0',timestamp '2006-05-01 03:00:00.0');
insert into ServiceUsage(ID_USER,ID_INTERFACE) values(27,1);
insert into ReportServiceUsage (ID_USER,ID_INTERFACE,ID_CONCEPT,ID_QOSREPORT) values (27,1,5,242);
insert into Instance(ID_INSTANCE) values (242);
insert into QoSParameterinstance(ID_CONCEPT,ID_INSTANCE) values (5,242);
insert into QoSConformance (ID_QOSCONFORMANCE,VL_MEANVALUE,VL_STANDARDDEVIATION,ID_INSTANCE) values(242,-0.10404262440584655,0.0,242);
insert into HasReportedValue(ID_QOSREPORT,ID_QOSCONFORMANCE,VL_ESTIMATEDCREDIBILITY,VL_REALCREDIBILITY) values (242,242,0,4);
insert into QoSReport (ID_QOSREPORT,DT_TIMESTART,DT_TIMEEND) values (243,timestamp '2006-05-01 04:00:00.0',timestamp '2006-05-01 04:00:00.0');
insert into ServiceUsage(ID_USER,ID_INTERFACE) values(67,1);
insert into ReportServiceUsage (ID_USER,ID_INTERFACE,ID_CONCEPT,ID_QOSREPORT) values (67,1,2,243);
insert into Instance(ID_INSTANCE) values (243);
insert into QoSParameterinstance(ID_CONCEPT,ID_INSTANCE) values (2,243);
insert into QoSConformance (ID_QOSCONFORMANCE,VL_MEANVALUE,VL_STANDARDDEVIATION,ID_INSTANCE) values(243,0.37063163753211903,0.0,243);
insert into HasReportedValue(ID_QOSREPORT,ID_QOSCONFORMANCE,VL_ESTIMATEDCREDIBILITY,VL_REALCREDIBILITY) values (243,243,0,4);
insert into QoSReport (ID_QOSREPORT,DT_TIMESTART,DT_TIMEEND) values (244,timestamp '2006-05-01 01:00:00.0',timestamp '2006-05-01 01:00:00.0');
insert into ServiceUsage(ID_USER,ID_INTERFACE) values(56,3);
insert into ReportServiceUsage (ID_USER,ID_INTERFACE,ID_CONCEPT,ID_QOSREPORT) values (56,3,8,244);
insert into Instance(ID_INSTANCE) values (244);
insert into QoSParameterinstance(ID_CONCEPT,ID_INSTANCE) values (8,244);
insert into QoSConformance (ID_QOSCONFORMANCE,VL_MEANVALUE,VL_STANDARDDEVIATION,ID_INSTANCE) values(244,0.9500491076744313,0.0,244);
insert into HasReportedValue(ID_QOSREPORT,ID_QOSCONFORMANCE,VL_ESTIMATEDCREDIBILITY,VL_REALCREDIBILITY) values (244,244,0,4);
insert into QoSReport (ID_QOSREPORT,DT_TIMESTART,DT_TIMEEND) values (245,timestamp '2006-05-01 00:00:00.0',timestamp '2006-05-01 00:00:00.0');
insert into ReportServiceUsage (ID_USER,ID_INTERFACE,ID_CONCEPT,ID_QOSREPORT) values (44,3,4,245);
insert into Instance(ID_INSTANCE) values (245);
insert into QoSParameterinstance(ID_CONCEPT,ID_INSTANCE) values (4,245);
insert into QoSConformance (ID_QOSCONFORMANCE,VL_MEANVALUE,VL_STANDARDDEVIATION,ID_INSTANCE) values(245,0.12380905466338898,0.0,245);
insert into HasReportedValue(ID_QOSREPORT,ID_QOSCONFORMANCE,VL_ESTIMATEDCREDIBILITY,VL_REALCREDIBILITY) values (245,245,0,4);
insert into QoSReport (ID_QOSREPORT,DT_TIMESTART,DT_TIMEEND) values (246,timestamp '2006-05-01 02:00:00.0',timestamp '2006-05-01 02:00:00.0');
insert into ReportServiceUsage (ID_USER,ID_INTERFACE,ID_CONCEPT,ID_QOSREPORT) values (58,0,9,246);
insert into Instance(ID_INSTANCE) values (246);
insert into QoSParameterinstance(ID_CONCEPT,ID_INSTANCE) values (9,246);
insert into QoSConformance (ID_QOSCONFORMANCE,VL_MEANVALUE,VL_STANDARDDEVIATION,ID_INSTANCE) values(246,-0.5428205685245147,0.0,246);
insert into HasReportedValue(ID_QOSREPORT,ID_QOSCONFORMANCE,VL_ESTIMATEDCREDIBILITY,VL_REALCREDIBILITY) values (246,246,0,4);
insert into QoSReport (ID_QOSREPORT,DT_TIMESTART,DT_TIMEEND) values (247,timestamp '2006-05-01 03:00:00.0',timestamp '2006-05-01 03:00:00.0');
insert into ReportServiceUsage (ID_USER,ID_INTERFACE,ID_CONCEPT,ID_QOSREPORT) values (72,0,8,247);
insert into Instance(ID_INSTANCE) values (247);
insert into QoSParameterinstance(ID_CONCEPT,ID_INSTANCE) values (8,247);
insert into QoSConformance (ID_QOSCONFORMANCE,VL_MEANVALUE,VL_STANDARDDEVIATION,ID_INSTANCE) values(247,-0.781986483327864,0.0,247);
insert into HasReportedValue(ID_QOSREPORT,ID_QOSCONFORMANCE,VL_ESTIMATEDCREDIBILITY,VL_REALCREDIBILITY) values (247,247,0,4);
insert into QoSReport (ID_QOSREPORT,DT_TIMESTART,DT_TIMEEND) values (248,timestamp '2006-05-01 04:00:00.0',timestamp '2006-05-01 04:00:00.0');
insert into ServiceUsage(ID_USER,ID_INTERFACE) values(38,0);
insert into ReportServiceUsage (ID_USER,ID_INTERFACE,ID_CONCEPT,ID_QOSREPORT) values (38,0,9,248);
insert into Instance(ID_INSTANCE) values (248);
insert into QoSParameterinstance(ID_CONCEPT,ID_INSTANCE) values (9,248);
insert into QoSConformance (ID_QOSCONFORMANCE,VL_MEANVALUE,VL_STANDARDDEVIATION,ID_INSTANCE) values(248,0.24657897242631988,0.0,248);
insert into HasReportedValue(ID_QOSREPORT,ID_QOSCONFORMANCE,VL_ESTIMATEDCREDIBILITY,VL_REALCREDIBILITY) values (248,248,0,4);
insert into QoSReport (ID_QOSREPORT,DT_TIMESTART,DT_TIMEEND) values (249,timestamp '2006-05-01 03:00:00.0',timestamp '2006-05-01 03:00:00.0');
insert into ReportServiceUsage (ID_USER,ID_INTERFACE,ID_CONCEPT,ID_QOSREPORT) values (38,1,1,249);
insert into Instance(ID_INSTANCE) values (249);
insert into QoSParameterinstance(ID_CONCEPT,ID_INSTANCE) values (1,249);
insert into QoSConformance (ID_QOSCONFORMANCE,VL_MEANVALUE,VL_STANDARDDEVIATION,ID_INSTANCE) values(249,-1.2477553528810708,0.0,249);
insert into HasReportedValue(ID_QOSREPORT,ID_QOSCONFORMANCE,VL_ESTIMATEDCREDIBILITY,VL_REALCREDIBILITY) values (249,249,0,4);
insert into QoSReport (ID_QOSREPORT,DT_TIMESTART,DT_TIMEEND) values (250,timestamp '2006-05-01 02:00:00.0',timestamp '2006-05-01 02:00:00.0');
insert into ReportServiceUsage (ID_USER,ID_INTERFACE,ID_CONCEPT,ID_QOSREPORT) values (40,0,3,250);
insert into Instance(ID_INSTANCE) values (250);
insert into QoSParameterinstance(ID_CONCEPT,ID_INSTANCE) values (3,250);
insert into QoSConformance (ID_QOSCONFORMANCE,VL_MEANVALUE,VL_STANDARDDEVIATION,ID_INSTANCE) values(250,-0.43208138591985085,0.0,250);
insert into HasReportedValue(ID_QOSREPORT,ID_QOSCONFORMANCE,VL_ESTIMATEDCREDIBILITY,VL_REALCREDIBILITY) values (250,250,0,4);
insert into QoSReport (ID_QOSREPORT,DT_TIMESTART,DT_TIMEEND) values (251,timestamp '2006-05-01 01:00:00.0',timestamp '2006-05-01 01:00:00.0');
insert into ServiceUsage(ID_USER,ID_INTERFACE) values(49,1);
insert into ReportServiceUsage (ID_USER,ID_INTERFACE,ID_CONCEPT,ID_QOSREPORT) values (49,1,7,251);
insert into Instance(ID_INSTANCE) values (251);
insert into QoSParameterinstance(ID_CONCEPT,ID_INSTANCE) values (7,251);
insert into QoSConformance (ID_QOSCONFORMANCE,VL_MEANVALUE,VL_STANDARDDEVIATION,ID_INSTANCE) values(251,0.32985873022927403,0.0,251);
insert into HasReportedValue(ID_QOSREPORT,ID_QOSCONFORMANCE,VL_ESTIMATEDCREDIBILITY,VL_REALCREDIBILITY) values (251,251,0,4);
insert into QoSReport (ID_QOSREPORT,DT_TIMESTART,DT_TIMEEND) values (252,timestamp '2006-05-01 04:00:00.0',timestamp '2006-05-01 04:00:00.0');
insert into ReportServiceUsage (ID_USER,ID_INTERFACE,ID_CONCEPT,ID_QOSREPORT) values (28,1,3,252);
insert into Instance(ID_INSTANCE) values (252);
insert into QoSParameterinstance(ID_CONCEPT,ID_INSTANCE) values (3,252);
insert into QoSConformance (ID_QOSCONFORMANCE,VL_MEANVALUE,VL_STANDARDDEVIATION,ID_INSTANCE) values(252,-0.9250152775122784,0.0,252);
insert into HasReportedValue(ID_QOSREPORT,ID_QOSCONFORMANCE,VL_ESTIMATEDCREDIBILITY,VL_REALCREDIBILITY) values (252,252,0,4);
insert into QoSReport (ID_QOSREPORT,DT_TIMESTART,DT_TIMEEND) values (253,timestamp '2006-05-01 01:00:00.0',timestamp '2006-05-01 01:00:00.0');
insert into ReportServiceUsage (ID_USER,ID_INTERFACE,ID_CONCEPT,ID_QOSREPORT) values (32,3,2,253);
insert into Instance(ID_INSTANCE) values (253);
insert into QoSParameterinstance(ID_CONCEPT,ID_INSTANCE) values (2,253);
insert into QoSConformance (ID_QOSCONFORMANCE,VL_MEANVALUE,VL_STANDARDDEVIATION,ID_INSTANCE) values(253,-0.38057223031589804,0.0,253);
insert into HasReportedValue(ID_QOSREPORT,ID_QOSCONFORMANCE,VL_ESTIMATEDCREDIBILITY,VL_REALCREDIBILITY) values (253,253,0,4);
insert into QoSReport (ID_QOSREPORT,DT_TIMESTART,DT_TIMEEND) values (254,timestamp '2006-05-01 00:00:00.0',timestamp '2006-05-01 00:00:00.0');
insert into ServiceUsage(ID_USER,ID_INTERFACE) values(71,3);
insert into ReportServiceUsage (ID_USER,ID_INTERFACE,ID_CONCEPT,ID_QOSREPORT) values (71,3,4,254);
insert into Instance(ID_INSTANCE) values (254);
insert into QoSParameterinstance(ID_CONCEPT,ID_INSTANCE) values (4,254);
insert into QoSConformance (ID_QOSCONFORMANCE,VL_MEANVALUE,VL_STANDARDDEVIATION,ID_INSTANCE) values(254,-0.09463689820498311,0.0,254);
insert into HasReportedValue(ID_QOSREPORT,ID_QOSCONFORMANCE,VL_ESTIMATEDCREDIBILITY,VL_REALCREDIBILITY) values (254,254,0,4);
insert into QoSReport (ID_QOSREPORT,DT_TIMESTART,DT_TIMEEND) values (255,timestamp '2006-05-01 04:00:00.0',timestamp '2006-05-01 04:00:00.0');
insert into ServiceUsage(ID_USER,ID_INTERFACE) values(42,1);
insert into ReportServiceUsage (ID_USER,ID_INTERFACE,ID_CONCEPT,ID_QOSREPORT) values (42,1,8,255);
insert into Instance(ID_INSTANCE) values (255);
insert into QoSParameterinstance(ID_CONCEPT,ID_INSTANCE) values (8,255);
insert into QoSConformance (ID_QOSCONFORMANCE,VL_MEANVALUE,VL_STANDARDDEVIATION,ID_INSTANCE) values(255,0.39293913025499494,0.0,255);
insert into HasReportedValue(ID_QOSREPORT,ID_QOSCONFORMANCE,VL_ESTIMATEDCREDIBILITY,VL_REALCREDIBILITY) values (255,255,0,4);
insert into QoSReport (ID_QOSREPORT,DT_TIMESTART,DT_TIMEEND) values (256,timestamp '2006-05-01 02:00:00.0',timestamp '2006-05-01 02:00:00.0');
insert into ServiceUsage(ID_USER,ID_INTERFACE) values(64,3);
insert into ReportServiceUsage (ID_USER,ID_INTERFACE,ID_CONCEPT,ID_QOSREPORT) values (64,3,4,256);
insert into Instance(ID_INSTANCE) values (256);
insert into QoSParameterinstance(ID_CONCEPT,ID_INSTANCE) values (4,256);
insert into QoSConformance (ID_QOSCONFORMANCE,VL_MEANVALUE,VL_STANDARDDEVIATION,ID_INSTANCE) values(256,0.32596722307099335,0.0,256);
insert into HasReportedValue(ID_QOSREPORT,ID_QOSCONFORMANCE,VL_ESTIMATEDCREDIBILITY,VL_REALCREDIBILITY) values (256,256,0,4);
insert into QoSReport (ID_QOSREPORT,DT_TIMESTART,DT_TIMEEND) values (257,timestamp '2006-05-01 00:00:00.0',timestamp '2006-05-01 00:00:00.0');
insert into ReportServiceUsage (ID_USER,ID_INTERFACE,ID_CONCEPT,ID_QOSREPORT) values (33,1,0,257);
insert into Instance(ID_INSTANCE) values (257);
insert into QoSParameterinstance(ID_CONCEPT,ID_INSTANCE) values (0,257);
insert into QoSConformance (ID_QOSCONFORMANCE,VL_MEANVALUE,VL_STANDARDDEVIATION,ID_INSTANCE) values(257,0.4992168097925905,0.0,257);
insert into HasReportedValue(ID_QOSREPORT,ID_QOSCONFORMANCE,VL_ESTIMATEDCREDIBILITY,VL_REALCREDIBILITY) values (257,257,0,4);
insert into QoSReport (ID_QOSREPORT,DT_TIMESTART,DT_TIMEEND) values (258,timestamp '2006-05-01 01:00:00.0',timestamp '2006-05-01 01:00:00.0');
insert into ServiceUsage(ID_USER,ID_INTERFACE) values(29,0);
insert into ReportServiceUsage (ID_USER,ID_INTERFACE,ID_CONCEPT,ID_QOSREPORT) values (29,0,6,258);
insert into Instance(ID_INSTANCE) values (258);
insert into QoSParameterinstance(ID_CONCEPT,ID_INSTANCE) values (6,258);
insert into QoSConformance (ID_QOSCONFORMANCE,VL_MEANVALUE,VL_STANDARDDEVIATION,ID_INSTANCE) values(258,-0.2683561012279897,0.0,258);
insert into HasReportedValue(ID_QOSREPORT,ID_QOSCONFORMANCE,VL_ESTIMATEDCREDIBILITY,VL_REALCREDIBILITY) values (258,258,0,4);
insert into QoSReport (ID_QOSREPORT,DT_TIMESTART,DT_TIMEEND) values (259,timestamp '2006-05-01 00:00:00.0',timestamp '2006-05-01 00:00:00.0');
insert into ReportServiceUsage (ID_USER,ID_INTERFACE,ID_CONCEPT,ID_QOSREPORT) values (40,0,7,259);
insert into Instance(ID_INSTANCE) values (259);
insert into QoSParameterinstance(ID_CONCEPT,ID_INSTANCE) values (7,259);
insert into QoSConformance (ID_QOSCONFORMANCE,VL_MEANVALUE,VL_STANDARDDEVIATION,ID_INSTANCE) values(259,-0.5202629204926038,0.0,259);
insert into HasReportedValue(ID_QOSREPORT,ID_QOSCONFORMANCE,VL_ESTIMATEDCREDIBILITY,VL_REALCREDIBILITY) values (259,259,0,4);
insert into QoSReport (ID_QOSREPORT,DT_TIMESTART,DT_TIMEEND) values (260,timestamp '2006-05-01 02:00:00.0',timestamp '2006-05-01 02:00:00.0');
insert into ServiceUsage(ID_USER,ID_INTERFACE) values(36,1);
insert into ReportServiceUsage (ID_USER,ID_INTERFACE,ID_CONCEPT,ID_QOSREPORT) values (36,1,3,260);
insert into Instance(ID_INSTANCE) values (260);
insert into QoSParameterinstance(ID_CONCEPT,ID_INSTANCE) values (3,260);
insert into QoSConformance (ID_QOSCONFORMANCE,VL_MEANVALUE,VL_STANDARDDEVIATION,ID_INSTANCE) values(260,0.49219406322413584,0.0,260);
insert into HasReportedValue(ID_QOSREPORT,ID_QOSCONFORMANCE,VL_ESTIMATEDCREDIBILITY,VL_REALCREDIBILITY) values (260,260,0,4);
insert into QoSReport (ID_QOSREPORT,DT_TIMESTART,DT_TIMEEND) values (261,timestamp '2006-05-01 04:00:00.0',timestamp '2006-05-01 04:00:00.0');
insert into ServiceUsage(ID_USER,ID_INTERFACE) values(48,1);
insert into ReportServiceUsage (ID_USER,ID_INTERFACE,ID_CONCEPT,ID_QOSREPORT) values (48,1,1,261);
insert into Instance(ID_INSTANCE) values (261);
insert into QoSParameterinstance(ID_CONCEPT,ID_INSTANCE) values (1,261);
insert into QoSConformance (ID_QOSCONFORMANCE,VL_MEANVALUE,VL_STANDARDDEVIATION,ID_INSTANCE) values(261,0.7032314302554956,0.0,261);
insert into HasReportedValue(ID_QOSREPORT,ID_QOSCONFORMANCE,VL_ESTIMATEDCREDIBILITY,VL_REALCREDIBILITY) values (261,261,0,4);
insert into QoSReport (ID_QOSREPORT,DT_TIMESTART,DT_TIMEEND) values (262,timestamp '2006-05-01 01:00:00.0',timestamp '2006-05-01 01:00:00.0');
insert into ReportServiceUsage (ID_USER,ID_INTERFACE,ID_CONCEPT,ID_QOSREPORT) values (69,1,7,262);
insert into Instance(ID_INSTANCE) values (262);
insert into QoSParameterinstance(ID_CONCEPT,ID_INSTANCE) values (7,262);
insert into QoSConformance (ID_QOSCONFORMANCE,VL_MEANVALUE,VL_STANDARDDEVIATION,ID_INSTANCE) values(262,0.8902611998619263,0.0,262);
insert into HasReportedValue(ID_QOSREPORT,ID_QOSCONFORMANCE,VL_ESTIMATEDCREDIBILITY,VL_REALCREDIBILITY) values (262,262,0,4);
insert into QoSReport (ID_QOSREPORT,DT_TIMESTART,DT_TIMEEND) values (263,timestamp '2006-05-01 04:00:00.0',timestamp '2006-05-01 04:00:00.0');
insert into ReportServiceUsage (ID_USER,ID_INTERFACE,ID_CONCEPT,ID_QOSREPORT) values (63,1,7,263);
insert into Instance(ID_INSTANCE) values (263);
insert into QoSParameterinstance(ID_CONCEPT,ID_INSTANCE) values (7,263);
insert into QoSConformance (ID_QOSCONFORMANCE,VL_MEANVALUE,VL_STANDARDDEVIATION,ID_INSTANCE) values(263,0.9342270088386797,0.0,263);
insert into HasReportedValue(ID_QOSREPORT,ID_QOSCONFORMANCE,VL_ESTIMATEDCREDIBILITY,VL_REALCREDIBILITY) values (263,263,0,4);
insert into QoSReport (ID_QOSREPORT,DT_TIMESTART,DT_TIMEEND) values (264,timestamp '2006-05-01 04:00:00.0',timestamp '2006-05-01 04:00:00.0');
insert into ReportServiceUsage (ID_USER,ID_INTERFACE,ID_CONCEPT,ID_QOSREPORT) values (32,0,2,264);
insert into Instance(ID_INSTANCE) values (264);
insert into QoSParameterinstance(ID_CONCEPT,ID_INSTANCE) values (2,264);
insert into QoSConformance (ID_QOSCONFORMANCE,VL_MEANVALUE,VL_STANDARDDEVIATION,ID_INSTANCE) values(264,-0.7987143925402762,0.0,264);
insert into HasReportedValue(ID_QOSREPORT,ID_QOSCONFORMANCE,VL_ESTIMATEDCREDIBILITY,VL_REALCREDIBILITY) values (264,264,0,4);
insert into QoSReport (ID_QOSREPORT,DT_TIMESTART,DT_TIMEEND) values (265,timestamp '2006-05-01 02:00:00.0',timestamp '2006-05-01 02:00:00.0');
insert into ReportServiceUsage (ID_USER,ID_INTERFACE,ID_CONCEPT,ID_QOSREPORT) values (28,0,1,265);
insert into Instance(ID_INSTANCE) values (265);
insert into QoSParameterinstance(ID_CONCEPT,ID_INSTANCE) values (1,265);
insert into QoSConformance (ID_QOSCONFORMANCE,VL_MEANVALUE,VL_STANDARDDEVIATION,ID_INSTANCE) values(265,0.4402141631379373,0.0,265);
insert into HasReportedValue(ID_QOSREPORT,ID_QOSCONFORMANCE,VL_ESTIMATEDCREDIBILITY,VL_REALCREDIBILITY) values (265,265,0,4);
insert into QoSReport (ID_QOSREPORT,DT_TIMESTART,DT_TIMEEND) values (266,timestamp '2006-05-01 04:00:00.0',timestamp '2006-05-01 04:00:00.0');
insert into ReportServiceUsage (ID_USER,ID_INTERFACE,ID_CONCEPT,ID_QOSREPORT) values (57,1,5,266);
insert into Instance(ID_INSTANCE) values (266);
insert into QoSParameterinstance(ID_CONCEPT,ID_INSTANCE) values (5,266);
insert into QoSConformance (ID_QOSCONFORMANCE,VL_MEANVALUE,VL_STANDARDDEVIATION,ID_INSTANCE) values(266,0.0025585990750819354,0.0,266);
insert into HasReportedValue(ID_QOSREPORT,ID_QOSCONFORMANCE,VL_ESTIMATEDCREDIBILITY,VL_REALCREDIBILITY) values (266,266,0,4);
insert into QoSReport (ID_QOSREPORT,DT_TIMESTART,DT_TIMEEND) values (267,timestamp '2006-05-01 02:00:00.0',timestamp '2006-05-01 02:00:00.0');
insert into ReportServiceUsage (ID_USER,ID_INTERFACE,ID_CONCEPT,ID_QOSREPORT) values (69,0,2,267);
insert into Instance(ID_INSTANCE) values (267);
insert into QoSParameterinstance(ID_CONCEPT,ID_INSTANCE) values (2,267);
insert into QoSConformance (ID_QOSCONFORMANCE,VL_MEANVALUE,VL_STANDARDDEVIATION,ID_INSTANCE) values(267,0.3682156565817246,0.0,267);
insert into HasReportedValue(ID_QOSREPORT,ID_QOSCONFORMANCE,VL_ESTIMATEDCREDIBILITY,VL_REALCREDIBILITY) values (267,267,0,4);
insert into QoSReport (ID_QOSREPORT,DT_TIMESTART,DT_TIMEEND) values (268,timestamp '2006-05-01 01:00:00.0',timestamp '2006-05-01 01:00:00.0');
insert into ReportServiceUsage (ID_USER,ID_INTERFACE,ID_CONCEPT,ID_QOSREPORT) values (25,1,5,268);
insert into Instance(ID_INSTANCE) values (268);
insert into QoSParameterinstance(ID_CONCEPT,ID_INSTANCE) values (5,268);
insert into QoSConformance (ID_QOSCONFORMANCE,VL_MEANVALUE,VL_STANDARDDEVIATION,ID_INSTANCE) values(268,-0.3636379691387811,0.0,268);
insert into HasReportedValue(ID_QOSREPORT,ID_QOSCONFORMANCE,VL_ESTIMATEDCREDIBILITY,VL_REALCREDIBILITY) values (268,268,0,4);
insert into QoSReport (ID_QOSREPORT,DT_TIMESTART,DT_TIMEEND) values (269,timestamp '2006-05-01 04:00:00.0',timestamp '2006-05-01 04:00:00.0');
insert into ServiceUsage(ID_USER,ID_INTERFACE) values(67,3);
insert into ReportServiceUsage (ID_USER,ID_INTERFACE,ID_CONCEPT,ID_QOSREPORT) values (67,3,4,269);
insert into Instance(ID_INSTANCE) values (269);
insert into QoSParameterinstance(ID_CONCEPT,ID_INSTANCE) values (4,269);
insert into QoSConformance (ID_QOSCONFORMANCE,VL_MEANVALUE,VL_STANDARDDEVIATION,ID_INSTANCE) values(269,-0.2431984776059266,0.0,269);
insert into HasReportedValue(ID_QOSREPORT,ID_QOSCONFORMANCE,VL_ESTIMATEDCREDIBILITY,VL_REALCREDIBILITY) values (269,269,0,4);
insert into QoSReport (ID_QOSREPORT,DT_TIMESTART,DT_TIMEEND) values (270,timestamp '2006-05-01 04:00:00.0',timestamp '2006-05-01 04:00:00.0');
insert into ReportServiceUsage (ID_USER,ID_INTERFACE,ID_CONCEPT,ID_QOSREPORT) values (33,1,3,270);
insert into Instance(ID_INSTANCE) values (270);
insert into QoSParameterinstance(ID_CONCEPT,ID_INSTANCE) values (3,270);
insert into QoSConformance (ID_QOSCONFORMANCE,VL_MEANVALUE,VL_STANDARDDEVIATION,ID_INSTANCE) values(270,0.24012524261668666,0.0,270);
insert into HasReportedValue(ID_QOSREPORT,ID_QOSCONFORMANCE,VL_ESTIMATEDCREDIBILITY,VL_REALCREDIBILITY) values (270,270,0,4);
insert into QoSReport (ID_QOSREPORT,DT_TIMESTART,DT_TIMEEND) values (271,timestamp '2006-05-01 03:00:00.0',timestamp '2006-05-01 03:00:00.0');
insert into ServiceUsage(ID_USER,ID_INTERFACE) values(48,0);
insert into ReportServiceUsage (ID_USER,ID_INTERFACE,ID_CONCEPT,ID_QOSREPORT) values (48,0,0,271);
insert into Instance(ID_INSTANCE) values (271);
insert into QoSParameterinstance(ID_CONCEPT,ID_INSTANCE) values (0,271);
insert into QoSConformance (ID_QOSCONFORMANCE,VL_MEANVALUE,VL_STANDARDDEVIATION,ID_INSTANCE) values(271,-0.29924075954028256,0.0,271);
insert into HasReportedValue(ID_QOSREPORT,ID_QOSCONFORMANCE,VL_ESTIMATEDCREDIBILITY,VL_REALCREDIBILITY) values (271,271,0,4);
insert into QoSReport (ID_QOSREPORT,DT_TIMESTART,DT_TIMEEND) values (272,timestamp '2006-05-01 01:00:00.0',timestamp '2006-05-01 01:00:00.0');
insert into ServiceUsage(ID_USER,ID_INTERFACE) values(67,0);
insert into ReportServiceUsage (ID_USER,ID_INTERFACE,ID_CONCEPT,ID_QOSREPORT) values (67,0,0,272);
insert into Instance(ID_INSTANCE) values (272);
insert into QoSParameterinstance(ID_CONCEPT,ID_INSTANCE) values (0,272);
insert into QoSConformance (ID_QOSCONFORMANCE,VL_MEANVALUE,VL_STANDARDDEVIATION,ID_INSTANCE) values(272,0.22837183553130108,0.0,272);
insert into HasReportedValue(ID_QOSREPORT,ID_QOSCONFORMANCE,VL_ESTIMATEDCREDIBILITY,VL_REALCREDIBILITY) values (272,272,0,4);
insert into QoSReport (ID_QOSREPORT,DT_TIMESTART,DT_TIMEEND) values (273,timestamp '2006-05-01 04:00:00.0',timestamp '2006-05-01 04:00:00.0');
insert into ServiceUsage(ID_USER,ID_INTERFACE) values(53,0);
insert into ReportServiceUsage (ID_USER,ID_INTERFACE,ID_CONCEPT,ID_QOSREPORT) values (53,0,9,273);
insert into Instance(ID_INSTANCE) values (273);
insert into QoSParameterinstance(ID_CONCEPT,ID_INSTANCE) values (9,273);
insert into QoSConformance (ID_QOSCONFORMANCE,VL_MEANVALUE,VL_STANDARDDEVIATION,ID_INSTANCE) values(273,-0.26137013706421725,0.0,273);
insert into HasReportedValue(ID_QOSREPORT,ID_QOSCONFORMANCE,VL_ESTIMATEDCREDIBILITY,VL_REALCREDIBILITY) values (273,273,0,4);
insert into QoSReport (ID_QOSREPORT,DT_TIMESTART,DT_TIMEEND) values (274,timestamp '2006-05-01 04:00:00.0',timestamp '2006-05-01 04:00:00.0');
insert into ServiceUsage(ID_USER,ID_INTERFACE) values(38,3);
insert into ReportServiceUsage (ID_USER,ID_INTERFACE,ID_CONCEPT,ID_QOSREPORT) values (38,3,4,274);
insert into Instance(ID_INSTANCE) values (274);
insert into QoSParameterinstance(ID_CONCEPT,ID_INSTANCE) values (4,274);
insert into QoSConformance (ID_QOSCONFORMANCE,VL_MEANVALUE,VL_STANDARDDEVIATION,ID_INSTANCE) values(274,0.01411665431838327,0.0,274);
insert into HasReportedValue(ID_QOSREPORT,ID_QOSCONFORMANCE,VL_ESTIMATEDCREDIBILITY,VL_REALCREDIBILITY) values (274,274,0,4);
insert into QoSReport (ID_QOSREPORT,DT_TIMESTART,DT_TIMEEND) values (275,timestamp '2006-05-01 01:00:00.0',timestamp '2006-05-01 01:00:00.0');
insert into ReportServiceUsage (ID_USER,ID_INTERFACE,ID_CONCEPT,ID_QOSREPORT) values (25,0,5,275);
insert into Instance(ID_INSTANCE) values (275);
insert into QoSParameterinstance(ID_CONCEPT,ID_INSTANCE) values (5,275);
insert into QoSConformance (ID_QOSCONFORMANCE,VL_MEANVALUE,VL_STANDARDDEVIATION,ID_INSTANCE) values(275,-0.6770370828199616,0.0,275);
insert into HasReportedValue(ID_QOSREPORT,ID_QOSCONFORMANCE,VL_ESTIMATEDCREDIBILITY,VL_REALCREDIBILITY) values (275,275,0,4);
insert into QoSReport (ID_QOSREPORT,DT_TIMESTART,DT_TIMEEND) values (276,timestamp '2006-05-01 04:00:00.0',timestamp '2006-05-01 04:00:00.0');
insert into ReportServiceUsage (ID_USER,ID_INTERFACE,ID_CONCEPT,ID_QOSREPORT) values (26,0,0,276);
insert into Instance(ID_INSTANCE) values (276);
insert into QoSParameterinstance(ID_CONCEPT,ID_INSTANCE) values (0,276);
insert into QoSConformance (ID_QOSCONFORMANCE,VL_MEANVALUE,VL_STANDARDDEVIATION,ID_INSTANCE) values(276,-0.4074035306231241,0.0,276);
insert into HasReportedValue(ID_QOSREPORT,ID_QOSCONFORMANCE,VL_ESTIMATEDCREDIBILITY,VL_REALCREDIBILITY) values (276,276,0,4);
insert into QoSReport (ID_QOSREPORT,DT_TIMESTART,DT_TIMEEND) values (277,timestamp '2006-05-01 04:00:00.0',timestamp '2006-05-01 04:00:00.0');
insert into ReportServiceUsage (ID_USER,ID_INTERFACE,ID_CONCEPT,ID_QOSREPORT) values (63,3,6,277);
insert into Instance(ID_INSTANCE) values (277);
insert into QoSParameterinstance(ID_CONCEPT,ID_INSTANCE) values (6,277);
insert into QoSConformance (ID_QOSCONFORMANCE,VL_MEANVALUE,VL_STANDARDDEVIATION,ID_INSTANCE) values(277,0.5001564424671352,0.0,277);
insert into HasReportedValue(ID_QOSREPORT,ID_QOSCONFORMANCE,VL_ESTIMATEDCREDIBILITY,VL_REALCREDIBILITY) values (277,277,0,4);
insert into QoSReport (ID_QOSREPORT,DT_TIMESTART,DT_TIMEEND) values (278,timestamp '2006-05-01 04:00:00.0',timestamp '2006-05-01 04:00:00.0');
insert into ReportServiceUsage (ID_USER,ID_INTERFACE,ID_CONCEPT,ID_QOSREPORT) values (32,0,5,278);
insert into Instance(ID_INSTANCE) values (278);
insert into QoSParameterinstance(ID_CONCEPT,ID_INSTANCE) values (5,278);
insert into QoSConformance (ID_QOSCONFORMANCE,VL_MEANVALUE,VL_STANDARDDEVIATION,ID_INSTANCE) values(278,-0.43791211044399864,0.0,278);
insert into HasReportedValue(ID_QOSREPORT,ID_QOSCONFORMANCE,VL_ESTIMATEDCREDIBILITY,VL_REALCREDIBILITY) values (278,278,0,4);
insert into QoSReport (ID_QOSREPORT,DT_TIMESTART,DT_TIMEEND) values (279,timestamp '2006-05-01 04:00:00.0',timestamp '2006-05-01 04:00:00.0');
insert into ServiceUsage(ID_USER,ID_INTERFACE) values(51,3);
insert into ReportServiceUsage (ID_USER,ID_INTERFACE,ID_CONCEPT,ID_QOSREPORT) values (51,3,5,279);
insert into Instance(ID_INSTANCE) values (279);
insert into QoSParameterinstance(ID_CONCEPT,ID_INSTANCE) values (5,279);
insert into QoSConformance (ID_QOSCONFORMANCE,VL_MEANVALUE,VL_STANDARDDEVIATION,ID_INSTANCE) values(279,-0.8544779318391871,0.0,279);
insert into HasReportedValue(ID_QOSREPORT,ID_QOSCONFORMANCE,VL_ESTIMATEDCREDIBILITY,VL_REALCREDIBILITY) values (279,279,0,4);
insert into QoSReport (ID_QOSREPORT,DT_TIMESTART,DT_TIMEEND) values (280,timestamp '2006-05-01 04:00:00.0',timestamp '2006-05-01 04:00:00.0');
insert into ReportServiceUsage (ID_USER,ID_INTERFACE,ID_CONCEPT,ID_QOSREPORT) values (56,3,9,280);
insert into Instance(ID_INSTANCE) values (280);
insert into QoSParameterinstance(ID_CONCEPT,ID_INSTANCE) values (9,280);
insert into QoSConformance (ID_QOSCONFORMANCE,VL_MEANVALUE,VL_STANDARDDEVIATION,ID_INSTANCE) values(280,-0.1891482866567232,0.0,280);
insert into HasReportedValue(ID_QOSREPORT,ID_QOSCONFORMANCE,VL_ESTIMATEDCREDIBILITY,VL_REALCREDIBILITY) values (280,280,0,4);
insert into QoSReport (ID_QOSREPORT,DT_TIMESTART,DT_TIMEEND) values (281,timestamp '2006-05-01 02:00:00.0',timestamp '2006-05-01 02:00:00.0');
insert into ServiceUsage(ID_USER,ID_INTERFACE) values(29,3);
insert into ReportServiceUsage (ID_USER,ID_INTERFACE,ID_CONCEPT,ID_QOSREPORT) values (29,3,0,281);
insert into Instance(ID_INSTANCE) values (281);
insert into QoSParameterinstance(ID_CONCEPT,ID_INSTANCE) values (0,281);
insert into QoSConformance (ID_QOSCONFORMANCE,VL_MEANVALUE,VL_STANDARDDEVIATION,ID_INSTANCE) values(281,-0.8968743642028133,0.0,281);
insert into HasReportedValue(ID_QOSREPORT,ID_QOSCONFORMANCE,VL_ESTIMATEDCREDIBILITY,VL_REALCREDIBILITY) values (281,281,0,4);
insert into QoSReport (ID_QOSREPORT,DT_TIMESTART,DT_TIMEEND) values (282,timestamp '2006-05-01 03:00:00.0',timestamp '2006-05-01 03:00:00.0');
insert into ReportServiceUsage (ID_USER,ID_INTERFACE,ID_CONCEPT,ID_QOSREPORT) values (33,0,5,282);
insert into Instance(ID_INSTANCE) values (282);
insert into QoSParameterinstance(ID_CONCEPT,ID_INSTANCE) values (5,282);
insert into QoSConformance (ID_QOSCONFORMANCE,VL_MEANVALUE,VL_STANDARDDEVIATION,ID_INSTANCE) values(282,0.13140945917773705,0.0,282);
insert into HasReportedValue(ID_QOSREPORT,ID_QOSCONFORMANCE,VL_ESTIMATEDCREDIBILITY,VL_REALCREDIBILITY) values (282,282,0,4);
insert into QoSReport (ID_QOSREPORT,DT_TIMESTART,DT_TIMEEND) values (283,timestamp '2006-05-01 00:00:00.0',timestamp '2006-05-01 00:00:00.0');
insert into ReportServiceUsage (ID_USER,ID_INTERFACE,ID_CONCEPT,ID_QOSREPORT) values (44,3,9,283);
insert into Instance(ID_INSTANCE) values (283);
insert into QoSParameterinstance(ID_CONCEPT,ID_INSTANCE) values (9,283);
insert into QoSConformance (ID_QOSCONFORMANCE,VL_MEANVALUE,VL_STANDARDDEVIATION,ID_INSTANCE) values(283,0.3444547861385474,0.0,283);
insert into HasReportedValue(ID_QOSREPORT,ID_QOSCONFORMANCE,VL_ESTIMATEDCREDIBILITY,VL_REALCREDIBILITY) values (283,283,0,4);
insert into QoSReport (ID_QOSREPORT,DT_TIMESTART,DT_TIMEEND) values (284,timestamp '2006-05-01 02:00:00.0',timestamp '2006-05-01 02:00:00.0');
insert into ReportServiceUsage (ID_USER,ID_INTERFACE,ID_CONCEPT,ID_QOSREPORT) values (29,0,3,284);
insert into Instance(ID_INSTANCE) values (284);
insert into QoSParameterinstance(ID_CONCEPT,ID_INSTANCE) values (3,284);
insert into QoSConformance (ID_QOSCONFORMANCE,VL_MEANVALUE,VL_STANDARDDEVIATION,ID_INSTANCE) values(284,0.20003876647667823,0.0,284);
insert into HasReportedValue(ID_QOSREPORT,ID_QOSCONFORMANCE,VL_ESTIMATEDCREDIBILITY,VL_REALCREDIBILITY) values (284,284,0,4);
insert into QoSReport (ID_QOSREPORT,DT_TIMESTART,DT_TIMEEND) values (285,timestamp '2006-05-01 02:00:00.0',timestamp '2006-05-01 02:00:00.0');
insert into ReportServiceUsage (ID_USER,ID_INTERFACE,ID_CONCEPT,ID_QOSREPORT) values (59,0,7,285);
insert into Instance(ID_INSTANCE) values (285);
insert into QoSParameterinstance(ID_CONCEPT,ID_INSTANCE) values (7,285);
insert into QoSConformance (ID_QOSCONFORMANCE,VL_MEANVALUE,VL_STANDARDDEVIATION,ID_INSTANCE) values(285,0.2985947183171761,0.0,285);
insert into HasReportedValue(ID_QOSREPORT,ID_QOSCONFORMANCE,VL_ESTIMATEDCREDIBILITY,VL_REALCREDIBILITY) values (285,285,0,4);
insert into QoSReport (ID_QOSREPORT,DT_TIMESTART,DT_TIMEEND) values (286,timestamp '2006-05-01 01:00:00.0',timestamp '2006-05-01 01:00:00.0');
insert into ReportServiceUsage (ID_USER,ID_INTERFACE,ID_CONCEPT,ID_QOSREPORT) values (30,0,0,286);
insert into Instance(ID_INSTANCE) values (286);
insert into QoSParameterinstance(ID_CONCEPT,ID_INSTANCE) values (0,286);
insert into QoSConformance (ID_QOSCONFORMANCE,VL_MEANVALUE,VL_STANDARDDEVIATION,ID_INSTANCE) values(286,0.26177924563290134,0.0,286);
insert into HasReportedValue(ID_QOSREPORT,ID_QOSCONFORMANCE,VL_ESTIMATEDCREDIBILITY,VL_REALCREDIBILITY) values (286,286,0,4);
insert into QoSReport (ID_QOSREPORT,DT_TIMESTART,DT_TIMEEND) values (287,timestamp '2006-05-01 02:00:00.0',timestamp '2006-05-01 02:00:00.0');
insert into ServiceUsage(ID_USER,ID_INTERFACE) values(50,0);
insert into ReportServiceUsage (ID_USER,ID_INTERFACE,ID_CONCEPT,ID_QOSREPORT) values (50,0,3,287);
insert into Instance(ID_INSTANCE) values (287);
insert into QoSParameterinstance(ID_CONCEPT,ID_INSTANCE) values (3,287);
insert into QoSConformance (ID_QOSCONFORMANCE,VL_MEANVALUE,VL_STANDARDDEVIATION,ID_INSTANCE) values(287,-0.6751446437368147,0.0,287);
insert into HasReportedValue(ID_QOSREPORT,ID_QOSCONFORMANCE,VL_ESTIMATEDCREDIBILITY,VL_REALCREDIBILITY) values (287,287,0,4);
insert into QoSReport (ID_QOSREPORT,DT_TIMESTART,DT_TIMEEND) values (288,timestamp '2006-05-01 02:00:00.0',timestamp '2006-05-01 02:00:00.0');
insert into ServiceUsage(ID_USER,ID_INTERFACE) values(72,1);
insert into ReportServiceUsage (ID_USER,ID_INTERFACE,ID_CONCEPT,ID_QOSREPORT) values (72,1,0,288);
insert into Instance(ID_INSTANCE) values (288);
insert into QoSParameterinstance(ID_CONCEPT,ID_INSTANCE) values (0,288);
insert into QoSConformance (ID_QOSCONFORMANCE,VL_MEANVALUE,VL_STANDARDDEVIATION,ID_INSTANCE) values(288,-0.46633051803224135,0.0,288);
insert into HasReportedValue(ID_QOSREPORT,ID_QOSCONFORMANCE,VL_ESTIMATEDCREDIBILITY,VL_REALCREDIBILITY) values (288,288,0,4);
insert into QoSReport (ID_QOSREPORT,DT_TIMESTART,DT_TIMEEND) values (289,timestamp '2006-05-01 04:00:00.0',timestamp '2006-05-01 04:00:00.0');
insert into ReportServiceUsage (ID_USER,ID_INTERFACE,ID_CONCEPT,ID_QOSREPORT) values (66,0,8,289);
insert into Instance(ID_INSTANCE) values (289);
insert into QoSParameterinstance(ID_CONCEPT,ID_INSTANCE) values (8,289);
insert into QoSConformance (ID_QOSCONFORMANCE,VL_MEANVALUE,VL_STANDARDDEVIATION,ID_INSTANCE) values(289,0.127072406243539,0.0,289);
insert into HasReportedValue(ID_QOSREPORT,ID_QOSCONFORMANCE,VL_ESTIMATEDCREDIBILITY,VL_REALCREDIBILITY) values (289,289,0,4);
insert into QoSReport (ID_QOSREPORT,DT_TIMESTART,DT_TIMEEND) values (290,timestamp '2006-05-01 00:00:00.0',timestamp '2006-05-01 00:00:00.0');
insert into ReportServiceUsage (ID_USER,ID_INTERFACE,ID_CONCEPT,ID_QOSREPORT) values (57,0,4,290);
insert into Instance(ID_INSTANCE) values (290);
insert into QoSParameterinstance(ID_CONCEPT,ID_INSTANCE) values (4,290);
insert into QoSConformance (ID_QOSCONFORMANCE,VL_MEANVALUE,VL_STANDARDDEVIATION,ID_INSTANCE) values(290,-0.4529851741087778,0.0,290);
insert into HasReportedValue(ID_QOSREPORT,ID_QOSCONFORMANCE,VL_ESTIMATEDCREDIBILITY,VL_REALCREDIBILITY) values (290,290,0,4);
insert into QoSReport (ID_QOSREPORT,DT_TIMESTART,DT_TIMEEND) values (291,timestamp '2006-05-01 01:00:00.0',timestamp '2006-05-01 01:00:00.0');
insert into ReportServiceUsage (ID_USER,ID_INTERFACE,ID_CONCEPT,ID_QOSREPORT) values (72,1,2,291);
insert into Instance(ID_INSTANCE) values (291);
insert into QoSParameterinstance(ID_CONCEPT,ID_INSTANCE) values (2,291);
insert into QoSConformance (ID_QOSCONFORMANCE,VL_MEANVALUE,VL_STANDARDDEVIATION,ID_INSTANCE) values(291,0.3747066034850558,0.0,291);
insert into HasReportedValue(ID_QOSREPORT,ID_QOSCONFORMANCE,VL_ESTIMATEDCREDIBILITY,VL_REALCREDIBILITY) values (291,291,0,4);
insert into QoSReport (ID_QOSREPORT,DT_TIMESTART,DT_TIMEEND) values (292,timestamp '2006-05-01 02:00:00.0',timestamp '2006-05-01 02:00:00.0');
insert into ServiceUsage(ID_USER,ID_INTERFACE) values(65,3);
insert into ReportServiceUsage (ID_USER,ID_INTERFACE,ID_CONCEPT,ID_QOSREPORT) values (65,3,5,292);
insert into Instance(ID_INSTANCE) values (292);
insert into QoSParameterinstance(ID_CONCEPT,ID_INSTANCE) values (5,292);
insert into QoSConformance (ID_QOSCONFORMANCE,VL_MEANVALUE,VL_STANDARDDEVIATION,ID_INSTANCE) values(292,0.43899538889408246,0.0,292);
insert into HasReportedValue(ID_QOSREPORT,ID_QOSCONFORMANCE,VL_ESTIMATEDCREDIBILITY,VL_REALCREDIBILITY) values (292,292,0,4);
insert into QoSReport (ID_QOSREPORT,DT_TIMESTART,DT_TIMEEND) values (293,timestamp '2006-05-01 02:00:00.0',timestamp '2006-05-01 02:00:00.0');
insert into ReportServiceUsage (ID_USER,ID_INTERFACE,ID_CONCEPT,ID_QOSREPORT) values (68,1,0,293);
insert into Instance(ID_INSTANCE) values (293);
insert into QoSParameterinstance(ID_CONCEPT,ID_INSTANCE) values (0,293);
insert into QoSConformance (ID_QOSCONFORMANCE,VL_MEANVALUE,VL_STANDARDDEVIATION,ID_INSTANCE) values(293,-0.18574577372728818,0.0,293);
insert into HasReportedValue(ID_QOSREPORT,ID_QOSCONFORMANCE,VL_ESTIMATEDCREDIBILITY,VL_REALCREDIBILITY) values (293,293,0,4);
insert into QoSReport (ID_QOSREPORT,DT_TIMESTART,DT_TIMEEND) values (294,timestamp '2006-05-01 04:00:00.0',timestamp '2006-05-01 04:00:00.0');
insert into ReportServiceUsage (ID_USER,ID_INTERFACE,ID_CONCEPT,ID_QOSREPORT) values (31,0,0,294);
insert into Instance(ID_INSTANCE) values (294);
insert into QoSParameterinstance(ID_CONCEPT,ID_INSTANCE) values (0,294);
insert into QoSConformance (ID_QOSCONFORMANCE,VL_MEANVALUE,VL_STANDARDDEVIATION,ID_INSTANCE) values(294,0.6531838740076026,0.0,294);
insert into HasReportedValue(ID_QOSREPORT,ID_QOSCONFORMANCE,VL_ESTIMATEDCREDIBILITY,VL_REALCREDIBILITY) values (294,294,0,4);
insert into QoSReport (ID_QOSREPORT,DT_TIMESTART,DT_TIMEEND) values (295,timestamp '2006-05-01 01:00:00.0',timestamp '2006-05-01 01:00:00.0');
insert into ReportServiceUsage (ID_USER,ID_INTERFACE,ID_CONCEPT,ID_QOSREPORT) values (55,0,4,295);
insert into Instance(ID_INSTANCE) values (295);
insert into QoSParameterinstance(ID_CONCEPT,ID_INSTANCE) values (4,295);
insert into QoSConformance (ID_QOSCONFORMANCE,VL_MEANVALUE,VL_STANDARDDEVIATION,ID_INSTANCE) values(295,-0.4460552016198549,0.0,295);
insert into HasReportedValue(ID_QOSREPORT,ID_QOSCONFORMANCE,VL_ESTIMATEDCREDIBILITY,VL_REALCREDIBILITY) values (295,295,0,4);
insert into QoSReport (ID_QOSREPORT,DT_TIMESTART,DT_TIMEEND) values (296,timestamp '2006-05-01 02:00:00.0',timestamp '2006-05-01 02:00:00.0');
insert into ServiceUsage(ID_USER,ID_INTERFACE) values(68,0);
insert into ReportServiceUsage (ID_USER,ID_INTERFACE,ID_CONCEPT,ID_QOSREPORT) values (68,0,2,296);
insert into Instance(ID_INSTANCE) values (296);
insert into QoSParameterinstance(ID_CONCEPT,ID_INSTANCE) values (2,296);
insert into QoSConformance (ID_QOSCONFORMANCE,VL_MEANVALUE,VL_STANDARDDEVIATION,ID_INSTANCE) values(296,-0.10451771125390985,0.0,296);
insert into HasReportedValue(ID_QOSREPORT,ID_QOSCONFORMANCE,VL_ESTIMATEDCREDIBILITY,VL_REALCREDIBILITY) values (296,296,0,4);
insert into QoSReport (ID_QOSREPORT,DT_TIMESTART,DT_TIMEEND) values (297,timestamp '2006-05-01 03:00:00.0',timestamp '2006-05-01 03:00:00.0');
insert into ReportServiceUsage (ID_USER,ID_INTERFACE,ID_CONCEPT,ID_QOSREPORT) values (45,0,4,297);
insert into Instance(ID_INSTANCE) values (297);
insert into QoSParameterinstance(ID_CONCEPT,ID_INSTANCE) values (4,297);
insert into QoSConformance (ID_QOSCONFORMANCE,VL_MEANVALUE,VL_STANDARDDEVIATION,ID_INSTANCE) values(297,0.07245007556909389,0.0,297);
insert into HasReportedValue(ID_QOSREPORT,ID_QOSCONFORMANCE,VL_ESTIMATEDCREDIBILITY,VL_REALCREDIBILITY) values (297,297,0,4);
insert into QoSReport (ID_QOSREPORT,DT_TIMESTART,DT_TIMEEND) values (298,timestamp '2006-05-01 01:00:00.0',timestamp '2006-05-01 01:00:00.0');
insert into ReportServiceUsage (ID_USER,ID_INTERFACE,ID_CONCEPT,ID_QOSREPORT) values (47,1,4,298);
insert into Instance(ID_INSTANCE) values (298);
insert into QoSParameterinstance(ID_CONCEPT,ID_INSTANCE) values (4,298);
insert into QoSConformance (ID_QOSCONFORMANCE,VL_MEANVALUE,VL_STANDARDDEVIATION,ID_INSTANCE) values(298,-0.29832237531353367,0.0,298);
insert into HasReportedValue(ID_QOSREPORT,ID_QOSCONFORMANCE,VL_ESTIMATEDCREDIBILITY,VL_REALCREDIBILITY) values (298,298,0,4);
insert into QoSReport (ID_QOSREPORT,DT_TIMESTART,DT_TIMEEND) values (299,timestamp '2006-05-01 01:00:00.0',timestamp '2006-05-01 01:00:00.0');
insert into ReportServiceUsage (ID_USER,ID_INTERFACE,ID_CONCEPT,ID_QOSREPORT) values (71,0,0,299);
insert into Instance(ID_INSTANCE) values (299);
insert into QoSParameterinstance(ID_CONCEPT,ID_INSTANCE) values (0,299);
insert into QoSConformance (ID_QOSCONFORMANCE,VL_MEANVALUE,VL_STANDARDDEVIATION,ID_INSTANCE) values(299,-0.13390257966038532,0.0,299);
insert into HasReportedValue(ID_QOSREPORT,ID_QOSCONFORMANCE,VL_ESTIMATEDCREDIBILITY,VL_REALCREDIBILITY) values (299,299,0,4);
insert into QoSReport (ID_QOSREPORT,DT_TIMESTART,DT_TIMEEND) values (300,timestamp '2006-05-01 04:00:00.0',timestamp '2006-05-01 04:00:00.0');
insert into ServiceUsage(ID_USER,ID_INTERFACE) values(54,0);
insert into ReportServiceUsage (ID_USER,ID_INTERFACE,ID_CONCEPT,ID_QOSREPORT) values (54,0,9,300);
insert into Instance(ID_INSTANCE) values (300);
insert into QoSParameterinstance(ID_CONCEPT,ID_INSTANCE) values (9,300);
insert into QoSConformance (ID_QOSCONFORMANCE,VL_MEANVALUE,VL_STANDARDDEVIATION,ID_INSTANCE) values(300,0.743754385521352,0.0,300);
insert into HasReportedValue(ID_QOSREPORT,ID_QOSCONFORMANCE,VL_ESTIMATEDCREDIBILITY,VL_REALCREDIBILITY) values (300,300,0,4);
insert into QoSReport (ID_QOSREPORT,DT_TIMESTART,DT_TIMEEND) values (301,timestamp '2006-05-01 02:00:00.0',timestamp '2006-05-01 02:00:00.0');
insert into ServiceUsage(ID_USER,ID_INTERFACE) values(34,1);
insert into ReportServiceUsage (ID_USER,ID_INTERFACE,ID_CONCEPT,ID_QOSREPORT) values (34,1,8,301);
insert into Instance(ID_INSTANCE) values (301);
insert into QoSParameterinstance(ID_CONCEPT,ID_INSTANCE) values (8,301);
insert into QoSConformance (ID_QOSCONFORMANCE,VL_MEANVALUE,VL_STANDARDDEVIATION,ID_INSTANCE) values(301,-1.053470542831528,0.0,301);
insert into HasReportedValue(ID_QOSREPORT,ID_QOSCONFORMANCE,VL_ESTIMATEDCREDIBILITY,VL_REALCREDIBILITY) values (301,301,0,4);
insert into QoSReport (ID_QOSREPORT,DT_TIMESTART,DT_TIMEEND) values (302,timestamp '2006-05-01 04:00:00.0',timestamp '2006-05-01 04:00:00.0');
insert into ReportServiceUsage (ID_USER,ID_INTERFACE,ID_CONCEPT,ID_QOSREPORT) values (65,1,8,302);
insert into Instance(ID_INSTANCE) values (302);
insert into QoSParameterinstance(ID_CONCEPT,ID_INSTANCE) values (8,302);
insert into QoSConformance (ID_QOSCONFORMANCE,VL_MEANVALUE,VL_STANDARDDEVIATION,ID_INSTANCE) values(302,0.7475001347719027,0.0,302);
insert into HasReportedValue(ID_QOSREPORT,ID_QOSCONFORMANCE,VL_ESTIMATEDCREDIBILITY,VL_REALCREDIBILITY) values (302,302,0,4);
insert into QoSReport (ID_QOSREPORT,DT_TIMESTART,DT_TIMEEND) values (303,timestamp '2006-05-01 00:00:00.0',timestamp '2006-05-01 00:00:00.0');
insert into ReportServiceUsage (ID_USER,ID_INTERFACE,ID_CONCEPT,ID_QOSREPORT) values (56,0,3,303);
insert into Instance(ID_INSTANCE) values (303);
insert into QoSParameterinstance(ID_CONCEPT,ID_INSTANCE) values (3,303);
insert into QoSConformance (ID_QOSCONFORMANCE,VL_MEANVALUE,VL_STANDARDDEVIATION,ID_INSTANCE) values(303,-0.11335611396865708,0.0,303);
insert into HasReportedValue(ID_QOSREPORT,ID_QOSCONFORMANCE,VL_ESTIMATEDCREDIBILITY,VL_REALCREDIBILITY) values (303,303,0,4);
insert into QoSReport (ID_QOSREPORT,DT_TIMESTART,DT_TIMEEND) values (304,timestamp '2006-05-01 04:00:00.0',timestamp '2006-05-01 04:00:00.0');
insert into ServiceUsage(ID_USER,ID_INTERFACE) values(35,3);
insert into ReportServiceUsage (ID_USER,ID_INTERFACE,ID_CONCEPT,ID_QOSREPORT) values (35,3,4,304);
insert into Instance(ID_INSTANCE) values (304);
insert into QoSParameterinstance(ID_CONCEPT,ID_INSTANCE) values (4,304);
insert into QoSConformance (ID_QOSCONFORMANCE,VL_MEANVALUE,VL_STANDARDDEVIATION,ID_INSTANCE) values(304,0.054912831127175044,0.0,304);
insert into HasReportedValue(ID_QOSREPORT,ID_QOSCONFORMANCE,VL_ESTIMATEDCREDIBILITY,VL_REALCREDIBILITY) values (304,304,0,4);
insert into QoSReport (ID_QOSREPORT,DT_TIMESTART,DT_TIMEEND) values (305,timestamp '2006-05-01 04:00:00.0',timestamp '2006-05-01 04:00:00.0');
insert into ServiceUsage(ID_USER,ID_INTERFACE) values(58,3);
insert into ReportServiceUsage (ID_USER,ID_INTERFACE,ID_CONCEPT,ID_QOSREPORT) values (58,3,0,305);
insert into Instance(ID_INSTANCE) values (305);
insert into QoSParameterinstance(ID_CONCEPT,ID_INSTANCE) values (0,305);
insert into QoSConformance (ID_QOSCONFORMANCE,VL_MEANVALUE,VL_STANDARDDEVIATION,ID_INSTANCE) values(305,0.28943551758417774,0.0,305);
insert into HasReportedValue(ID_QOSREPORT,ID_QOSCONFORMANCE,VL_ESTIMATEDCREDIBILITY,VL_REALCREDIBILITY) values (305,305,0,4);
insert into QoSReport (ID_QOSREPORT,DT_TIMESTART,DT_TIMEEND) values (306,timestamp '2006-05-01 00:00:00.0',timestamp '2006-05-01 00:00:00.0');
insert into ReportServiceUsage (ID_USER,ID_INTERFACE,ID_CONCEPT,ID_QOSREPORT) values (61,1,6,306);
insert into Instance(ID_INSTANCE) values (306);
insert into QoSParameterinstance(ID_CONCEPT,ID_INSTANCE) values (6,306);
insert into QoSConformance (ID_QOSCONFORMANCE,VL_MEANVALUE,VL_STANDARDDEVIATION,ID_INSTANCE) values(306,0.0399881615698755,0.0,306);
insert into HasReportedValue(ID_QOSREPORT,ID_QOSCONFORMANCE,VL_ESTIMATEDCREDIBILITY,VL_REALCREDIBILITY) values (306,306,0,4);
insert into QoSReport (ID_QOSREPORT,DT_TIMESTART,DT_TIMEEND) values (307,timestamp '2006-05-01 04:00:00.0',timestamp '2006-05-01 04:00:00.0');
insert into ServiceUsage(ID_USER,ID_INTERFACE) values(51,1);
insert into ReportServiceUsage (ID_USER,ID_INTERFACE,ID_CONCEPT,ID_QOSREPORT) values (51,1,4,307);
insert into Instance(ID_INSTANCE) values (307);
insert into QoSParameterinstance(ID_CONCEPT,ID_INSTANCE) values (4,307);
insert into QoSConformance (ID_QOSCONFORMANCE,VL_MEANVALUE,VL_STANDARDDEVIATION,ID_INSTANCE) values(307,0.41035966838224747,0.0,307);
insert into HasReportedValue(ID_QOSREPORT,ID_QOSCONFORMANCE,VL_ESTIMATEDCREDIBILITY,VL_REALCREDIBILITY) values (307,307,0,4);
insert into QoSReport (ID_QOSREPORT,DT_TIMESTART,DT_TIMEEND) values (308,timestamp '2006-05-01 02:00:00.0',timestamp '2006-05-01 02:00:00.0');
insert into ReportServiceUsage (ID_USER,ID_INTERFACE,ID_CONCEPT,ID_QOSREPORT) values (51,1,6,308);
insert into Instance(ID_INSTANCE) values (308);
insert into QoSParameterinstance(ID_CONCEPT,ID_INSTANCE) values (6,308);
insert into QoSConformance (ID_QOSCONFORMANCE,VL_MEANVALUE,VL_STANDARDDEVIATION,ID_INSTANCE) values(308,0.5406632378295443,0.0,308);
insert into HasReportedValue(ID_QOSREPORT,ID_QOSCONFORMANCE,VL_ESTIMATEDCREDIBILITY,VL_REALCREDIBILITY) values (308,308,0,4);
insert into QoSReport (ID_QOSREPORT,DT_TIMESTART,DT_TIMEEND) values (309,timestamp '2006-05-01 01:00:00.0',timestamp '2006-05-01 01:00:00.0');
insert into ReportServiceUsage (ID_USER,ID_INTERFACE,ID_CONCEPT,ID_QOSREPORT) values (45,0,9,309);
insert into Instance(ID_INSTANCE) values (309);
insert into QoSParameterinstance(ID_CONCEPT,ID_INSTANCE) values (9,309);
insert into QoSConformance (ID_QOSCONFORMANCE,VL_MEANVALUE,VL_STANDARDDEVIATION,ID_INSTANCE) values(309,0.8047950765722266,0.0,309);
insert into HasReportedValue(ID_QOSREPORT,ID_QOSCONFORMANCE,VL_ESTIMATEDCREDIBILITY,VL_REALCREDIBILITY) values (309,309,0,4);
insert into QoSReport (ID_QOSREPORT,DT_TIMESTART,DT_TIMEEND) values (310,timestamp '2006-05-01 02:00:00.0',timestamp '2006-05-01 02:00:00.0');
insert into ServiceUsage(ID_USER,ID_INTERFACE) values(43,1);
insert into ReportServiceUsage (ID_USER,ID_INTERFACE,ID_CONCEPT,ID_QOSREPORT) values (43,1,8,310);
insert into Instance(ID_INSTANCE) values (310);
insert into QoSParameterinstance(ID_CONCEPT,ID_INSTANCE) values (8,310);
insert into QoSConformance (ID_QOSCONFORMANCE,VL_MEANVALUE,VL_STANDARDDEVIATION,ID_INSTANCE) values(310,0.2854461066925636,0.0,310);
insert into HasReportedValue(ID_QOSREPORT,ID_QOSCONFORMANCE,VL_ESTIMATEDCREDIBILITY,VL_REALCREDIBILITY) values (310,310,0,4);
insert into QoSReport (ID_QOSREPORT,DT_TIMESTART,DT_TIMEEND) values (311,timestamp '2006-05-01 00:00:00.0',timestamp '2006-05-01 00:00:00.0');
insert into ReportServiceUsage (ID_USER,ID_INTERFACE,ID_CONCEPT,ID_QOSREPORT) values (38,0,6,311);
insert into Instance(ID_INSTANCE) values (311);
insert into QoSParameterinstance(ID_CONCEPT,ID_INSTANCE) values (6,311);
insert into QoSConformance (ID_QOSCONFORMANCE,VL_MEANVALUE,VL_STANDARDDEVIATION,ID_INSTANCE) values(311,-1.226203288388583,0.0,311);
insert into HasReportedValue(ID_QOSREPORT,ID_QOSCONFORMANCE,VL_ESTIMATEDCREDIBILITY,VL_REALCREDIBILITY) values (311,311,0,4);
insert into QoSReport (ID_QOSREPORT,DT_TIMESTART,DT_TIMEEND) values (312,timestamp '2006-05-01 03:00:00.0',timestamp '2006-05-01 03:00:00.0');
insert into ServiceUsage(ID_USER,ID_INTERFACE) values(57,3);
insert into ReportServiceUsage (ID_USER,ID_INTERFACE,ID_CONCEPT,ID_QOSREPORT) values (57,3,3,312);
insert into Instance(ID_INSTANCE) values (312);
insert into QoSParameterinstance(ID_CONCEPT,ID_INSTANCE) values (3,312);
insert into QoSConformance (ID_QOSCONFORMANCE,VL_MEANVALUE,VL_STANDARDDEVIATION,ID_INSTANCE) values(312,0.7116427108036519,0.0,312);
insert into HasReportedValue(ID_QOSREPORT,ID_QOSCONFORMANCE,VL_ESTIMATEDCREDIBILITY,VL_REALCREDIBILITY) values (312,312,0,4);
insert into QoSReport (ID_QOSREPORT,DT_TIMESTART,DT_TIMEEND) values (313,timestamp '2006-05-01 01:00:00.0',timestamp '2006-05-01 01:00:00.0');
insert into ReportServiceUsage (ID_USER,ID_INTERFACE,ID_CONCEPT,ID_QOSREPORT) values (26,0,5,313);
insert into Instance(ID_INSTANCE) values (313);
insert into QoSParameterinstance(ID_CONCEPT,ID_INSTANCE) values (5,313);
insert into QoSConformance (ID_QOSCONFORMANCE,VL_MEANVALUE,VL_STANDARDDEVIATION,ID_INSTANCE) values(313,0.25761750636274394,0.0,313);
insert into HasReportedValue(ID_QOSREPORT,ID_QOSCONFORMANCE,VL_ESTIMATEDCREDIBILITY,VL_REALCREDIBILITY) values (313,313,0,4);
insert into QoSReport (ID_QOSREPORT,DT_TIMESTART,DT_TIMEEND) values (314,timestamp '2006-05-01 02:00:00.0',timestamp '2006-05-01 02:00:00.0');
insert into ServiceUsage(ID_USER,ID_INTERFACE) values(52,1);
insert into ReportServiceUsage (ID_USER,ID_INTERFACE,ID_CONCEPT,ID_QOSREPORT) values (52,1,7,314);
insert into Instance(ID_INSTANCE) values (314);
insert into QoSParameterinstance(ID_CONCEPT,ID_INSTANCE) values (7,314);
insert into QoSConformance (ID_QOSCONFORMANCE,VL_MEANVALUE,VL_STANDARDDEVIATION,ID_INSTANCE) values(314,-1.237229754729467,0.0,314);
insert into HasReportedValue(ID_QOSREPORT,ID_QOSCONFORMANCE,VL_ESTIMATEDCREDIBILITY,VL_REALCREDIBILITY) values (314,314,0,4);
insert into QoSReport (ID_QOSREPORT,DT_TIMESTART,DT_TIMEEND) values (315,timestamp '2006-05-01 01:00:00.0',timestamp '2006-05-01 01:00:00.0');
insert into ReportServiceUsage (ID_USER,ID_INTERFACE,ID_CONCEPT,ID_QOSREPORT) values (57,0,2,315);
insert into Instance(ID_INSTANCE) values (315);
insert into QoSParameterinstance(ID_CONCEPT,ID_INSTANCE) values (2,315);
insert into QoSConformance (ID_QOSCONFORMANCE,VL_MEANVALUE,VL_STANDARDDEVIATION,ID_INSTANCE) values(315,-0.12363688803125195,0.0,315);
insert into HasReportedValue(ID_QOSREPORT,ID_QOSCONFORMANCE,VL_ESTIMATEDCREDIBILITY,VL_REALCREDIBILITY) values (315,315,0,4);
insert into QoSReport (ID_QOSREPORT,DT_TIMESTART,DT_TIMEEND) values (316,timestamp '2006-05-01 02:00:00.0',timestamp '2006-05-01 02:00:00.0');
insert into ReportServiceUsage (ID_USER,ID_INTERFACE,ID_CONCEPT,ID_QOSREPORT) values (59,0,3,316);
insert into Instance(ID_INSTANCE) values (316);
insert into QoSParameterinstance(ID_CONCEPT,ID_INSTANCE) values (3,316);
insert into QoSConformance (ID_QOSCONFORMANCE,VL_MEANVALUE,VL_STANDARDDEVIATION,ID_INSTANCE) values(316,-0.1759620445980296,0.0,316);
insert into HasReportedValue(ID_QOSREPORT,ID_QOSCONFORMANCE,VL_ESTIMATEDCREDIBILITY,VL_REALCREDIBILITY) values (316,316,0,4);
insert into QoSReport (ID_QOSREPORT,DT_TIMESTART,DT_TIMEEND) values (317,timestamp '2006-05-01 01:00:00.0',timestamp '2006-05-01 01:00:00.0');
insert into ReportServiceUsage (ID_USER,ID_INTERFACE,ID_CONCEPT,ID_QOSREPORT) values (33,0,7,317);
insert into Instance(ID_INSTANCE) values (317);
insert into QoSParameterinstance(ID_CONCEPT,ID_INSTANCE) values (7,317);
insert into QoSConformance (ID_QOSCONFORMANCE,VL_MEANVALUE,VL_STANDARDDEVIATION,ID_INSTANCE) values(317,-0.49767537192511857,0.0,317);
insert into HasReportedValue(ID_QOSREPORT,ID_QOSCONFORMANCE,VL_ESTIMATEDCREDIBILITY,VL_REALCREDIBILITY) values (317,317,0,4);
insert into QoSReport (ID_QOSREPORT,DT_TIMESTART,DT_TIMEEND) values (318,timestamp '2006-05-01 01:00:00.0',timestamp '2006-05-01 01:00:00.0');
insert into ReportServiceUsage (ID_USER,ID_INTERFACE,ID_CONCEPT,ID_QOSREPORT) values (40,1,5,318);
insert into Instance(ID_INSTANCE) values (318);
insert into QoSParameterinstance(ID_CONCEPT,ID_INSTANCE) values (5,318);
insert into QoSConformance (ID_QOSCONFORMANCE,VL_MEANVALUE,VL_STANDARDDEVIATION,ID_INSTANCE) values(318,-0.06143127602353471,0.0,318);
insert into HasReportedValue(ID_QOSREPORT,ID_QOSCONFORMANCE,VL_ESTIMATEDCREDIBILITY,VL_REALCREDIBILITY) values (318,318,0,4);
insert into QoSReport (ID_QOSREPORT,DT_TIMESTART,DT_TIMEEND) values (319,timestamp '2006-05-01 03:00:00.0',timestamp '2006-05-01 03:00:00.0');
insert into ReportServiceUsage (ID_USER,ID_INTERFACE,ID_CONCEPT,ID_QOSREPORT) values (54,0,0,319);
insert into Instance(ID_INSTANCE) values (319);
insert into QoSParameterinstance(ID_CONCEPT,ID_INSTANCE) values (0,319);
insert into QoSConformance (ID_QOSCONFORMANCE,VL_MEANVALUE,VL_STANDARDDEVIATION,ID_INSTANCE) values(319,0.17496388213614972,0.0,319);
insert into HasReportedValue(ID_QOSREPORT,ID_QOSCONFORMANCE,VL_ESTIMATEDCREDIBILITY,VL_REALCREDIBILITY) values (319,319,0,4);
insert into QoSReport (ID_QOSREPORT,DT_TIMESTART,DT_TIMEEND) values (320,timestamp '2006-05-01 01:00:00.0',timestamp '2006-05-01 01:00:00.0');
insert into ReportServiceUsage (ID_USER,ID_INTERFACE,ID_CONCEPT,ID_QOSREPORT) values (57,0,6,320);
insert into Instance(ID_INSTANCE) values (320);
insert into QoSParameterinstance(ID_CONCEPT,ID_INSTANCE) values (6,320);
insert into QoSConformance (ID_QOSCONFORMANCE,VL_MEANVALUE,VL_STANDARDDEVIATION,ID_INSTANCE) values(320,0.025747047849549676,0.0,320);
insert into HasReportedValue(ID_QOSREPORT,ID_QOSCONFORMANCE,VL_ESTIMATEDCREDIBILITY,VL_REALCREDIBILITY) values (320,320,0,4);
insert into QoSReport (ID_QOSREPORT,DT_TIMESTART,DT_TIMEEND) values (321,timestamp '2006-05-01 01:00:00.0',timestamp '2006-05-01 01:00:00.0');
insert into ReportServiceUsage (ID_USER,ID_INTERFACE,ID_CONCEPT,ID_QOSREPORT) values (48,1,5,321);
insert into Instance(ID_INSTANCE) values (321);
insert into QoSParameterinstance(ID_CONCEPT,ID_INSTANCE) values (5,321);
insert into QoSConformance (ID_QOSCONFORMANCE,VL_MEANVALUE,VL_STANDARDDEVIATION,ID_INSTANCE) values(321,0.19517456979813075,0.0,321);
insert into HasReportedValue(ID_QOSREPORT,ID_QOSCONFORMANCE,VL_ESTIMATEDCREDIBILITY,VL_REALCREDIBILITY) values (321,321,0,4);
insert into QoSReport (ID_QOSREPORT,DT_TIMESTART,DT_TIMEEND) values (322,timestamp '2006-05-01 03:00:00.0',timestamp '2006-05-01 03:00:00.0');
insert into ServiceUsage(ID_USER,ID_INTERFACE) values(31,1);
insert into ReportServiceUsage (ID_USER,ID_INTERFACE,ID_CONCEPT,ID_QOSREPORT) values (31,1,5,322);
insert into Instance(ID_INSTANCE) values (322);
insert into QoSParameterinstance(ID_CONCEPT,ID_INSTANCE) values (5,322);
insert into QoSConformance (ID_QOSCONFORMANCE,VL_MEANVALUE,VL_STANDARDDEVIATION,ID_INSTANCE) values(322,0.057179150916353394,0.0,322);
insert into HasReportedValue(ID_QOSREPORT,ID_QOSCONFORMANCE,VL_ESTIMATEDCREDIBILITY,VL_REALCREDIBILITY) values (322,322,0,4);
insert into QoSReport (ID_QOSREPORT,DT_TIMESTART,DT_TIMEEND) values (323,timestamp '2006-05-01 04:00:00.0',timestamp '2006-05-01 04:00:00.0');
insert into ReportServiceUsage (ID_USER,ID_INTERFACE,ID_CONCEPT,ID_QOSREPORT) values (31,1,0,323);
insert into Instance(ID_INSTANCE) values (323);
insert into QoSParameterinstance(ID_CONCEPT,ID_INSTANCE) values (0,323);
insert into QoSConformance (ID_QOSCONFORMANCE,VL_MEANVALUE,VL_STANDARDDEVIATION,ID_INSTANCE) values(323,0.8987624575461273,0.0,323);
insert into HasReportedValue(ID_QOSREPORT,ID_QOSCONFORMANCE,VL_ESTIMATEDCREDIBILITY,VL_REALCREDIBILITY) values (323,323,0,4);
insert into QoSReport (ID_QOSREPORT,DT_TIMESTART,DT_TIMEEND) values (324,timestamp '2006-05-01 04:00:00.0',timestamp '2006-05-01 04:00:00.0');
insert into ReportServiceUsage (ID_USER,ID_INTERFACE,ID_CONCEPT,ID_QOSREPORT) values (45,0,7,324);
insert into Instance(ID_INSTANCE) values (324);
insert into QoSParameterinstance(ID_CONCEPT,ID_INSTANCE) values (7,324);
insert into QoSConformance (ID_QOSCONFORMANCE,VL_MEANVALUE,VL_STANDARDDEVIATION,ID_INSTANCE) values(324,0.7503505503104637,0.0,324);
insert into HasReportedValue(ID_QOSREPORT,ID_QOSCONFORMANCE,VL_ESTIMATEDCREDIBILITY,VL_REALCREDIBILITY) values (324,324,0,4);
insert into QoSReport (ID_QOSREPORT,DT_TIMESTART,DT_TIMEEND) values (325,timestamp '2006-05-01 00:00:00.0',timestamp '2006-05-01 00:00:00.0');
insert into ReportServiceUsage (ID_USER,ID_INTERFACE,ID_CONCEPT,ID_QOSREPORT) values (29,0,5,325);
insert into Instance(ID_INSTANCE) values (325);
insert into QoSParameterinstance(ID_CONCEPT,ID_INSTANCE) values (5,325);
insert into QoSConformance (ID_QOSCONFORMANCE,VL_MEANVALUE,VL_STANDARDDEVIATION,ID_INSTANCE) values(325,0.09497930069104427,0.0,325);
insert into HasReportedValue(ID_QOSREPORT,ID_QOSCONFORMANCE,VL_ESTIMATEDCREDIBILITY,VL_REALCREDIBILITY) values (325,325,0,4);
insert into QoSReport (ID_QOSREPORT,DT_TIMESTART,DT_TIMEEND) values (326,timestamp '2006-05-01 00:00:00.0',timestamp '2006-05-01 00:00:00.0');
insert into ReportServiceUsage (ID_USER,ID_INTERFACE,ID_CONCEPT,ID_QOSREPORT) values (30,0,7,326);
insert into Instance(ID_INSTANCE) values (326);
insert into QoSParameterinstance(ID_CONCEPT,ID_INSTANCE) values (7,326);
insert into QoSConformance (ID_QOSCONFORMANCE,VL_MEANVALUE,VL_STANDARDDEVIATION,ID_INSTANCE) values(326,-0.43468291178007445,0.0,326);
insert into HasReportedValue(ID_QOSREPORT,ID_QOSCONFORMANCE,VL_ESTIMATEDCREDIBILITY,VL_REALCREDIBILITY) values (326,326,0,4);
insert into QoSReport (ID_QOSREPORT,DT_TIMESTART,DT_TIMEEND) values (327,timestamp '2006-05-01 02:00:00.0',timestamp '2006-05-01 02:00:00.0');
insert into ReportServiceUsage (ID_USER,ID_INTERFACE,ID_CONCEPT,ID_QOSREPORT) values (50,0,2,327);
insert into Instance(ID_INSTANCE) values (327);
insert into QoSParameterinstance(ID_CONCEPT,ID_INSTANCE) values (2,327);
insert into QoSConformance (ID_QOSCONFORMANCE,VL_MEANVALUE,VL_STANDARDDEVIATION,ID_INSTANCE) values(327,0.6454002906012561,0.0,327);
insert into HasReportedValue(ID_QOSREPORT,ID_QOSCONFORMANCE,VL_ESTIMATEDCREDIBILITY,VL_REALCREDIBILITY) values (327,327,0,4);
insert into QoSReport (ID_QOSREPORT,DT_TIMESTART,DT_TIMEEND) values (328,timestamp '2006-05-01 04:00:00.0',timestamp '2006-05-01 04:00:00.0');
insert into ReportServiceUsage (ID_USER,ID_INTERFACE,ID_CONCEPT,ID_QOSREPORT) values (28,1,1,328);
insert into Instance(ID_INSTANCE) values (328);
insert into QoSParameterinstance(ID_CONCEPT,ID_INSTANCE) values (1,328);
insert into QoSConformance (ID_QOSCONFORMANCE,VL_MEANVALUE,VL_STANDARDDEVIATION,ID_INSTANCE) values(328,0.14712764902149256,0.0,328);
insert into HasReportedValue(ID_QOSREPORT,ID_QOSCONFORMANCE,VL_ESTIMATEDCREDIBILITY,VL_REALCREDIBILITY) values (328,328,0,4);
insert into QoSReport (ID_QOSREPORT,DT_TIMESTART,DT_TIMEEND) values (329,timestamp '2006-05-01 03:00:00.0',timestamp '2006-05-01 03:00:00.0');
insert into ReportServiceUsage (ID_USER,ID_INTERFACE,ID_CONCEPT,ID_QOSREPORT) values (30,0,9,329);
insert into Instance(ID_INSTANCE) values (329);
insert into QoSParameterinstance(ID_CONCEPT,ID_INSTANCE) values (9,329);
insert into QoSConformance (ID_QOSCONFORMANCE,VL_MEANVALUE,VL_STANDARDDEVIATION,ID_INSTANCE) values(329,-0.5079900778863229,0.0,329);
insert into HasReportedValue(ID_QOSREPORT,ID_QOSCONFORMANCE,VL_ESTIMATEDCREDIBILITY,VL_REALCREDIBILITY) values (329,329,0,4);
insert into QoSReport (ID_QOSREPORT,DT_TIMESTART,DT_TIMEEND) values (330,timestamp '2006-05-01 03:00:00.0',timestamp '2006-05-01 03:00:00.0');
insert into ReportServiceUsage (ID_USER,ID_INTERFACE,ID_CONCEPT,ID_QOSREPORT) values (37,1,0,330);
insert into Instance(ID_INSTANCE) values (330);
insert into QoSParameterinstance(ID_CONCEPT,ID_INSTANCE) values (0,330);
insert into QoSConformance (ID_QOSCONFORMANCE,VL_MEANVALUE,VL_STANDARDDEVIATION,ID_INSTANCE) values(330,-0.7250296231868947,0.0,330);
insert into HasReportedValue(ID_QOSREPORT,ID_QOSCONFORMANCE,VL_ESTIMATEDCREDIBILITY,VL_REALCREDIBILITY) values (330,330,0,4);
insert into QoSReport (ID_QOSREPORT,DT_TIMESTART,DT_TIMEEND) values (331,timestamp '2006-05-01 02:00:00.0',timestamp '2006-05-01 02:00:00.0');
insert into ReportServiceUsage (ID_USER,ID_INTERFACE,ID_CONCEPT,ID_QOSREPORT) values (27,1,9,331);
insert into Instance(ID_INSTANCE) values (331);
insert into QoSParameterinstance(ID_CONCEPT,ID_INSTANCE) values (9,331);
insert into QoSConformance (ID_QOSCONFORMANCE,VL_MEANVALUE,VL_STANDARDDEVIATION,ID_INSTANCE) values(331,-0.6309627119979273,0.0,331);
insert into HasReportedValue(ID_QOSREPORT,ID_QOSCONFORMANCE,VL_ESTIMATEDCREDIBILITY,VL_REALCREDIBILITY) values (331,331,0,4);
insert into QoSReport (ID_QOSREPORT,DT_TIMESTART,DT_TIMEEND) values (332,timestamp '2006-05-01 00:00:00.0',timestamp '2006-05-01 00:00:00.0');
insert into ReportServiceUsage (ID_USER,ID_INTERFACE,ID_CONCEPT,ID_QOSREPORT) values (35,3,6,332);
insert into Instance(ID_INSTANCE) values (332);
insert into QoSParameterinstance(ID_CONCEPT,ID_INSTANCE) values (6,332);
insert into QoSConformance (ID_QOSCONFORMANCE,VL_MEANVALUE,VL_STANDARDDEVIATION,ID_INSTANCE) values(332,0.4085130011663097,0.0,332);
insert into HasReportedValue(ID_QOSREPORT,ID_QOSCONFORMANCE,VL_ESTIMATEDCREDIBILITY,VL_REALCREDIBILITY) values (332,332,0,4);
insert into QoSReport (ID_QOSREPORT,DT_TIMESTART,DT_TIMEEND) values (333,timestamp '2006-05-01 00:00:00.0',timestamp '2006-05-01 00:00:00.0');
insert into ReportServiceUsage (ID_USER,ID_INTERFACE,ID_CONCEPT,ID_QOSREPORT) values (71,3,6,333);
insert into Instance(ID_INSTANCE) values (333);
insert into QoSParameterinstance(ID_CONCEPT,ID_INSTANCE) values (6,333);
insert into QoSConformance (ID_QOSCONFORMANCE,VL_MEANVALUE,VL_STANDARDDEVIATION,ID_INSTANCE) values(333,0.6661486602417827,0.0,333);
insert into HasReportedValue(ID_QOSREPORT,ID_QOSCONFORMANCE,VL_ESTIMATEDCREDIBILITY,VL_REALCREDIBILITY) values (333,333,0,4);
insert into QoSReport (ID_QOSREPORT,DT_TIMESTART,DT_TIMEEND) values (334,timestamp '2006-05-01 01:00:00.0',timestamp '2006-05-01 01:00:00.0');
insert into ReportServiceUsage (ID_USER,ID_INTERFACE,ID_CONCEPT,ID_QOSREPORT) values (51,1,7,334);
insert into Instance(ID_INSTANCE) values (334);
insert into QoSParameterinstance(ID_CONCEPT,ID_INSTANCE) values (7,334);
insert into QoSConformance (ID_QOSCONFORMANCE,VL_MEANVALUE,VL_STANDARDDEVIATION,ID_INSTANCE) values(334,-0.5732510771874756,0.0,334);
insert into HasReportedValue(ID_QOSREPORT,ID_QOSCONFORMANCE,VL_ESTIMATEDCREDIBILITY,VL_REALCREDIBILITY) values (334,334,0,4);
insert into QoSReport (ID_QOSREPORT,DT_TIMESTART,DT_TIMEEND) values (335,timestamp '2006-05-01 01:00:00.0',timestamp '2006-05-01 01:00:00.0');
insert into ServiceUsage(ID_USER,ID_INTERFACE) values(59,3);
insert into ReportServiceUsage (ID_USER,ID_INTERFACE,ID_CONCEPT,ID_QOSREPORT) values (59,3,4,335);
insert into Instance(ID_INSTANCE) values (335);
insert into QoSParameterinstance(ID_CONCEPT,ID_INSTANCE) values (4,335);
insert into QoSConformance (ID_QOSCONFORMANCE,VL_MEANVALUE,VL_STANDARDDEVIATION,ID_INSTANCE) values(335,-0.5354747927573065,0.0,335);
insert into HasReportedValue(ID_QOSREPORT,ID_QOSCONFORMANCE,VL_ESTIMATEDCREDIBILITY,VL_REALCREDIBILITY) values (335,335,0,4);
insert into QoSReport (ID_QOSREPORT,DT_TIMESTART,DT_TIMEEND) values (336,timestamp '2006-05-01 03:00:00.0',timestamp '2006-05-01 03:00:00.0');
insert into ReportServiceUsage (ID_USER,ID_INTERFACE,ID_CONCEPT,ID_QOSREPORT) values (27,0,5,336);
insert into Instance(ID_INSTANCE) values (336);
insert into QoSParameterinstance(ID_CONCEPT,ID_INSTANCE) values (5,336);
insert into QoSConformance (ID_QOSCONFORMANCE,VL_MEANVALUE,VL_STANDARDDEVIATION,ID_INSTANCE) values(336,-0.640428725862771,0.0,336);
insert into HasReportedValue(ID_QOSREPORT,ID_QOSCONFORMANCE,VL_ESTIMATEDCREDIBILITY,VL_REALCREDIBILITY) values (336,336,0,4);
insert into QoSReport (ID_QOSREPORT,DT_TIMESTART,DT_TIMEEND) values (337,timestamp '2006-05-01 00:00:00.0',timestamp '2006-05-01 00:00:00.0');
insert into ReportServiceUsage (ID_USER,ID_INTERFACE,ID_CONCEPT,ID_QOSREPORT) values (57,0,7,337);
insert into Instance(ID_INSTANCE) values (337);
insert into QoSParameterinstance(ID_CONCEPT,ID_INSTANCE) values (7,337);
insert into QoSConformance (ID_QOSCONFORMANCE,VL_MEANVALUE,VL_STANDARDDEVIATION,ID_INSTANCE) values(337,-0.4292068962399997,0.0,337);
insert into HasReportedValue(ID_QOSREPORT,ID_QOSCONFORMANCE,VL_ESTIMATEDCREDIBILITY,VL_REALCREDIBILITY) values (337,337,0,4);
insert into QoSReport (ID_QOSREPORT,DT_TIMESTART,DT_TIMEEND) values (338,timestamp '2006-05-01 04:00:00.0',timestamp '2006-05-01 04:00:00.0');
insert into ServiceUsage(ID_USER,ID_INTERFACE) values(36,0);
insert into ReportServiceUsage (ID_USER,ID_INTERFACE,ID_CONCEPT,ID_QOSREPORT) values (36,0,4,338);
insert into Instance(ID_INSTANCE) values (338);
insert into QoSParameterinstance(ID_CONCEPT,ID_INSTANCE) values (4,338);
insert into QoSConformance (ID_QOSCONFORMANCE,VL_MEANVALUE,VL_STANDARDDEVIATION,ID_INSTANCE) values(338,-0.5349754344773219,0.0,338);
insert into HasReportedValue(ID_QOSREPORT,ID_QOSCONFORMANCE,VL_ESTIMATEDCREDIBILITY,VL_REALCREDIBILITY) values (338,338,0,4);
insert into QoSReport (ID_QOSREPORT,DT_TIMESTART,DT_TIMEEND) values (339,timestamp '2006-05-01 04:00:00.0',timestamp '2006-05-01 04:00:00.0');
insert into ReportServiceUsage (ID_USER,ID_INTERFACE,ID_CONCEPT,ID_QOSREPORT) values (72,0,2,339);
insert into Instance(ID_INSTANCE) values (339);
insert into QoSParameterinstance(ID_CONCEPT,ID_INSTANCE) values (2,339);
insert into QoSConformance (ID_QOSCONFORMANCE,VL_MEANVALUE,VL_STANDARDDEVIATION,ID_INSTANCE) values(339,-0.006655992616846018,0.0,339);
insert into HasReportedValue(ID_QOSREPORT,ID_QOSCONFORMANCE,VL_ESTIMATEDCREDIBILITY,VL_REALCREDIBILITY) values (339,339,0,4);
insert into QoSReport (ID_QOSREPORT,DT_TIMESTART,DT_TIMEEND) values (340,timestamp '2006-05-01 03:00:00.0',timestamp '2006-05-01 03:00:00.0');
insert into ReportServiceUsage (ID_USER,ID_INTERFACE,ID_CONCEPT,ID_QOSREPORT) values (28,0,6,340);
insert into Instance(ID_INSTANCE) values (340);
insert into QoSParameterinstance(ID_CONCEPT,ID_INSTANCE) values (6,340);
insert into QoSConformance (ID_QOSCONFORMANCE,VL_MEANVALUE,VL_STANDARDDEVIATION,ID_INSTANCE) values(340,-0.861977117045821,0.0,340);
insert into HasReportedValue(ID_QOSREPORT,ID_QOSCONFORMANCE,VL_ESTIMATEDCREDIBILITY,VL_REALCREDIBILITY) values (340,340,0,4);
insert into QoSReport (ID_QOSREPORT,DT_TIMESTART,DT_TIMEEND) values (341,timestamp '2006-05-01 01:00:00.0',timestamp '2006-05-01 01:00:00.0');
insert into ReportServiceUsage (ID_USER,ID_INTERFACE,ID_CONCEPT,ID_QOSREPORT) values (69,3,9,341);
insert into Instance(ID_INSTANCE) values (341);
insert into QoSParameterinstance(ID_CONCEPT,ID_INSTANCE) values (9,341);
insert into QoSConformance (ID_QOSCONFORMANCE,VL_MEANVALUE,VL_STANDARDDEVIATION,ID_INSTANCE) values(341,0.9604642323373973,0.0,341);
insert into HasReportedValue(ID_QOSREPORT,ID_QOSCONFORMANCE,VL_ESTIMATEDCREDIBILITY,VL_REALCREDIBILITY) values (341,341,0,4);
insert into QoSReport (ID_QOSREPORT,DT_TIMESTART,DT_TIMEEND) values (342,timestamp '2006-05-01 02:00:00.0',timestamp '2006-05-01 02:00:00.0');
insert into ReportServiceUsage (ID_USER,ID_INTERFACE,ID_CONCEPT,ID_QOSREPORT) values (26,1,9,342);
insert into Instance(ID_INSTANCE) values (342);
insert into QoSParameterinstance(ID_CONCEPT,ID_INSTANCE) values (9,342);
insert into QoSConformance (ID_QOSCONFORMANCE,VL_MEANVALUE,VL_STANDARDDEVIATION,ID_INSTANCE) values(342,-0.08295865154601806,0.0,342);
insert into HasReportedValue(ID_QOSREPORT,ID_QOSCONFORMANCE,VL_ESTIMATEDCREDIBILITY,VL_REALCREDIBILITY) values (342,342,0,4);
insert into QoSReport (ID_QOSREPORT,DT_TIMESTART,DT_TIMEEND) values (343,timestamp '2006-05-01 00:00:00.0',timestamp '2006-05-01 00:00:00.0');
insert into ReportServiceUsage (ID_USER,ID_INTERFACE,ID_CONCEPT,ID_QOSREPORT) values (62,1,2,343);
insert into Instance(ID_INSTANCE) values (343);
insert into QoSParameterinstance(ID_CONCEPT,ID_INSTANCE) values (2,343);
insert into QoSConformance (ID_QOSCONFORMANCE,VL_MEANVALUE,VL_STANDARDDEVIATION,ID_INSTANCE) values(343,0.40407743735131224,0.0,343);
insert into HasReportedValue(ID_QOSREPORT,ID_QOSCONFORMANCE,VL_ESTIMATEDCREDIBILITY,VL_REALCREDIBILITY) values (343,343,0,4);
insert into QoSReport (ID_QOSREPORT,DT_TIMESTART,DT_TIMEEND) values (344,timestamp '2006-05-01 01:00:00.0',timestamp '2006-05-01 01:00:00.0');
insert into ReportServiceUsage (ID_USER,ID_INTERFACE,ID_CONCEPT,ID_QOSREPORT) values (57,0,5,344);
insert into Instance(ID_INSTANCE) values (344);
insert into QoSParameterinstance(ID_CONCEPT,ID_INSTANCE) values (5,344);
insert into QoSConformance (ID_QOSCONFORMANCE,VL_MEANVALUE,VL_STANDARDDEVIATION,ID_INSTANCE) values(344,-0.587767921390199,0.0,344);
insert into HasReportedValue(ID_QOSREPORT,ID_QOSCONFORMANCE,VL_ESTIMATEDCREDIBILITY,VL_REALCREDIBILITY) values (344,344,0,4);
insert into QoSReport (ID_QOSREPORT,DT_TIMESTART,DT_TIMEEND) values (345,timestamp '2006-05-01 02:00:00.0',timestamp '2006-05-01 02:00:00.0');
insert into ServiceUsage(ID_USER,ID_INTERFACE) values(66,3);
insert into ReportServiceUsage (ID_USER,ID_INTERFACE,ID_CONCEPT,ID_QOSREPORT) values (66,3,8,345);
insert into Instance(ID_INSTANCE) values (345);
insert into QoSParameterinstance(ID_CONCEPT,ID_INSTANCE) values (8,345);
insert into QoSConformance (ID_QOSCONFORMANCE,VL_MEANVALUE,VL_STANDARDDEVIATION,ID_INSTANCE) values(345,0.5157040627221157,0.0,345);
insert into HasReportedValue(ID_QOSREPORT,ID_QOSCONFORMANCE,VL_ESTIMATEDCREDIBILITY,VL_REALCREDIBILITY) values (345,345,0,4);
insert into QoSReport (ID_QOSREPORT,DT_TIMESTART,DT_TIMEEND) values (346,timestamp '2006-05-01 00:00:00.0',timestamp '2006-05-01 00:00:00.0');
insert into ReportServiceUsage (ID_USER,ID_INTERFACE,ID_CONCEPT,ID_QOSREPORT) values (48,1,5,346);
insert into Instance(ID_INSTANCE) values (346);
insert into QoSParameterinstance(ID_CONCEPT,ID_INSTANCE) values (5,346);
insert into QoSConformance (ID_QOSCONFORMANCE,VL_MEANVALUE,VL_STANDARDDEVIATION,ID_INSTANCE) values(346,0.1348722450414669,0.0,346);
insert into HasReportedValue(ID_QOSREPORT,ID_QOSCONFORMANCE,VL_ESTIMATEDCREDIBILITY,VL_REALCREDIBILITY) values (346,346,0,4);
insert into QoSReport (ID_QOSREPORT,DT_TIMESTART,DT_TIMEEND) values (347,timestamp '2006-05-01 01:00:00.0',timestamp '2006-05-01 01:00:00.0');
insert into ReportServiceUsage (ID_USER,ID_INTERFACE,ID_CONCEPT,ID_QOSREPORT) values (38,1,4,347);
insert into Instance(ID_INSTANCE) values (347);
insert into QoSParameterinstance(ID_CONCEPT,ID_INSTANCE) values (4,347);
insert into QoSConformance (ID_QOSCONFORMANCE,VL_MEANVALUE,VL_STANDARDDEVIATION,ID_INSTANCE) values(347,-0.00791592061257107,0.0,347);
insert into HasReportedValue(ID_QOSREPORT,ID_QOSCONFORMANCE,VL_ESTIMATEDCREDIBILITY,VL_REALCREDIBILITY) values (347,347,0,4);
insert into QoSReport (ID_QOSREPORT,DT_TIMESTART,DT_TIMEEND) values (348,timestamp '2006-05-01 02:00:00.0',timestamp '2006-05-01 02:00:00.0');
insert into ReportServiceUsage (ID_USER,ID_INTERFACE,ID_CONCEPT,ID_QOSREPORT) values (64,3,3,348);
insert into Instance(ID_INSTANCE) values (348);
insert into QoSParameterinstance(ID_CONCEPT,ID_INSTANCE) values (3,348);
insert into QoSConformance (ID_QOSCONFORMANCE,VL_MEANVALUE,VL_STANDARDDEVIATION,ID_INSTANCE) values(348,-0.4492309627612332,0.0,348);
insert into HasReportedValue(ID_QOSREPORT,ID_QOSCONFORMANCE,VL_ESTIMATEDCREDIBILITY,VL_REALCREDIBILITY) values (348,348,0,4);
insert into QoSReport (ID_QOSREPORT,DT_TIMESTART,DT_TIMEEND) values (349,timestamp '2006-05-01 03:00:00.0',timestamp '2006-05-01 03:00:00.0');
insert into ReportServiceUsage (ID_USER,ID_INTERFACE,ID_CONCEPT,ID_QOSREPORT) values (31,1,7,349);
insert into Instance(ID_INSTANCE) values (349);
insert into QoSParameterinstance(ID_CONCEPT,ID_INSTANCE) values (7,349);
insert into QoSConformance (ID_QOSCONFORMANCE,VL_MEANVALUE,VL_STANDARDDEVIATION,ID_INSTANCE) values(349,-0.43339203340601723,0.0,349);
insert into HasReportedValue(ID_QOSREPORT,ID_QOSCONFORMANCE,VL_ESTIMATEDCREDIBILITY,VL_REALCREDIBILITY) values (349,349,0,4);
insert into QoSReport (ID_QOSREPORT,DT_TIMESTART,DT_TIMEEND) values (350,timestamp '2006-05-01 02:00:00.0',timestamp '2006-05-01 02:00:00.0');
insert into ReportServiceUsage (ID_USER,ID_INTERFACE,ID_CONCEPT,ID_QOSREPORT) values (51,0,8,350);
insert into Instance(ID_INSTANCE) values (350);
insert into QoSParameterinstance(ID_CONCEPT,ID_INSTANCE) values (8,350);
insert into QoSConformance (ID_QOSCONFORMANCE,VL_MEANVALUE,VL_STANDARDDEVIATION,ID_INSTANCE) values(350,-1.070100003428223,0.0,350);
insert into HasReportedValue(ID_QOSREPORT,ID_QOSCONFORMANCE,VL_ESTIMATEDCREDIBILITY,VL_REALCREDIBILITY) values (350,350,0,4);
insert into QoSReport (ID_QOSREPORT,DT_TIMESTART,DT_TIMEEND) values (351,timestamp '2006-05-01 04:00:00.0',timestamp '2006-05-01 04:00:00.0');
insert into ReportServiceUsage (ID_USER,ID_INTERFACE,ID_CONCEPT,ID_QOSREPORT) values (54,1,1,351);
insert into Instance(ID_INSTANCE) values (351);
insert into QoSParameterinstance(ID_CONCEPT,ID_INSTANCE) values (1,351);
insert into QoSConformance (ID_QOSCONFORMANCE,VL_MEANVALUE,VL_STANDARDDEVIATION,ID_INSTANCE) values(351,0.13254602218557143,0.0,351);
insert into HasReportedValue(ID_QOSREPORT,ID_QOSCONFORMANCE,VL_ESTIMATEDCREDIBILITY,VL_REALCREDIBILITY) values (351,351,0,4);
insert into QoSReport (ID_QOSREPORT,DT_TIMESTART,DT_TIMEEND) values (352,timestamp '2006-05-01 00:00:00.0',timestamp '2006-05-01 00:00:00.0');
insert into ServiceUsage(ID_USER,ID_INTERFACE) values(49,3);
insert into ReportServiceUsage (ID_USER,ID_INTERFACE,ID_CONCEPT,ID_QOSREPORT) values (49,3,8,352);
insert into Instance(ID_INSTANCE) values (352);
insert into QoSParameterinstance(ID_CONCEPT,ID_INSTANCE) values (8,352);
insert into QoSConformance (ID_QOSCONFORMANCE,VL_MEANVALUE,VL_STANDARDDEVIATION,ID_INSTANCE) values(352,-0.32040080891964906,0.0,352);
insert into HasReportedValue(ID_QOSREPORT,ID_QOSCONFORMANCE,VL_ESTIMATEDCREDIBILITY,VL_REALCREDIBILITY) values (352,352,0,4);
insert into QoSReport (ID_QOSREPORT,DT_TIMESTART,DT_TIMEEND) values (353,timestamp '2006-05-01 02:00:00.0',timestamp '2006-05-01 02:00:00.0');
insert into ServiceUsage(ID_USER,ID_INTERFACE) values(70,0);
insert into ReportServiceUsage (ID_USER,ID_INTERFACE,ID_CONCEPT,ID_QOSREPORT) values (70,0,7,353);
insert into Instance(ID_INSTANCE) values (353);
insert into QoSParameterinstance(ID_CONCEPT,ID_INSTANCE) values (7,353);
insert into QoSConformance (ID_QOSCONFORMANCE,VL_MEANVALUE,VL_STANDARDDEVIATION,ID_INSTANCE) values(353,-1.6106069455560832,0.0,353);
insert into HasReportedValue(ID_QOSREPORT,ID_QOSCONFORMANCE,VL_ESTIMATEDCREDIBILITY,VL_REALCREDIBILITY) values (353,353,0,4);
insert into QoSReport (ID_QOSREPORT,DT_TIMESTART,DT_TIMEEND) values (354,timestamp '2006-05-01 00:00:00.0',timestamp '2006-05-01 00:00:00.0');
insert into ReportServiceUsage (ID_USER,ID_INTERFACE,ID_CONCEPT,ID_QOSREPORT) values (64,1,2,354);
insert into Instance(ID_INSTANCE) values (354);
insert into QoSParameterinstance(ID_CONCEPT,ID_INSTANCE) values (2,354);
insert into QoSConformance (ID_QOSCONFORMANCE,VL_MEANVALUE,VL_STANDARDDEVIATION,ID_INSTANCE) values(354,1.5680470785465226,0.0,354);
insert into HasReportedValue(ID_QOSREPORT,ID_QOSCONFORMANCE,VL_ESTIMATEDCREDIBILITY,VL_REALCREDIBILITY) values (354,354,0,4);
insert into QoSReport (ID_QOSREPORT,DT_TIMESTART,DT_TIMEEND) values (355,timestamp '2006-05-01 02:00:00.0',timestamp '2006-05-01 02:00:00.0');
insert into ReportServiceUsage (ID_USER,ID_INTERFACE,ID_CONCEPT,ID_QOSREPORT) values (37,1,2,355);
insert into Instance(ID_INSTANCE) values (355);
insert into QoSParameterinstance(ID_CONCEPT,ID_INSTANCE) values (2,355);
insert into QoSConformance (ID_QOSCONFORMANCE,VL_MEANVALUE,VL_STANDARDDEVIATION,ID_INSTANCE) values(355,0.8317828379377679,0.0,355);
insert into HasReportedValue(ID_QOSREPORT,ID_QOSCONFORMANCE,VL_ESTIMATEDCREDIBILITY,VL_REALCREDIBILITY) values (355,355,0,4);
insert into QoSReport (ID_QOSREPORT,DT_TIMESTART,DT_TIMEEND) values (356,timestamp '2006-05-01 03:00:00.0',timestamp '2006-05-01 03:00:00.0');
insert into ReportServiceUsage (ID_USER,ID_INTERFACE,ID_CONCEPT,ID_QOSREPORT) values (25,3,7,356);
insert into Instance(ID_INSTANCE) values (356);
insert into QoSParameterinstance(ID_CONCEPT,ID_INSTANCE) values (7,356);
insert into QoSConformance (ID_QOSCONFORMANCE,VL_MEANVALUE,VL_STANDARDDEVIATION,ID_INSTANCE) values(356,-0.1310361484587944,0.0,356);
insert into HasReportedValue(ID_QOSREPORT,ID_QOSCONFORMANCE,VL_ESTIMATEDCREDIBILITY,VL_REALCREDIBILITY) values (356,356,0,4);
insert into QoSReport (ID_QOSREPORT,DT_TIMESTART,DT_TIMEEND) values (357,timestamp '2006-05-01 03:00:00.0',timestamp '2006-05-01 03:00:00.0');
insert into ReportServiceUsage (ID_USER,ID_INTERFACE,ID_CONCEPT,ID_QOSREPORT) values (40,0,0,357);
insert into Instance(ID_INSTANCE) values (357);
insert into QoSParameterinstance(ID_CONCEPT,ID_INSTANCE) values (0,357);
insert into QoSConformance (ID_QOSCONFORMANCE,VL_MEANVALUE,VL_STANDARDDEVIATION,ID_INSTANCE) values(357,-1.640614887267044,0.0,357);
insert into HasReportedValue(ID_QOSREPORT,ID_QOSCONFORMANCE,VL_ESTIMATEDCREDIBILITY,VL_REALCREDIBILITY) values (357,357,0,4);
insert into QoSReport (ID_QOSREPORT,DT_TIMESTART,DT_TIMEEND) values (358,timestamp '2006-05-01 00:00:00.0',timestamp '2006-05-01 00:00:00.0');
insert into ReportServiceUsage (ID_USER,ID_INTERFACE,ID_CONCEPT,ID_QOSREPORT) values (64,1,5,358);
insert into Instance(ID_INSTANCE) values (358);
insert into QoSParameterinstance(ID_CONCEPT,ID_INSTANCE) values (5,358);
insert into QoSConformance (ID_QOSCONFORMANCE,VL_MEANVALUE,VL_STANDARDDEVIATION,ID_INSTANCE) values(358,-0.17507358301655163,0.0,358);
insert into HasReportedValue(ID_QOSREPORT,ID_QOSCONFORMANCE,VL_ESTIMATEDCREDIBILITY,VL_REALCREDIBILITY) values (358,358,0,4);
insert into QoSReport (ID_QOSREPORT,DT_TIMESTART,DT_TIMEEND) values (359,timestamp '2006-05-01 00:00:00.0',timestamp '2006-05-01 00:00:00.0');
insert into ReportServiceUsage (ID_USER,ID_INTERFACE,ID_CONCEPT,ID_QOSREPORT) values (36,0,5,359);
insert into Instance(ID_INSTANCE) values (359);
insert into QoSParameterinstance(ID_CONCEPT,ID_INSTANCE) values (5,359);
insert into QoSConformance (ID_QOSCONFORMANCE,VL_MEANVALUE,VL_STANDARDDEVIATION,ID_INSTANCE) values(359,0.2293496861493765,0.0,359);
insert into HasReportedValue(ID_QOSREPORT,ID_QOSCONFORMANCE,VL_ESTIMATEDCREDIBILITY,VL_REALCREDIBILITY) values (359,359,0,4);
insert into QoSReport (ID_QOSREPORT,DT_TIMESTART,DT_TIMEEND) values (360,timestamp '2006-05-01 03:00:00.0',timestamp '2006-05-01 03:00:00.0');
insert into ReportServiceUsage (ID_USER,ID_INTERFACE,ID_CONCEPT,ID_QOSREPORT) values (42,1,8,360);
insert into Instance(ID_INSTANCE) values (360);
insert into QoSParameterinstance(ID_CONCEPT,ID_INSTANCE) values (8,360);
insert into QoSConformance (ID_QOSCONFORMANCE,VL_MEANVALUE,VL_STANDARDDEVIATION,ID_INSTANCE) values(360,0.622564512604815,0.0,360);
insert into HasReportedValue(ID_QOSREPORT,ID_QOSCONFORMANCE,VL_ESTIMATEDCREDIBILITY,VL_REALCREDIBILITY) values (360,360,0,4);
insert into QoSReport (ID_QOSREPORT,DT_TIMESTART,DT_TIMEEND) values (361,timestamp '2006-05-01 04:00:00.0',timestamp '2006-05-01 04:00:00.0');
insert into ServiceUsage(ID_USER,ID_INTERFACE) values(48,3);
insert into ReportServiceUsage (ID_USER,ID_INTERFACE,ID_CONCEPT,ID_QOSREPORT) values (48,3,7,361);
insert into Instance(ID_INSTANCE) values (361);
insert into QoSParameterinstance(ID_CONCEPT,ID_INSTANCE) values (7,361);
insert into QoSConformance (ID_QOSCONFORMANCE,VL_MEANVALUE,VL_STANDARDDEVIATION,ID_INSTANCE) values(361,0.44470036381713623,0.0,361);
insert into HasReportedValue(ID_QOSREPORT,ID_QOSCONFORMANCE,VL_ESTIMATEDCREDIBILITY,VL_REALCREDIBILITY) values (361,361,0,4);
insert into QoSReport (ID_QOSREPORT,DT_TIMESTART,DT_TIMEEND) values (362,timestamp '2006-05-01 01:00:00.0',timestamp '2006-05-01 01:00:00.0');
insert into ReportServiceUsage (ID_USER,ID_INTERFACE,ID_CONCEPT,ID_QOSREPORT) values (36,1,2,362);
insert into Instance(ID_INSTANCE) values (362);
insert into QoSParameterinstance(ID_CONCEPT,ID_INSTANCE) values (2,362);
insert into QoSConformance (ID_QOSCONFORMANCE,VL_MEANVALUE,VL_STANDARDDEVIATION,ID_INSTANCE) values(362,1.2375185226245935,0.0,362);
insert into HasReportedValue(ID_QOSREPORT,ID_QOSCONFORMANCE,VL_ESTIMATEDCREDIBILITY,VL_REALCREDIBILITY) values (362,362,0,4);
insert into QoSReport (ID_QOSREPORT,DT_TIMESTART,DT_TIMEEND) values (363,timestamp '2006-05-01 00:00:00.0',timestamp '2006-05-01 00:00:00.0');
insert into ReportServiceUsage (ID_USER,ID_INTERFACE,ID_CONCEPT,ID_QOSREPORT) values (33,1,2,363);
insert into Instance(ID_INSTANCE) values (363);
insert into QoSParameterinstance(ID_CONCEPT,ID_INSTANCE) values (2,363);
insert into QoSConformance (ID_QOSCONFORMANCE,VL_MEANVALUE,VL_STANDARDDEVIATION,ID_INSTANCE) values(363,0.3781108462366815,0.0,363);
insert into HasReportedValue(ID_QOSREPORT,ID_QOSCONFORMANCE,VL_ESTIMATEDCREDIBILITY,VL_REALCREDIBILITY) values (363,363,0,4);
insert into QoSReport (ID_QOSREPORT,DT_TIMESTART,DT_TIMEEND) values (364,timestamp '2006-05-01 02:00:00.0',timestamp '2006-05-01 02:00:00.0');
insert into ReportServiceUsage (ID_USER,ID_INTERFACE,ID_CONCEPT,ID_QOSREPORT) values (70,1,6,364);
insert into Instance(ID_INSTANCE) values (364);
insert into QoSParameterinstance(ID_CONCEPT,ID_INSTANCE) values (6,364);
insert into QoSConformance (ID_QOSCONFORMANCE,VL_MEANVALUE,VL_STANDARDDEVIATION,ID_INSTANCE) values(364,-0.11823787401333452,0.0,364);
insert into HasReportedValue(ID_QOSREPORT,ID_QOSCONFORMANCE,VL_ESTIMATEDCREDIBILITY,VL_REALCREDIBILITY) values (364,364,0,4);
insert into QoSReport (ID_QOSREPORT,DT_TIMESTART,DT_TIMEEND) values (365,timestamp '2006-05-01 01:00:00.0',timestamp '2006-05-01 01:00:00.0');
insert into ReportServiceUsage (ID_USER,ID_INTERFACE,ID_CONCEPT,ID_QOSREPORT) values (63,3,0,365);
insert into Instance(ID_INSTANCE) values (365);
insert into QoSParameterinstance(ID_CONCEPT,ID_INSTANCE) values (0,365);
insert into QoSConformance (ID_QOSCONFORMANCE,VL_MEANVALUE,VL_STANDARDDEVIATION,ID_INSTANCE) values(365,0.015792324323654405,0.0,365);
insert into HasReportedValue(ID_QOSREPORT,ID_QOSCONFORMANCE,VL_ESTIMATEDCREDIBILITY,VL_REALCREDIBILITY) values (365,365,0,4);
insert into QoSReport (ID_QOSREPORT,DT_TIMESTART,DT_TIMEEND) values (366,timestamp '2006-05-01 03:00:00.0',timestamp '2006-05-01 03:00:00.0');
insert into ReportServiceUsage (ID_USER,ID_INTERFACE,ID_CONCEPT,ID_QOSREPORT) values (68,1,3,366);
insert into Instance(ID_INSTANCE) values (366);
insert into QoSParameterinstance(ID_CONCEPT,ID_INSTANCE) values (3,366);
insert into QoSConformance (ID_QOSCONFORMANCE,VL_MEANVALUE,VL_STANDARDDEVIATION,ID_INSTANCE) values(366,0.022974813892226997,0.0,366);
insert into HasReportedValue(ID_QOSREPORT,ID_QOSCONFORMANCE,VL_ESTIMATEDCREDIBILITY,VL_REALCREDIBILITY) values (366,366,0,4);
insert into QoSReport (ID_QOSREPORT,DT_TIMESTART,DT_TIMEEND) values (367,timestamp '2006-05-01 03:00:00.0',timestamp '2006-05-01 03:00:00.0');
insert into ReportServiceUsage (ID_USER,ID_INTERFACE,ID_CONCEPT,ID_QOSREPORT) values (26,0,3,367);
insert into Instance(ID_INSTANCE) values (367);
insert into QoSParameterinstance(ID_CONCEPT,ID_INSTANCE) values (3,367);
insert into QoSConformance (ID_QOSCONFORMANCE,VL_MEANVALUE,VL_STANDARDDEVIATION,ID_INSTANCE) values(367,-0.43058628575942115,0.0,367);
insert into HasReportedValue(ID_QOSREPORT,ID_QOSCONFORMANCE,VL_ESTIMATEDCREDIBILITY,VL_REALCREDIBILITY) values (367,367,0,4);
insert into QoSReport (ID_QOSREPORT,DT_TIMESTART,DT_TIMEEND) values (368,timestamp '2006-05-01 00:00:00.0',timestamp '2006-05-01 00:00:00.0');
insert into ReportServiceUsage (ID_USER,ID_INTERFACE,ID_CONCEPT,ID_QOSREPORT) values (25,3,2,368);
insert into Instance(ID_INSTANCE) values (368);
insert into QoSParameterinstance(ID_CONCEPT,ID_INSTANCE) values (2,368);
insert into QoSConformance (ID_QOSCONFORMANCE,VL_MEANVALUE,VL_STANDARDDEVIATION,ID_INSTANCE) values(368,0.18634031777337323,0.0,368);
insert into HasReportedValue(ID_QOSREPORT,ID_QOSCONFORMANCE,VL_ESTIMATEDCREDIBILITY,VL_REALCREDIBILITY) values (368,368,0,4);
insert into QoSReport (ID_QOSREPORT,DT_TIMESTART,DT_TIMEEND) values (369,timestamp '2006-05-01 04:00:00.0',timestamp '2006-05-01 04:00:00.0');
insert into ServiceUsage(ID_USER,ID_INTERFACE) values(43,3);
insert into ReportServiceUsage (ID_USER,ID_INTERFACE,ID_CONCEPT,ID_QOSREPORT) values (43,3,6,369);
insert into Instance(ID_INSTANCE) values (369);
insert into QoSParameterinstance(ID_CONCEPT,ID_INSTANCE) values (6,369);
insert into QoSConformance (ID_QOSCONFORMANCE,VL_MEANVALUE,VL_STANDARDDEVIATION,ID_INSTANCE) values(369,0.795737085743643,0.0,369);
insert into HasReportedValue(ID_QOSREPORT,ID_QOSCONFORMANCE,VL_ESTIMATEDCREDIBILITY,VL_REALCREDIBILITY) values (369,369,0,4);
insert into QoSReport (ID_QOSREPORT,DT_TIMESTART,DT_TIMEEND) values (370,timestamp '2006-05-01 04:00:00.0',timestamp '2006-05-01 04:00:00.0');
insert into ServiceUsage(ID_USER,ID_INTERFACE) values(60,3);
insert into ReportServiceUsage (ID_USER,ID_INTERFACE,ID_CONCEPT,ID_QOSREPORT) values (60,3,2,370);
insert into Instance(ID_INSTANCE) values (370);
insert into QoSParameterinstance(ID_CONCEPT,ID_INSTANCE) values (2,370);
insert into QoSConformance (ID_QOSCONFORMANCE,VL_MEANVALUE,VL_STANDARDDEVIATION,ID_INSTANCE) values(370,0.3917784458015371,0.0,370);
insert into HasReportedValue(ID_QOSREPORT,ID_QOSCONFORMANCE,VL_ESTIMATEDCREDIBILITY,VL_REALCREDIBILITY) values (370,370,0,4);
insert into QoSReport (ID_QOSREPORT,DT_TIMESTART,DT_TIMEEND) values (371,timestamp '2006-05-01 02:00:00.0',timestamp '2006-05-01 02:00:00.0');
insert into ReportServiceUsage (ID_USER,ID_INTERFACE,ID_CONCEPT,ID_QOSREPORT) values (56,0,8,371);
insert into Instance(ID_INSTANCE) values (371);
insert into QoSParameterinstance(ID_CONCEPT,ID_INSTANCE) values (8,371);
insert into QoSConformance (ID_QOSCONFORMANCE,VL_MEANVALUE,VL_STANDARDDEVIATION,ID_INSTANCE) values(371,1.3306071298077455,0.0,371);
insert into HasReportedValue(ID_QOSREPORT,ID_QOSCONFORMANCE,VL_ESTIMATEDCREDIBILITY,VL_REALCREDIBILITY) values (371,371,0,4);
insert into QoSReport (ID_QOSREPORT,DT_TIMESTART,DT_TIMEEND) values (372,timestamp '2006-05-01 00:00:00.0',timestamp '2006-05-01 00:00:00.0');
insert into ServiceUsage(ID_USER,ID_INTERFACE) values(34,3);
insert into ReportServiceUsage (ID_USER,ID_INTERFACE,ID_CONCEPT,ID_QOSREPORT) values (34,3,4,372);
insert into Instance(ID_INSTANCE) values (372);
insert into QoSParameterinstance(ID_CONCEPT,ID_INSTANCE) values (4,372);
insert into QoSConformance (ID_QOSCONFORMANCE,VL_MEANVALUE,VL_STANDARDDEVIATION,ID_INSTANCE) values(372,0.28785914997688183,0.0,372);
insert into HasReportedValue(ID_QOSREPORT,ID_QOSCONFORMANCE,VL_ESTIMATEDCREDIBILITY,VL_REALCREDIBILITY) values (372,372,0,4);
insert into QoSReport (ID_QOSREPORT,DT_TIMESTART,DT_TIMEEND) values (373,timestamp '2006-05-01 03:00:00.0',timestamp '2006-05-01 03:00:00.0');
insert into ServiceUsage(ID_USER,ID_INTERFACE) values(41,0);
insert into ReportServiceUsage (ID_USER,ID_INTERFACE,ID_CONCEPT,ID_QOSREPORT) values (41,0,9,373);
insert into Instance(ID_INSTANCE) values (373);
insert into QoSParameterinstance(ID_CONCEPT,ID_INSTANCE) values (9,373);
insert into QoSConformance (ID_QOSCONFORMANCE,VL_MEANVALUE,VL_STANDARDDEVIATION,ID_INSTANCE) values(373,0.27388141353202045,0.0,373);
insert into HasReportedValue(ID_QOSREPORT,ID_QOSCONFORMANCE,VL_ESTIMATEDCREDIBILITY,VL_REALCREDIBILITY) values (373,373,0,4);
insert into QoSReport (ID_QOSREPORT,DT_TIMESTART,DT_TIMEEND) values (374,timestamp '2006-05-01 04:00:00.0',timestamp '2006-05-01 04:00:00.0');
insert into ReportServiceUsage (ID_USER,ID_INTERFACE,ID_CONCEPT,ID_QOSREPORT) values (37,0,7,374);
insert into Instance(ID_INSTANCE) values (374);
insert into QoSParameterinstance(ID_CONCEPT,ID_INSTANCE) values (7,374);
insert into QoSConformance (ID_QOSCONFORMANCE,VL_MEANVALUE,VL_STANDARDDEVIATION,ID_INSTANCE) values(374,0.8786589467236727,0.0,374);
insert into HasReportedValue(ID_QOSREPORT,ID_QOSCONFORMANCE,VL_ESTIMATEDCREDIBILITY,VL_REALCREDIBILITY) values (374,374,0,4);
insert into QoSReport (ID_QOSREPORT,DT_TIMESTART,DT_TIMEEND) values (375,timestamp '2006-05-01 01:00:00.0',timestamp '2006-05-01 01:00:00.0');
insert into ServiceUsage(ID_USER,ID_INTERFACE) values(74,0);
insert into ReportServiceUsage (ID_USER,ID_INTERFACE,ID_CONCEPT,ID_QOSREPORT) values (74,0,2,375);
insert into Instance(ID_INSTANCE) values (375);
insert into QoSParameterinstance(ID_CONCEPT,ID_INSTANCE) values (2,375);
insert into QoSConformance (ID_QOSCONFORMANCE,VL_MEANVALUE,VL_STANDARDDEVIATION,ID_INSTANCE) values(375,0.6713588707939409,0.0,375);
insert into HasReportedValue(ID_QOSREPORT,ID_QOSCONFORMANCE,VL_ESTIMATEDCREDIBILITY,VL_REALCREDIBILITY) values (375,375,0,8);
insert into QoSReport (ID_QOSREPORT,DT_TIMESTART,DT_TIMEEND) values (376,timestamp '2006-05-01 02:00:00.0',timestamp '2006-05-01 02:00:00.0');
insert into ServiceUsage(ID_USER,ID_INTERFACE) values(85,2);
insert into ReportServiceUsage (ID_USER,ID_INTERFACE,ID_CONCEPT,ID_QOSREPORT) values (85,2,6,376);
insert into Instance(ID_INSTANCE) values (376);
insert into QoSParameterinstance(ID_CONCEPT,ID_INSTANCE) values (6,376);
insert into QoSConformance (ID_QOSCONFORMANCE,VL_MEANVALUE,VL_STANDARDDEVIATION,ID_INSTANCE) values(376,0.5521957446617161,0.0,376);
insert into HasReportedValue(ID_QOSREPORT,ID_QOSCONFORMANCE,VL_ESTIMATEDCREDIBILITY,VL_REALCREDIBILITY) values (376,376,0,8);
insert into QoSReport (ID_QOSREPORT,DT_TIMESTART,DT_TIMEEND) values (377,timestamp '2006-05-01 04:00:00.0',timestamp '2006-05-01 04:00:00.0');
insert into ServiceUsage(ID_USER,ID_INTERFACE) values(75,2);
insert into ReportServiceUsage (ID_USER,ID_INTERFACE,ID_CONCEPT,ID_QOSREPORT) values (75,2,2,377);
insert into Instance(ID_INSTANCE) values (377);
insert into QoSParameterinstance(ID_CONCEPT,ID_INSTANCE) values (2,377);
insert into QoSConformance (ID_QOSCONFORMANCE,VL_MEANVALUE,VL_STANDARDDEVIATION,ID_INSTANCE) values(377,1.3302904831524336,0.0,377);
insert into HasReportedValue(ID_QOSREPORT,ID_QOSCONFORMANCE,VL_ESTIMATEDCREDIBILITY,VL_REALCREDIBILITY) values (377,377,0,8);
insert into QoSReport (ID_QOSREPORT,DT_TIMESTART,DT_TIMEEND) values (378,timestamp '2006-05-01 03:00:00.0',timestamp '2006-05-01 03:00:00.0');
insert into ServiceUsage(ID_USER,ID_INTERFACE) values(82,0);
insert into ReportServiceUsage (ID_USER,ID_INTERFACE,ID_CONCEPT,ID_QOSREPORT) values (82,0,3,378);
insert into Instance(ID_INSTANCE) values (378);
insert into QoSParameterinstance(ID_CONCEPT,ID_INSTANCE) values (3,378);
insert into QoSConformance (ID_QOSCONFORMANCE,VL_MEANVALUE,VL_STANDARDDEVIATION,ID_INSTANCE) values(378,0.8151000611981277,0.0,378);
insert into HasReportedValue(ID_QOSREPORT,ID_QOSCONFORMANCE,VL_ESTIMATEDCREDIBILITY,VL_REALCREDIBILITY) values (378,378,0,8);
insert into QoSReport (ID_QOSREPORT,DT_TIMESTART,DT_TIMEEND) values (379,timestamp '2006-05-01 03:00:00.0',timestamp '2006-05-01 03:00:00.0');
insert into ServiceUsage(ID_USER,ID_INTERFACE) values(80,0);
insert into ReportServiceUsage (ID_USER,ID_INTERFACE,ID_CONCEPT,ID_QOSREPORT) values (80,0,8,379);
insert into Instance(ID_INSTANCE) values (379);
insert into QoSParameterinstance(ID_CONCEPT,ID_INSTANCE) values (8,379);
insert into QoSConformance (ID_QOSCONFORMANCE,VL_MEANVALUE,VL_STANDARDDEVIATION,ID_INSTANCE) values(379,0.7770558277356729,0.0,379);
insert into HasReportedValue(ID_QOSREPORT,ID_QOSCONFORMANCE,VL_ESTIMATEDCREDIBILITY,VL_REALCREDIBILITY) values (379,379,0,8);
insert into QoSReport (ID_QOSREPORT,DT_TIMESTART,DT_TIMEEND) values (380,timestamp '2006-05-01 04:00:00.0',timestamp '2006-05-01 04:00:00.0');
insert into ServiceUsage(ID_USER,ID_INTERFACE) values(82,4);
insert into ReportServiceUsage (ID_USER,ID_INTERFACE,ID_CONCEPT,ID_QOSREPORT) values (82,4,8,380);
insert into Instance(ID_INSTANCE) values (380);
insert into QoSParameterinstance(ID_CONCEPT,ID_INSTANCE) values (8,380);
insert into QoSConformance (ID_QOSCONFORMANCE,VL_MEANVALUE,VL_STANDARDDEVIATION,ID_INSTANCE) values(380,0.8352963981803653,0.0,380);
insert into HasReportedValue(ID_QOSREPORT,ID_QOSCONFORMANCE,VL_ESTIMATEDCREDIBILITY,VL_REALCREDIBILITY) values (380,380,0,8);
insert into QoSReport (ID_QOSREPORT,DT_TIMESTART,DT_TIMEEND) values (381,timestamp '2006-05-01 02:00:00.0',timestamp '2006-05-01 02:00:00.0');
insert into ReportServiceUsage (ID_USER,ID_INTERFACE,ID_CONCEPT,ID_QOSREPORT) values (82,4,3,381);
insert into Instance(ID_INSTANCE) values (381);
insert into QoSParameterinstance(ID_CONCEPT,ID_INSTANCE) values (3,381);
insert into QoSConformance (ID_QOSCONFORMANCE,VL_MEANVALUE,VL_STANDARDDEVIATION,ID_INSTANCE) values(381,0.5661057450060837,0.0,381);
insert into HasReportedValue(ID_QOSREPORT,ID_QOSCONFORMANCE,VL_ESTIMATEDCREDIBILITY,VL_REALCREDIBILITY) values (381,381,0,8);
insert into QoSReport (ID_QOSREPORT,DT_TIMESTART,DT_TIMEEND) values (382,timestamp '2006-05-01 01:00:00.0',timestamp '2006-05-01 01:00:00.0');
insert into ServiceUsage(ID_USER,ID_INTERFACE) values(80,4);
insert into ReportServiceUsage (ID_USER,ID_INTERFACE,ID_CONCEPT,ID_QOSREPORT) values (80,4,5,382);
insert into Instance(ID_INSTANCE) values (382);
insert into QoSParameterinstance(ID_CONCEPT,ID_INSTANCE) values (5,382);
insert into QoSConformance (ID_QOSCONFORMANCE,VL_MEANVALUE,VL_STANDARDDEVIATION,ID_INSTANCE) values(382,-1.0921215769290735,0.0,382);
insert into HasReportedValue(ID_QOSREPORT,ID_QOSCONFORMANCE,VL_ESTIMATEDCREDIBILITY,VL_REALCREDIBILITY) values (382,382,0,8);
insert into QoSReport (ID_QOSREPORT,DT_TIMESTART,DT_TIMEEND) values (383,timestamp '2006-05-01 01:00:00.0',timestamp '2006-05-01 01:00:00.0');
insert into ReportServiceUsage (ID_USER,ID_INTERFACE,ID_CONCEPT,ID_QOSREPORT) values (85,2,3,383);
insert into Instance(ID_INSTANCE) values (383);
insert into QoSParameterinstance(ID_CONCEPT,ID_INSTANCE) values (3,383);
insert into QoSConformance (ID_QOSCONFORMANCE,VL_MEANVALUE,VL_STANDARDDEVIATION,ID_INSTANCE) values(383,1.2190719306127842,0.0,383);
insert into HasReportedValue(ID_QOSREPORT,ID_QOSCONFORMANCE,VL_ESTIMATEDCREDIBILITY,VL_REALCREDIBILITY) values (383,383,0,8);
insert into QoSReport (ID_QOSREPORT,DT_TIMESTART,DT_TIMEEND) values (384,timestamp '2006-05-01 01:00:00.0',timestamp '2006-05-01 01:00:00.0');
insert into ReportServiceUsage (ID_USER,ID_INTERFACE,ID_CONCEPT,ID_QOSREPORT) values (80,4,2,384);
insert into Instance(ID_INSTANCE) values (384);
insert into QoSParameterinstance(ID_CONCEPT,ID_INSTANCE) values (2,384);
insert into QoSConformance (ID_QOSCONFORMANCE,VL_MEANVALUE,VL_STANDARDDEVIATION,ID_INSTANCE) values(384,1.0747389648662833,0.0,384);
insert into HasReportedValue(ID_QOSREPORT,ID_QOSCONFORMANCE,VL_ESTIMATEDCREDIBILITY,VL_REALCREDIBILITY) values (384,384,0,8);
insert into QoSReport (ID_QOSREPORT,DT_TIMESTART,DT_TIMEEND) values (385,timestamp '2006-05-01 00:00:00.0',timestamp '2006-05-01 00:00:00.0');
insert into ServiceUsage(ID_USER,ID_INTERFACE) values(76,2);
insert into ReportServiceUsage (ID_USER,ID_INTERFACE,ID_CONCEPT,ID_QOSREPORT) values (76,2,2,385);
insert into Instance(ID_INSTANCE) values (385);
insert into QoSParameterinstance(ID_CONCEPT,ID_INSTANCE) values (2,385);
insert into QoSConformance (ID_QOSCONFORMANCE,VL_MEANVALUE,VL_STANDARDDEVIATION,ID_INSTANCE) values(385,1.1466789240316118,0.0,385);
insert into HasReportedValue(ID_QOSREPORT,ID_QOSCONFORMANCE,VL_ESTIMATEDCREDIBILITY,VL_REALCREDIBILITY) values (385,385,0,8);
insert into QoSReport (ID_QOSREPORT,DT_TIMESTART,DT_TIMEEND) values (386,timestamp '2006-05-01 00:00:00.0',timestamp '2006-05-01 00:00:00.0');
insert into ReportServiceUsage (ID_USER,ID_INTERFACE,ID_CONCEPT,ID_QOSREPORT) values (74,0,7,386);
insert into Instance(ID_INSTANCE) values (386);
insert into QoSParameterinstance(ID_CONCEPT,ID_INSTANCE) values (7,386);
insert into QoSConformance (ID_QOSCONFORMANCE,VL_MEANVALUE,VL_STANDARDDEVIATION,ID_INSTANCE) values(386,0.7519727596421443,0.0,386);
insert into HasReportedValue(ID_QOSREPORT,ID_QOSCONFORMANCE,VL_ESTIMATEDCREDIBILITY,VL_REALCREDIBILITY) values (386,386,0,8);
insert into QoSReport (ID_QOSREPORT,DT_TIMESTART,DT_TIMEEND) values (387,timestamp '2006-05-01 03:00:00.0',timestamp '2006-05-01 03:00:00.0');
insert into ServiceUsage(ID_USER,ID_INTERFACE) values(81,2);
insert into ReportServiceUsage (ID_USER,ID_INTERFACE,ID_CONCEPT,ID_QOSREPORT) values (81,2,7,387);
insert into Instance(ID_INSTANCE) values (387);
insert into QoSParameterinstance(ID_CONCEPT,ID_INSTANCE) values (7,387);
insert into QoSConformance (ID_QOSCONFORMANCE,VL_MEANVALUE,VL_STANDARDDEVIATION,ID_INSTANCE) values(387,0.4955976810590265,0.0,387);
insert into HasReportedValue(ID_QOSREPORT,ID_QOSCONFORMANCE,VL_ESTIMATEDCREDIBILITY,VL_REALCREDIBILITY) values (387,387,0,8);
insert into QoSReport (ID_QOSREPORT,DT_TIMESTART,DT_TIMEEND) values (388,timestamp '2006-05-01 01:00:00.0',timestamp '2006-05-01 01:00:00.0');
insert into ServiceUsage(ID_USER,ID_INTERFACE) values(83,0);
insert into ReportServiceUsage (ID_USER,ID_INTERFACE,ID_CONCEPT,ID_QOSREPORT) values (83,0,9,388);
insert into Instance(ID_INSTANCE) values (388);
insert into QoSParameterinstance(ID_CONCEPT,ID_INSTANCE) values (9,388);
insert into QoSConformance (ID_QOSCONFORMANCE,VL_MEANVALUE,VL_STANDARDDEVIATION,ID_INSTANCE) values(388,0.9579204528480425,0.0,388);
insert into HasReportedValue(ID_QOSREPORT,ID_QOSCONFORMANCE,VL_ESTIMATEDCREDIBILITY,VL_REALCREDIBILITY) values (388,388,0,8);
insert into QoSReport (ID_QOSREPORT,DT_TIMESTART,DT_TIMEEND) values (389,timestamp '2006-05-01 01:00:00.0',timestamp '2006-05-01 01:00:00.0');
insert into ServiceUsage(ID_USER,ID_INTERFACE) values(83,4);
insert into ReportServiceUsage (ID_USER,ID_INTERFACE,ID_CONCEPT,ID_QOSREPORT) values (83,4,0,389);
insert into Instance(ID_INSTANCE) values (389);
insert into QoSParameterinstance(ID_CONCEPT,ID_INSTANCE) values (0,389);
insert into QoSConformance (ID_QOSCONFORMANCE,VL_MEANVALUE,VL_STANDARDDEVIATION,ID_INSTANCE) values(389,1.3894688176603722,0.0,389);
insert into HasReportedValue(ID_QOSREPORT,ID_QOSCONFORMANCE,VL_ESTIMATEDCREDIBILITY,VL_REALCREDIBILITY) values (389,389,0,8);
insert into QoSReport (ID_QOSREPORT,DT_TIMESTART,DT_TIMEEND) values (390,timestamp '2006-05-01 04:00:00.0',timestamp '2006-05-01 04:00:00.0');
insert into ServiceUsage(ID_USER,ID_INTERFACE) values(84,2);
insert into ReportServiceUsage (ID_USER,ID_INTERFACE,ID_CONCEPT,ID_QOSREPORT) values (84,2,2,390);
insert into Instance(ID_INSTANCE) values (390);
insert into QoSParameterinstance(ID_CONCEPT,ID_INSTANCE) values (2,390);
insert into QoSConformance (ID_QOSCONFORMANCE,VL_MEANVALUE,VL_STANDARDDEVIATION,ID_INSTANCE) values(390,2.193045963209421,0.0,390);
insert into HasReportedValue(ID_QOSREPORT,ID_QOSCONFORMANCE,VL_ESTIMATEDCREDIBILITY,VL_REALCREDIBILITY) values (390,390,0,8);
insert into QoSReport (ID_QOSREPORT,DT_TIMESTART,DT_TIMEEND) values (391,timestamp '2006-05-01 01:00:00.0',timestamp '2006-05-01 01:00:00.0');
insert into ServiceUsage(ID_USER,ID_INTERFACE) values(76,0);
insert into ReportServiceUsage (ID_USER,ID_INTERFACE,ID_CONCEPT,ID_QOSREPORT) values (76,0,9,391);
insert into Instance(ID_INSTANCE) values (391);
insert into QoSParameterinstance(ID_CONCEPT,ID_INSTANCE) values (9,391);
insert into QoSConformance (ID_QOSCONFORMANCE,VL_MEANVALUE,VL_STANDARDDEVIATION,ID_INSTANCE) values(391,1.5714857543271206,0.0,391);
insert into HasReportedValue(ID_QOSREPORT,ID_QOSCONFORMANCE,VL_ESTIMATEDCREDIBILITY,VL_REALCREDIBILITY) values (391,391,0,8);
insert into QoSReport (ID_QOSREPORT,DT_TIMESTART,DT_TIMEEND) values (392,timestamp '2006-05-01 02:00:00.0',timestamp '2006-05-01 02:00:00.0');
insert into ServiceUsage(ID_USER,ID_INTERFACE) values(80,2);
insert into ReportServiceUsage (ID_USER,ID_INTERFACE,ID_CONCEPT,ID_QOSREPORT) values (80,2,3,392);
insert into Instance(ID_INSTANCE) values (392);
insert into QoSParameterinstance(ID_CONCEPT,ID_INSTANCE) values (3,392);
insert into QoSConformance (ID_QOSCONFORMANCE,VL_MEANVALUE,VL_STANDARDDEVIATION,ID_INSTANCE) values(392,0.6102410162544549,0.0,392);
insert into HasReportedValue(ID_QOSREPORT,ID_QOSCONFORMANCE,VL_ESTIMATEDCREDIBILITY,VL_REALCREDIBILITY) values (392,392,0,8);
insert into QoSReport (ID_QOSREPORT,DT_TIMESTART,DT_TIMEEND) values (393,timestamp '2006-05-01 03:00:00.0',timestamp '2006-05-01 03:00:00.0');
insert into ReportServiceUsage (ID_USER,ID_INTERFACE,ID_CONCEPT,ID_QOSREPORT) values (80,0,2,393);
insert into Instance(ID_INSTANCE) values (393);
insert into QoSParameterinstance(ID_CONCEPT,ID_INSTANCE) values (2,393);
insert into QoSConformance (ID_QOSCONFORMANCE,VL_MEANVALUE,VL_STANDARDDEVIATION,ID_INSTANCE) values(393,1.1084061339004208,0.0,393);
insert into HasReportedValue(ID_QOSREPORT,ID_QOSCONFORMANCE,VL_ESTIMATEDCREDIBILITY,VL_REALCREDIBILITY) values (393,393,0,8);
insert into QoSReport (ID_QOSREPORT,DT_TIMESTART,DT_TIMEEND) values (394,timestamp '2006-05-01 04:00:00.0',timestamp '2006-05-01 04:00:00.0');
insert into ServiceUsage(ID_USER,ID_INTERFACE) values(76,4);
insert into ReportServiceUsage (ID_USER,ID_INTERFACE,ID_CONCEPT,ID_QOSREPORT) values (76,4,6,394);
insert into Instance(ID_INSTANCE) values (394);
insert into QoSParameterinstance(ID_CONCEPT,ID_INSTANCE) values (6,394);
insert into QoSConformance (ID_QOSCONFORMANCE,VL_MEANVALUE,VL_STANDARDDEVIATION,ID_INSTANCE) values(394,1.2164507837582872,0.0,394);
insert into HasReportedValue(ID_QOSREPORT,ID_QOSCONFORMANCE,VL_ESTIMATEDCREDIBILITY,VL_REALCREDIBILITY) values (394,394,0,8);
insert into QoSReport (ID_QOSREPORT,DT_TIMESTART,DT_TIMEEND) values (395,timestamp '2006-05-01 01:00:00.0',timestamp '2006-05-01 01:00:00.0');
insert into ServiceUsage(ID_USER,ID_INTERFACE) values(78,2);
insert into ReportServiceUsage (ID_USER,ID_INTERFACE,ID_CONCEPT,ID_QOSREPORT) values (78,2,0,395);
insert into Instance(ID_INSTANCE) values (395);
insert into QoSParameterinstance(ID_CONCEPT,ID_INSTANCE) values (0,395);
insert into QoSConformance (ID_QOSCONFORMANCE,VL_MEANVALUE,VL_STANDARDDEVIATION,ID_INSTANCE) values(395,0.44676557808797,0.0,395);
insert into HasReportedValue(ID_QOSREPORT,ID_QOSCONFORMANCE,VL_ESTIMATEDCREDIBILITY,VL_REALCREDIBILITY) values (395,395,0,8);
insert into QoSReport (ID_QOSREPORT,DT_TIMESTART,DT_TIMEEND) values (396,timestamp '2006-05-01 02:00:00.0',timestamp '2006-05-01 02:00:00.0');
insert into ServiceUsage(ID_USER,ID_INTERFACE) values(81,0);
insert into ReportServiceUsage (ID_USER,ID_INTERFACE,ID_CONCEPT,ID_QOSREPORT) values (81,0,1,396);
insert into Instance(ID_INSTANCE) values (396);
insert into QoSParameterinstance(ID_CONCEPT,ID_INSTANCE) values (1,396);
insert into QoSConformance (ID_QOSCONFORMANCE,VL_MEANVALUE,VL_STANDARDDEVIATION,ID_INSTANCE) values(396,1.4263231296115864,0.0,396);
insert into HasReportedValue(ID_QOSREPORT,ID_QOSCONFORMANCE,VL_ESTIMATEDCREDIBILITY,VL_REALCREDIBILITY) values (396,396,0,8);
insert into QoSReport (ID_QOSREPORT,DT_TIMESTART,DT_TIMEEND) values (397,timestamp '2006-05-01 03:00:00.0',timestamp '2006-05-01 03:00:00.0');
insert into ServiceUsage(ID_USER,ID_INTERFACE) values(79,4);
insert into ReportServiceUsage (ID_USER,ID_INTERFACE,ID_CONCEPT,ID_QOSREPORT) values (79,4,6,397);
insert into Instance(ID_INSTANCE) values (397);
insert into QoSParameterinstance(ID_CONCEPT,ID_INSTANCE) values (6,397);
insert into QoSConformance (ID_QOSCONFORMANCE,VL_MEANVALUE,VL_STANDARDDEVIATION,ID_INSTANCE) values(397,0.9180150198044363,0.0,397);
insert into HasReportedValue(ID_QOSREPORT,ID_QOSCONFORMANCE,VL_ESTIMATEDCREDIBILITY,VL_REALCREDIBILITY) values (397,397,0,8);
insert into QoSReport (ID_QOSREPORT,DT_TIMESTART,DT_TIMEEND) values (398,timestamp '2006-05-01 00:00:00.0',timestamp '2006-05-01 00:00:00.0');
insert into ReportServiceUsage (ID_USER,ID_INTERFACE,ID_CONCEPT,ID_QOSREPORT) values (75,2,4,398);
insert into Instance(ID_INSTANCE) values (398);
insert into QoSParameterinstance(ID_CONCEPT,ID_INSTANCE) values (4,398);
insert into QoSConformance (ID_QOSCONFORMANCE,VL_MEANVALUE,VL_STANDARDDEVIATION,ID_INSTANCE) values(398,1.004784901456302,0.0,398);
insert into HasReportedValue(ID_QOSREPORT,ID_QOSCONFORMANCE,VL_ESTIMATEDCREDIBILITY,VL_REALCREDIBILITY) values (398,398,0,8);
insert into QoSReport (ID_QOSREPORT,DT_TIMESTART,DT_TIMEEND) values (399,timestamp '2006-05-01 03:00:00.0',timestamp '2006-05-01 03:00:00.0');
insert into ServiceUsage(ID_USER,ID_INTERFACE) values(84,0);
insert into ReportServiceUsage (ID_USER,ID_INTERFACE,ID_CONCEPT,ID_QOSREPORT) values (84,0,5,399);
insert into Instance(ID_INSTANCE) values (399);
insert into QoSParameterinstance(ID_CONCEPT,ID_INSTANCE) values (5,399);
insert into QoSConformance (ID_QOSCONFORMANCE,VL_MEANVALUE,VL_STANDARDDEVIATION,ID_INSTANCE) values(399,0.3566979158135303,0.0,399);
insert into HasReportedValue(ID_QOSREPORT,ID_QOSCONFORMANCE,VL_ESTIMATEDCREDIBILITY,VL_REALCREDIBILITY) values (399,399,0,8);
insert into QoSReport (ID_QOSREPORT,DT_TIMESTART,DT_TIMEEND) values (400,timestamp '2006-05-01 01:00:00.0',timestamp '2006-05-01 01:00:00.0');
insert into ServiceUsage(ID_USER,ID_INTERFACE) values(75,0);
insert into ReportServiceUsage (ID_USER,ID_INTERFACE,ID_CONCEPT,ID_QOSREPORT) values (75,0,3,400);
insert into Instance(ID_INSTANCE) values (400);
insert into QoSParameterinstance(ID_CONCEPT,ID_INSTANCE) values (3,400);
insert into QoSConformance (ID_QOSCONFORMANCE,VL_MEANVALUE,VL_STANDARDDEVIATION,ID_INSTANCE) values(400,0.14937774584494717,0.0,400);
insert into HasReportedValue(ID_QOSREPORT,ID_QOSCONFORMANCE,VL_ESTIMATEDCREDIBILITY,VL_REALCREDIBILITY) values (400,400,0,8);
insert into QoSReport (ID_QOSREPORT,DT_TIMESTART,DT_TIMEEND) values (401,timestamp '2006-05-01 02:00:00.0',timestamp '2006-05-01 02:00:00.0');
insert into ReportServiceUsage (ID_USER,ID_INTERFACE,ID_CONCEPT,ID_QOSREPORT) values (81,2,4,401);
insert into Instance(ID_INSTANCE) values (401);
insert into QoSParameterinstance(ID_CONCEPT,ID_INSTANCE) values (4,401);
insert into QoSConformance (ID_QOSCONFORMANCE,VL_MEANVALUE,VL_STANDARDDEVIATION,ID_INSTANCE) values(401,0.6161789535810112,0.0,401);
insert into HasReportedValue(ID_QOSREPORT,ID_QOSCONFORMANCE,VL_ESTIMATEDCREDIBILITY,VL_REALCREDIBILITY) values (401,401,0,8);
insert into QoSReport (ID_QOSREPORT,DT_TIMESTART,DT_TIMEEND) values (402,timestamp '2006-05-01 00:00:00.0',timestamp '2006-05-01 00:00:00.0');
insert into ReportServiceUsage (ID_USER,ID_INTERFACE,ID_CONCEPT,ID_QOSREPORT) values (76,2,9,402);
insert into Instance(ID_INSTANCE) values (402);
insert into QoSParameterinstance(ID_CONCEPT,ID_INSTANCE) values (9,402);
insert into QoSConformance (ID_QOSCONFORMANCE,VL_MEANVALUE,VL_STANDARDDEVIATION,ID_INSTANCE) values(402,1.547515243234415,0.0,402);
insert into HasReportedValue(ID_QOSREPORT,ID_QOSCONFORMANCE,VL_ESTIMATEDCREDIBILITY,VL_REALCREDIBILITY) values (402,402,0,8);
insert into QoSReport (ID_QOSREPORT,DT_TIMESTART,DT_TIMEEND) values (403,timestamp '2006-05-01 04:00:00.0',timestamp '2006-05-01 04:00:00.0');
insert into ReportServiceUsage (ID_USER,ID_INTERFACE,ID_CONCEPT,ID_QOSREPORT) values (76,0,6,403);
insert into Instance(ID_INSTANCE) values (403);
insert into QoSParameterinstance(ID_CONCEPT,ID_INSTANCE) values (6,403);
insert into QoSConformance (ID_QOSCONFORMANCE,VL_MEANVALUE,VL_STANDARDDEVIATION,ID_INSTANCE) values(403,0.8348633308300561,0.0,403);
insert into HasReportedValue(ID_QOSREPORT,ID_QOSCONFORMANCE,VL_ESTIMATEDCREDIBILITY,VL_REALCREDIBILITY) values (403,403,0,8);
insert into QoSReport (ID_QOSREPORT,DT_TIMESTART,DT_TIMEEND) values (404,timestamp '2006-05-01 02:00:00.0',timestamp '2006-05-01 02:00:00.0');
insert into ServiceUsage(ID_USER,ID_INTERFACE) values(74,4);
insert into ReportServiceUsage (ID_USER,ID_INTERFACE,ID_CONCEPT,ID_QOSREPORT) values (74,4,2,404);
insert into Instance(ID_INSTANCE) values (404);
insert into QoSParameterinstance(ID_CONCEPT,ID_INSTANCE) values (2,404);
insert into QoSConformance (ID_QOSCONFORMANCE,VL_MEANVALUE,VL_STANDARDDEVIATION,ID_INSTANCE) values(404,1.7947327226018253,0.0,404);
insert into HasReportedValue(ID_QOSREPORT,ID_QOSCONFORMANCE,VL_ESTIMATEDCREDIBILITY,VL_REALCREDIBILITY) values (404,404,0,8);
insert into QoSReport (ID_QOSREPORT,DT_TIMESTART,DT_TIMEEND) values (405,timestamp '2006-05-01 04:00:00.0',timestamp '2006-05-01 04:00:00.0');
insert into ServiceUsage(ID_USER,ID_INTERFACE) values(85,4);
insert into ReportServiceUsage (ID_USER,ID_INTERFACE,ID_CONCEPT,ID_QOSREPORT) values (85,4,9,405);
insert into Instance(ID_INSTANCE) values (405);
insert into QoSParameterinstance(ID_CONCEPT,ID_INSTANCE) values (9,405);
insert into QoSConformance (ID_QOSCONFORMANCE,VL_MEANVALUE,VL_STANDARDDEVIATION,ID_INSTANCE) values(405,1.7169191868907197,0.0,405);
insert into HasReportedValue(ID_QOSREPORT,ID_QOSCONFORMANCE,VL_ESTIMATEDCREDIBILITY,VL_REALCREDIBILITY) values (405,405,0,8);
insert into QoSReport (ID_QOSREPORT,DT_TIMESTART,DT_TIMEEND) values (406,timestamp '2006-05-01 01:00:00.0',timestamp '2006-05-01 01:00:00.0');
insert into ReportServiceUsage (ID_USER,ID_INTERFACE,ID_CONCEPT,ID_QOSREPORT) values (76,4,4,406);
insert into Instance(ID_INSTANCE) values (406);
insert into QoSParameterinstance(ID_CONCEPT,ID_INSTANCE) values (4,406);
insert into QoSConformance (ID_QOSCONFORMANCE,VL_MEANVALUE,VL_STANDARDDEVIATION,ID_INSTANCE) values(406,0.19038451120789257,0.0,406);
insert into HasReportedValue(ID_QOSREPORT,ID_QOSCONFORMANCE,VL_ESTIMATEDCREDIBILITY,VL_REALCREDIBILITY) values (406,406,0,8);
insert into QoSReport (ID_QOSREPORT,DT_TIMESTART,DT_TIMEEND) values (407,timestamp '2006-05-01 00:00:00.0',timestamp '2006-05-01 00:00:00.0');
insert into ServiceUsage(ID_USER,ID_INTERFACE) values(79,2);
insert into ReportServiceUsage (ID_USER,ID_INTERFACE,ID_CONCEPT,ID_QOSREPORT) values (79,2,4,407);
insert into Instance(ID_INSTANCE) values (407);
insert into QoSParameterinstance(ID_CONCEPT,ID_INSTANCE) values (4,407);
insert into QoSConformance (ID_QOSCONFORMANCE,VL_MEANVALUE,VL_STANDARDDEVIATION,ID_INSTANCE) values(407,1.122722738737807,0.0,407);
insert into HasReportedValue(ID_QOSREPORT,ID_QOSCONFORMANCE,VL_ESTIMATEDCREDIBILITY,VL_REALCREDIBILITY) values (407,407,0,8);
insert into QoSReport (ID_QOSREPORT,DT_TIMESTART,DT_TIMEEND) values (408,timestamp '2006-05-01 03:00:00.0',timestamp '2006-05-01 03:00:00.0');
insert into ServiceUsage(ID_USER,ID_INTERFACE) values(85,0);
insert into ReportServiceUsage (ID_USER,ID_INTERFACE,ID_CONCEPT,ID_QOSREPORT) values (85,0,0,408);
insert into Instance(ID_INSTANCE) values (408);
insert into QoSParameterinstance(ID_CONCEPT,ID_INSTANCE) values (0,408);
insert into QoSConformance (ID_QOSCONFORMANCE,VL_MEANVALUE,VL_STANDARDDEVIATION,ID_INSTANCE) values(408,0.40803962626550533,0.0,408);
insert into HasReportedValue(ID_QOSREPORT,ID_QOSCONFORMANCE,VL_ESTIMATEDCREDIBILITY,VL_REALCREDIBILITY) values (408,408,0,8);
insert into QoSReport (ID_QOSREPORT,DT_TIMESTART,DT_TIMEEND) values (409,timestamp '2006-05-01 02:00:00.0',timestamp '2006-05-01 02:00:00.0');
insert into ServiceUsage(ID_USER,ID_INTERFACE) values(78,0);
insert into ReportServiceUsage (ID_USER,ID_INTERFACE,ID_CONCEPT,ID_QOSREPORT) values (78,0,4,409);
insert into Instance(ID_INSTANCE) values (409);
insert into QoSParameterinstance(ID_CONCEPT,ID_INSTANCE) values (4,409);
insert into QoSConformance (ID_QOSCONFORMANCE,VL_MEANVALUE,VL_STANDARDDEVIATION,ID_INSTANCE) values(409,1.0018837719425373,0.0,409);
insert into HasReportedValue(ID_QOSREPORT,ID_QOSCONFORMANCE,VL_ESTIMATEDCREDIBILITY,VL_REALCREDIBILITY) values (409,409,0,8);
insert into QoSReport (ID_QOSREPORT,DT_TIMESTART,DT_TIMEEND) values (410,timestamp '2006-05-01 00:00:00.0',timestamp '2006-05-01 00:00:00.0');
insert into ReportServiceUsage (ID_USER,ID_INTERFACE,ID_CONCEPT,ID_QOSREPORT) values (80,2,1,410);
insert into Instance(ID_INSTANCE) values (410);
insert into QoSParameterinstance(ID_CONCEPT,ID_INSTANCE) values (1,410);
insert into QoSConformance (ID_QOSCONFORMANCE,VL_MEANVALUE,VL_STANDARDDEVIATION,ID_INSTANCE) values(410,0.6355641702911433,0.0,410);
insert into HasReportedValue(ID_QOSREPORT,ID_QOSCONFORMANCE,VL_ESTIMATEDCREDIBILITY,VL_REALCREDIBILITY) values (410,410,0,8);
insert into QoSReport (ID_QOSREPORT,DT_TIMESTART,DT_TIMEEND) values (411,timestamp '2006-05-01 04:00:00.0',timestamp '2006-05-01 04:00:00.0');
insert into ServiceUsage(ID_USER,ID_INTERFACE) values(77,2);
insert into ReportServiceUsage (ID_USER,ID_INTERFACE,ID_CONCEPT,ID_QOSREPORT) values (77,2,3,411);
insert into Instance(ID_INSTANCE) values (411);
insert into QoSParameterinstance(ID_CONCEPT,ID_INSTANCE) values (3,411);
insert into QoSConformance (ID_QOSCONFORMANCE,VL_MEANVALUE,VL_STANDARDDEVIATION,ID_INSTANCE) values(411,1.2623020359850767,0.0,411);
insert into HasReportedValue(ID_QOSREPORT,ID_QOSCONFORMANCE,VL_ESTIMATEDCREDIBILITY,VL_REALCREDIBILITY) values (411,411,0,8);
insert into QoSReport (ID_QOSREPORT,DT_TIMESTART,DT_TIMEEND) values (412,timestamp '2006-05-01 00:00:00.0',timestamp '2006-05-01 00:00:00.0');
insert into ReportServiceUsage (ID_USER,ID_INTERFACE,ID_CONCEPT,ID_QOSREPORT) values (80,2,0,412);
insert into Instance(ID_INSTANCE) values (412);
insert into QoSParameterinstance(ID_CONCEPT,ID_INSTANCE) values (0,412);
insert into QoSConformance (ID_QOSCONFORMANCE,VL_MEANVALUE,VL_STANDARDDEVIATION,ID_INSTANCE) values(412,1.010537963117725,0.0,412);
insert into HasReportedValue(ID_QOSREPORT,ID_QOSCONFORMANCE,VL_ESTIMATEDCREDIBILITY,VL_REALCREDIBILITY) values (412,412,0,8);
insert into QoSReport (ID_QOSREPORT,DT_TIMESTART,DT_TIMEEND) values (413,timestamp '2006-05-01 02:00:00.0',timestamp '2006-05-01 02:00:00.0');
insert into ReportServiceUsage (ID_USER,ID_INTERFACE,ID_CONCEPT,ID_QOSREPORT) values (83,4,1,413);
insert into Instance(ID_INSTANCE) values (413);
insert into QoSParameterinstance(ID_CONCEPT,ID_INSTANCE) values (1,413);
insert into QoSConformance (ID_QOSCONFORMANCE,VL_MEANVALUE,VL_STANDARDDEVIATION,ID_INSTANCE) values(413,0.5713935075544068,0.0,413);
insert into HasReportedValue(ID_QOSREPORT,ID_QOSCONFORMANCE,VL_ESTIMATEDCREDIBILITY,VL_REALCREDIBILITY) values (413,413,0,8);
insert into QoSReport (ID_QOSREPORT,DT_TIMESTART,DT_TIMEEND) values (414,timestamp '2006-05-01 03:00:00.0',timestamp '2006-05-01 03:00:00.0');
insert into ReportServiceUsage (ID_USER,ID_INTERFACE,ID_CONCEPT,ID_QOSREPORT) values (80,4,3,414);
insert into Instance(ID_INSTANCE) values (414);
insert into QoSParameterinstance(ID_CONCEPT,ID_INSTANCE) values (3,414);
insert into QoSConformance (ID_QOSCONFORMANCE,VL_MEANVALUE,VL_STANDARDDEVIATION,ID_INSTANCE) values(414,1.040374579166901,0.0,414);
insert into HasReportedValue(ID_QOSREPORT,ID_QOSCONFORMANCE,VL_ESTIMATEDCREDIBILITY,VL_REALCREDIBILITY) values (414,414,0,8);
insert into QoSReport (ID_QOSREPORT,DT_TIMESTART,DT_TIMEEND) values (415,timestamp '2006-05-01 01:00:00.0',timestamp '2006-05-01 01:00:00.0');
insert into ReportServiceUsage (ID_USER,ID_INTERFACE,ID_CONCEPT,ID_QOSREPORT) values (82,0,5,415);
insert into Instance(ID_INSTANCE) values (415);
insert into QoSParameterinstance(ID_CONCEPT,ID_INSTANCE) values (5,415);
insert into QoSConformance (ID_QOSCONFORMANCE,VL_MEANVALUE,VL_STANDARDDEVIATION,ID_INSTANCE) values(415,1.138834631591224,0.0,415);
insert into HasReportedValue(ID_QOSREPORT,ID_QOSCONFORMANCE,VL_ESTIMATEDCREDIBILITY,VL_REALCREDIBILITY) values (415,415,0,8);
insert into QoSReport (ID_QOSREPORT,DT_TIMESTART,DT_TIMEEND) values (416,timestamp '2006-05-01 00:00:00.0',timestamp '2006-05-01 00:00:00.0');
insert into ReportServiceUsage (ID_USER,ID_INTERFACE,ID_CONCEPT,ID_QOSREPORT) values (83,4,9,416);
insert into Instance(ID_INSTANCE) values (416);
insert into QoSParameterinstance(ID_CONCEPT,ID_INSTANCE) values (9,416);
insert into QoSConformance (ID_QOSCONFORMANCE,VL_MEANVALUE,VL_STANDARDDEVIATION,ID_INSTANCE) values(416,1.2034845606440618,0.0,416);
insert into HasReportedValue(ID_QOSREPORT,ID_QOSCONFORMANCE,VL_ESTIMATEDCREDIBILITY,VL_REALCREDIBILITY) values (416,416,0,8);
insert into QoSReport (ID_QOSREPORT,DT_TIMESTART,DT_TIMEEND) values (417,timestamp '2006-05-01 01:00:00.0',timestamp '2006-05-01 01:00:00.0');
insert into ReportServiceUsage (ID_USER,ID_INTERFACE,ID_CONCEPT,ID_QOSREPORT) values (84,0,0,417);
insert into Instance(ID_INSTANCE) values (417);
insert into QoSParameterinstance(ID_CONCEPT,ID_INSTANCE) values (0,417);
insert into QoSConformance (ID_QOSCONFORMANCE,VL_MEANVALUE,VL_STANDARDDEVIATION,ID_INSTANCE) values(417,1.5055368756754415,0.0,417);
insert into HasReportedValue(ID_QOSREPORT,ID_QOSCONFORMANCE,VL_ESTIMATEDCREDIBILITY,VL_REALCREDIBILITY) values (417,417,0,8);
insert into QoSReport (ID_QOSREPORT,DT_TIMESTART,DT_TIMEEND) values (418,timestamp '2006-05-01 00:00:00.0',timestamp '2006-05-01 00:00:00.0');
insert into ReportServiceUsage (ID_USER,ID_INTERFACE,ID_CONCEPT,ID_QOSREPORT) values (84,0,9,418);
insert into Instance(ID_INSTANCE) values (418);
insert into QoSParameterinstance(ID_CONCEPT,ID_INSTANCE) values (9,418);
insert into QoSConformance (ID_QOSCONFORMANCE,VL_MEANVALUE,VL_STANDARDDEVIATION,ID_INSTANCE) values(418,0.6298126281226326,0.0,418);
insert into HasReportedValue(ID_QOSREPORT,ID_QOSCONFORMANCE,VL_ESTIMATEDCREDIBILITY,VL_REALCREDIBILITY) values (418,418,0,8);
insert into QoSReport (ID_QOSREPORT,DT_TIMESTART,DT_TIMEEND) values (419,timestamp '2006-05-01 02:00:00.0',timestamp '2006-05-01 02:00:00.0');
insert into ReportServiceUsage (ID_USER,ID_INTERFACE,ID_CONCEPT,ID_QOSREPORT) values (84,0,1,419);
insert into Instance(ID_INSTANCE) values (419);
insert into QoSParameterinstance(ID_CONCEPT,ID_INSTANCE) values (1,419);
insert into QoSConformance (ID_QOSCONFORMANCE,VL_MEANVALUE,VL_STANDARDDEVIATION,ID_INSTANCE) values(419,0.3357791234333902,0.0,419);
insert into HasReportedValue(ID_QOSREPORT,ID_QOSCONFORMANCE,VL_ESTIMATEDCREDIBILITY,VL_REALCREDIBILITY) values (419,419,0,8);
insert into QoSReport (ID_QOSREPORT,DT_TIMESTART,DT_TIMEEND) values (420,timestamp '2006-05-01 04:00:00.0',timestamp '2006-05-01 04:00:00.0');
insert into ReportServiceUsage (ID_USER,ID_INTERFACE,ID_CONCEPT,ID_QOSREPORT) values (76,2,4,420);
insert into Instance(ID_INSTANCE) values (420);
insert into QoSParameterinstance(ID_CONCEPT,ID_INSTANCE) values (4,420);
insert into QoSConformance (ID_QOSCONFORMANCE,VL_MEANVALUE,VL_STANDARDDEVIATION,ID_INSTANCE) values(420,-0.03599171550457103,0.0,420);
insert into HasReportedValue(ID_QOSREPORT,ID_QOSCONFORMANCE,VL_ESTIMATEDCREDIBILITY,VL_REALCREDIBILITY) values (420,420,0,8);
insert into QoSReport (ID_QOSREPORT,DT_TIMESTART,DT_TIMEEND) values (421,timestamp '2006-05-01 01:00:00.0',timestamp '2006-05-01 01:00:00.0');
insert into ReportServiceUsage (ID_USER,ID_INTERFACE,ID_CONCEPT,ID_QOSREPORT) values (81,0,5,421);
insert into Instance(ID_INSTANCE) values (421);
insert into QoSParameterinstance(ID_CONCEPT,ID_INSTANCE) values (5,421);
insert into QoSConformance (ID_QOSCONFORMANCE,VL_MEANVALUE,VL_STANDARDDEVIATION,ID_INSTANCE) values(421,1.7176317336702533,0.0,421);
insert into HasReportedValue(ID_QOSREPORT,ID_QOSCONFORMANCE,VL_ESTIMATEDCREDIBILITY,VL_REALCREDIBILITY) values (421,421,0,8);
insert into QoSReport (ID_QOSREPORT,DT_TIMESTART,DT_TIMEEND) values (422,timestamp '2006-05-01 01:00:00.0',timestamp '2006-05-01 01:00:00.0');
insert into ReportServiceUsage (ID_USER,ID_INTERFACE,ID_CONCEPT,ID_QOSREPORT) values (80,2,6,422);
insert into Instance(ID_INSTANCE) values (422);
insert into QoSParameterinstance(ID_CONCEPT,ID_INSTANCE) values (6,422);
insert into QoSConformance (ID_QOSCONFORMANCE,VL_MEANVALUE,VL_STANDARDDEVIATION,ID_INSTANCE) values(422,0.5471848965113363,0.0,422);
insert into HasReportedValue(ID_QOSREPORT,ID_QOSCONFORMANCE,VL_ESTIMATEDCREDIBILITY,VL_REALCREDIBILITY) values (422,422,0,8);
insert into QoSReport (ID_QOSREPORT,DT_TIMESTART,DT_TIMEEND) values (423,timestamp '2006-05-01 02:00:00.0',timestamp '2006-05-01 02:00:00.0');
insert into ReportServiceUsage (ID_USER,ID_INTERFACE,ID_CONCEPT,ID_QOSREPORT) values (84,0,5,423);
insert into Instance(ID_INSTANCE) values (423);
insert into QoSParameterinstance(ID_CONCEPT,ID_INSTANCE) values (5,423);
insert into QoSConformance (ID_QOSCONFORMANCE,VL_MEANVALUE,VL_STANDARDDEVIATION,ID_INSTANCE) values(423,0.39386878447686136,0.0,423);
insert into HasReportedValue(ID_QOSREPORT,ID_QOSCONFORMANCE,VL_ESTIMATEDCREDIBILITY,VL_REALCREDIBILITY) values (423,423,0,8);
insert into QoSReport (ID_QOSREPORT,DT_TIMESTART,DT_TIMEEND) values (424,timestamp '2006-05-01 01:00:00.0',timestamp '2006-05-01 01:00:00.0');
insert into ReportServiceUsage (ID_USER,ID_INTERFACE,ID_CONCEPT,ID_QOSREPORT) values (76,2,9,424);
insert into Instance(ID_INSTANCE) values (424);
insert into QoSParameterinstance(ID_CONCEPT,ID_INSTANCE) values (9,424);
insert into QoSConformance (ID_QOSCONFORMANCE,VL_MEANVALUE,VL_STANDARDDEVIATION,ID_INSTANCE) values(424,1.3744845843904843,0.0,424);
insert into HasReportedValue(ID_QOSREPORT,ID_QOSCONFORMANCE,VL_ESTIMATEDCREDIBILITY,VL_REALCREDIBILITY) values (424,424,0,8);
insert into QoSReport (ID_QOSREPORT,DT_TIMESTART,DT_TIMEEND) values (425,timestamp '2006-05-01 02:00:00.0',timestamp '2006-05-01 02:00:00.0');
insert into ServiceUsage(ID_USER,ID_INTERFACE) values(77,0);
insert into ReportServiceUsage (ID_USER,ID_INTERFACE,ID_CONCEPT,ID_QOSREPORT) values (77,0,6,425);
insert into Instance(ID_INSTANCE) values (425);
insert into QoSParameterinstance(ID_CONCEPT,ID_INSTANCE) values (6,425);
insert into QoSConformance (ID_QOSCONFORMANCE,VL_MEANVALUE,VL_STANDARDDEVIATION,ID_INSTANCE) values(425,0.31266306528721943,0.0,425);
insert into HasReportedValue(ID_QOSREPORT,ID_QOSCONFORMANCE,VL_ESTIMATEDCREDIBILITY,VL_REALCREDIBILITY) values (425,425,0,8);
insert into QoSReport (ID_QOSREPORT,DT_TIMESTART,DT_TIMEEND) values (426,timestamp '2006-05-01 03:00:00.0',timestamp '2006-05-01 03:00:00.0');
insert into ReportServiceUsage (ID_USER,ID_INTERFACE,ID_CONCEPT,ID_QOSREPORT) values (81,0,1,426);
insert into Instance(ID_INSTANCE) values (426);
insert into QoSParameterinstance(ID_CONCEPT,ID_INSTANCE) values (1,426);
insert into QoSConformance (ID_QOSCONFORMANCE,VL_MEANVALUE,VL_STANDARDDEVIATION,ID_INSTANCE) values(426,0.9369661210423893,0.0,426);
insert into HasReportedValue(ID_QOSREPORT,ID_QOSCONFORMANCE,VL_ESTIMATEDCREDIBILITY,VL_REALCREDIBILITY) values (426,426,0,8);
insert into QoSReport (ID_QOSREPORT,DT_TIMESTART,DT_TIMEEND) values (427,timestamp '2006-05-01 04:00:00.0',timestamp '2006-05-01 04:00:00.0');
insert into ServiceUsage(ID_USER,ID_INTERFACE) values(82,2);
insert into ReportServiceUsage (ID_USER,ID_INTERFACE,ID_CONCEPT,ID_QOSREPORT) values (82,2,3,427);
insert into Instance(ID_INSTANCE) values (427);
insert into QoSParameterinstance(ID_CONCEPT,ID_INSTANCE) values (3,427);
insert into QoSConformance (ID_QOSCONFORMANCE,VL_MEANVALUE,VL_STANDARDDEVIATION,ID_INSTANCE) values(427,0.8359913860041135,0.0,427);
insert into HasReportedValue(ID_QOSREPORT,ID_QOSCONFORMANCE,VL_ESTIMATEDCREDIBILITY,VL_REALCREDIBILITY) values (427,427,0,8);
insert into QoSReport (ID_QOSREPORT,DT_TIMESTART,DT_TIMEEND) values (428,timestamp '2006-05-01 01:00:00.0',timestamp '2006-05-01 01:00:00.0');
insert into ReportServiceUsage (ID_USER,ID_INTERFACE,ID_CONCEPT,ID_QOSREPORT) values (74,0,5,428);
insert into Instance(ID_INSTANCE) values (428);
insert into QoSParameterinstance(ID_CONCEPT,ID_INSTANCE) values (5,428);
insert into QoSConformance (ID_QOSCONFORMANCE,VL_MEANVALUE,VL_STANDARDDEVIATION,ID_INSTANCE) values(428,-0.3509643697677024,0.0,428);
insert into HasReportedValue(ID_QOSREPORT,ID_QOSCONFORMANCE,VL_ESTIMATEDCREDIBILITY,VL_REALCREDIBILITY) values (428,428,0,8);
insert into QoSReport (ID_QOSREPORT,DT_TIMESTART,DT_TIMEEND) values (429,timestamp '2006-05-01 02:00:00.0',timestamp '2006-05-01 02:00:00.0');
insert into ReportServiceUsage (ID_USER,ID_INTERFACE,ID_CONCEPT,ID_QOSREPORT) values (85,4,9,429);
insert into Instance(ID_INSTANCE) values (429);
insert into QoSParameterinstance(ID_CONCEPT,ID_INSTANCE) values (9,429);
insert into QoSConformance (ID_QOSCONFORMANCE,VL_MEANVALUE,VL_STANDARDDEVIATION,ID_INSTANCE) values(429,0.8882363341602504,0.0,429);
insert into HasReportedValue(ID_QOSREPORT,ID_QOSCONFORMANCE,VL_ESTIMATEDCREDIBILITY,VL_REALCREDIBILITY) values (429,429,0,8);
insert into QoSReport (ID_QOSREPORT,DT_TIMESTART,DT_TIMEEND) values (430,timestamp '2006-05-01 01:00:00.0',timestamp '2006-05-01 01:00:00.0');
insert into ServiceUsage(ID_USER,ID_INTERFACE) values(79,0);
insert into ReportServiceUsage (ID_USER,ID_INTERFACE,ID_CONCEPT,ID_QOSREPORT) values (79,0,3,430);
insert into Instance(ID_INSTANCE) values (430);
insert into QoSParameterinstance(ID_CONCEPT,ID_INSTANCE) values (3,430);
insert into QoSConformance (ID_QOSCONFORMANCE,VL_MEANVALUE,VL_STANDARDDEVIATION,ID_INSTANCE) values(430,0.5029137791155115,0.0,430);
insert into HasReportedValue(ID_QOSREPORT,ID_QOSCONFORMANCE,VL_ESTIMATEDCREDIBILITY,VL_REALCREDIBILITY) values (430,430,0,8);
insert into QoSReport (ID_QOSREPORT,DT_TIMESTART,DT_TIMEEND) values (431,timestamp '2006-05-01 02:00:00.0',timestamp '2006-05-01 02:00:00.0');
insert into ServiceUsage(ID_USER,ID_INTERFACE) values(77,4);
insert into ReportServiceUsage (ID_USER,ID_INTERFACE,ID_CONCEPT,ID_QOSREPORT) values (77,4,8,431);
insert into Instance(ID_INSTANCE) values (431);
insert into QoSParameterinstance(ID_CONCEPT,ID_INSTANCE) values (8,431);
insert into QoSConformance (ID_QOSCONFORMANCE,VL_MEANVALUE,VL_STANDARDDEVIATION,ID_INSTANCE) values(431,1.677054502228105,0.0,431);
insert into HasReportedValue(ID_QOSREPORT,ID_QOSCONFORMANCE,VL_ESTIMATEDCREDIBILITY,VL_REALCREDIBILITY) values (431,431,0,8);
insert into QoSReport (ID_QOSREPORT,DT_TIMESTART,DT_TIMEEND) values (432,timestamp '2006-05-01 03:00:00.0',timestamp '2006-05-01 03:00:00.0');
insert into ReportServiceUsage (ID_USER,ID_INTERFACE,ID_CONCEPT,ID_QOSREPORT) values (77,2,2,432);
insert into Instance(ID_INSTANCE) values (432);
insert into QoSParameterinstance(ID_CONCEPT,ID_INSTANCE) values (2,432);
insert into QoSConformance (ID_QOSCONFORMANCE,VL_MEANVALUE,VL_STANDARDDEVIATION,ID_INSTANCE) values(432,0.9261736538271623,0.0,432);
insert into HasReportedValue(ID_QOSREPORT,ID_QOSCONFORMANCE,VL_ESTIMATEDCREDIBILITY,VL_REALCREDIBILITY) values (432,432,0,8);
insert into QoSReport (ID_QOSREPORT,DT_TIMESTART,DT_TIMEEND) values (433,timestamp '2006-05-01 04:00:00.0',timestamp '2006-05-01 04:00:00.0');
insert into ReportServiceUsage (ID_USER,ID_INTERFACE,ID_CONCEPT,ID_QOSREPORT) values (85,2,8,433);
insert into Instance(ID_INSTANCE) values (433);
insert into QoSParameterinstance(ID_CONCEPT,ID_INSTANCE) values (8,433);
insert into QoSConformance (ID_QOSCONFORMANCE,VL_MEANVALUE,VL_STANDARDDEVIATION,ID_INSTANCE) values(433,1.3760131212507654,0.0,433);
insert into HasReportedValue(ID_QOSREPORT,ID_QOSCONFORMANCE,VL_ESTIMATEDCREDIBILITY,VL_REALCREDIBILITY) values (433,433,0,8);
insert into QoSReport (ID_QOSREPORT,DT_TIMESTART,DT_TIMEEND) values (434,timestamp '2006-05-01 01:00:00.0',timestamp '2006-05-01 01:00:00.0');
insert into ReportServiceUsage (ID_USER,ID_INTERFACE,ID_CONCEPT,ID_QOSREPORT) values (80,0,3,434);
insert into Instance(ID_INSTANCE) values (434);
insert into QoSParameterinstance(ID_CONCEPT,ID_INSTANCE) values (3,434);
insert into QoSConformance (ID_QOSCONFORMANCE,VL_MEANVALUE,VL_STANDARDDEVIATION,ID_INSTANCE) values(434,0.9156686950062141,0.0,434);
insert into HasReportedValue(ID_QOSREPORT,ID_QOSCONFORMANCE,VL_ESTIMATEDCREDIBILITY,VL_REALCREDIBILITY) values (434,434,0,8);
insert into QoSReport (ID_QOSREPORT,DT_TIMESTART,DT_TIMEEND) values (435,timestamp '2006-05-01 04:00:00.0',timestamp '2006-05-01 04:00:00.0');
insert into ReportServiceUsage (ID_USER,ID_INTERFACE,ID_CONCEPT,ID_QOSREPORT) values (83,0,2,435);
insert into Instance(ID_INSTANCE) values (435);
insert into QoSParameterinstance(ID_CONCEPT,ID_INSTANCE) values (2,435);
insert into QoSConformance (ID_QOSCONFORMANCE,VL_MEANVALUE,VL_STANDARDDEVIATION,ID_INSTANCE) values(435,1.0442046695990772,0.0,435);
insert into HasReportedValue(ID_QOSREPORT,ID_QOSCONFORMANCE,VL_ESTIMATEDCREDIBILITY,VL_REALCREDIBILITY) values (435,435,0,8);
insert into QoSReport (ID_QOSREPORT,DT_TIMESTART,DT_TIMEEND) values (436,timestamp '2006-05-01 01:00:00.0',timestamp '2006-05-01 01:00:00.0');
insert into ServiceUsage(ID_USER,ID_INTERFACE) values(86,4);
insert into ReportServiceUsage (ID_USER,ID_INTERFACE,ID_CONCEPT,ID_QOSREPORT) values (86,4,2,436);
insert into Instance(ID_INSTANCE) values (436);
insert into QoSParameterinstance(ID_CONCEPT,ID_INSTANCE) values (2,436);
insert into QoSConformance (ID_QOSCONFORMANCE,VL_MEANVALUE,VL_STANDARDDEVIATION,ID_INSTANCE) values(436,0.4030507053656682,0.0,436);
insert into HasReportedValue(ID_QOSREPORT,ID_QOSCONFORMANCE,VL_ESTIMATEDCREDIBILITY,VL_REALCREDIBILITY) values (436,436,0,128);
insert into QoSReport (ID_QOSREPORT,DT_TIMESTART,DT_TIMEEND) values (437,timestamp '2006-05-01 02:00:00.0',timestamp '2006-05-01 02:00:00.0');
insert into ServiceUsage(ID_USER,ID_INTERFACE) values(97,1);
insert into ReportServiceUsage (ID_USER,ID_INTERFACE,ID_CONCEPT,ID_QOSREPORT) values (97,1,6,437);
insert into Instance(ID_INSTANCE) values (437);
insert into QoSParameterinstance(ID_CONCEPT,ID_INSTANCE) values (6,437);
insert into QoSConformance (ID_QOSCONFORMANCE,VL_MEANVALUE,VL_STANDARDDEVIATION,ID_INSTANCE) values(437,-0.10951763929282776,0.0,437);
insert into HasReportedValue(ID_QOSREPORT,ID_QOSCONFORMANCE,VL_ESTIMATEDCREDIBILITY,VL_REALCREDIBILITY) values (437,437,0,128);
insert into QoSReport (ID_QOSREPORT,DT_TIMESTART,DT_TIMEEND) values (438,timestamp '2006-05-01 04:00:00.0',timestamp '2006-05-01 04:00:00.0');
insert into ServiceUsage(ID_USER,ID_INTERFACE) values(87,1);
insert into ReportServiceUsage (ID_USER,ID_INTERFACE,ID_CONCEPT,ID_QOSREPORT) values (87,1,2,438);
insert into Instance(ID_INSTANCE) values (438);
insert into QoSParameterinstance(ID_CONCEPT,ID_INSTANCE) values (2,438);
insert into QoSConformance (ID_QOSCONFORMANCE,VL_MEANVALUE,VL_STANDARDDEVIATION,ID_INSTANCE) values(438,0.3046903862367625,0.0,438);
insert into HasReportedValue(ID_QOSREPORT,ID_QOSCONFORMANCE,VL_ESTIMATEDCREDIBILITY,VL_REALCREDIBILITY) values (438,438,0,128);
insert into QoSReport (ID_QOSREPORT,DT_TIMESTART,DT_TIMEEND) values (439,timestamp '2006-05-01 03:00:00.0',timestamp '2006-05-01 03:00:00.0');
insert into ServiceUsage(ID_USER,ID_INTERFACE) values(94,4);
insert into ReportServiceUsage (ID_USER,ID_INTERFACE,ID_CONCEPT,ID_QOSREPORT) values (94,4,3,439);
insert into Instance(ID_INSTANCE) values (439);
insert into QoSParameterinstance(ID_CONCEPT,ID_INSTANCE) values (3,439);
insert into QoSConformance (ID_QOSCONFORMANCE,VL_MEANVALUE,VL_STANDARDDEVIATION,ID_INSTANCE) values(439,0.8501687083391134,0.0,439);
insert into HasReportedValue(ID_QOSREPORT,ID_QOSCONFORMANCE,VL_ESTIMATEDCREDIBILITY,VL_REALCREDIBILITY) values (439,439,0,128);
insert into QoSReport (ID_QOSREPORT,DT_TIMESTART,DT_TIMEEND) values (440,timestamp '2006-05-01 03:00:00.0',timestamp '2006-05-01 03:00:00.0');
insert into ServiceUsage(ID_USER,ID_INTERFACE) values(92,4);
insert into ReportServiceUsage (ID_USER,ID_INTERFACE,ID_CONCEPT,ID_QOSREPORT) values (92,4,8,440);
insert into Instance(ID_INSTANCE) values (440);
insert into QoSParameterinstance(ID_CONCEPT,ID_INSTANCE) values (8,440);
insert into QoSConformance (ID_QOSCONFORMANCE,VL_MEANVALUE,VL_STANDARDDEVIATION,ID_INSTANCE) values(440,-0.11991028338307741,0.0,440);
insert into HasReportedValue(ID_QOSREPORT,ID_QOSCONFORMANCE,VL_ESTIMATEDCREDIBILITY,VL_REALCREDIBILITY) values (440,440,0,128);
insert into QoSReport (ID_QOSREPORT,DT_TIMESTART,DT_TIMEEND) values (441,timestamp '2006-05-01 04:00:00.0',timestamp '2006-05-01 04:00:00.0');
insert into ServiceUsage(ID_USER,ID_INTERFACE) values(94,2);
insert into ReportServiceUsage (ID_USER,ID_INTERFACE,ID_CONCEPT,ID_QOSREPORT) values (94,2,8,441);
insert into Instance(ID_INSTANCE) values (441);
insert into QoSParameterinstance(ID_CONCEPT,ID_INSTANCE) values (8,441);
insert into QoSConformance (ID_QOSCONFORMANCE,VL_MEANVALUE,VL_STANDARDDEVIATION,ID_INSTANCE) values(441,-0.311197230047154,0.0,441);
insert into HasReportedValue(ID_QOSREPORT,ID_QOSCONFORMANCE,VL_ESTIMATEDCREDIBILITY,VL_REALCREDIBILITY) values (441,441,0,128);
insert into QoSReport (ID_QOSREPORT,DT_TIMESTART,DT_TIMEEND) values (442,timestamp '2006-05-01 02:00:00.0',timestamp '2006-05-01 02:00:00.0');
insert into ReportServiceUsage (ID_USER,ID_INTERFACE,ID_CONCEPT,ID_QOSREPORT) values (94,2,3,442);
insert into Instance(ID_INSTANCE) values (442);
insert into QoSParameterinstance(ID_CONCEPT,ID_INSTANCE) values (3,442);
insert into QoSConformance (ID_QOSCONFORMANCE,VL_MEANVALUE,VL_STANDARDDEVIATION,ID_INSTANCE) values(442,-0.14193676779490672,0.0,442);
insert into HasReportedValue(ID_QOSREPORT,ID_QOSCONFORMANCE,VL_ESTIMATEDCREDIBILITY,VL_REALCREDIBILITY) values (442,442,0,128);
insert into QoSReport (ID_QOSREPORT,DT_TIMESTART,DT_TIMEEND) values (443,timestamp '2006-05-01 01:00:00.0',timestamp '2006-05-01 01:00:00.0');
insert into ServiceUsage(ID_USER,ID_INTERFACE) values(92,2);
insert into ReportServiceUsage (ID_USER,ID_INTERFACE,ID_CONCEPT,ID_QOSREPORT) values (92,2,5,443);
insert into Instance(ID_INSTANCE) values (443);
insert into QoSParameterinstance(ID_CONCEPT,ID_INSTANCE) values (5,443);
insert into QoSConformance (ID_QOSCONFORMANCE,VL_MEANVALUE,VL_STANDARDDEVIATION,ID_INSTANCE) values(443,-1.9104339272642428,0.0,443);
insert into HasReportedValue(ID_QOSREPORT,ID_QOSCONFORMANCE,VL_ESTIMATEDCREDIBILITY,VL_REALCREDIBILITY) values (443,443,0,128);
insert into QoSReport (ID_QOSREPORT,DT_TIMESTART,DT_TIMEEND) values (444,timestamp '2006-05-01 01:00:00.0',timestamp '2006-05-01 01:00:00.0');
insert into ReportServiceUsage (ID_USER,ID_INTERFACE,ID_CONCEPT,ID_QOSREPORT) values (97,1,3,444);
insert into Instance(ID_INSTANCE) values (444);
insert into QoSParameterinstance(ID_CONCEPT,ID_INSTANCE) values (3,444);
insert into QoSConformance (ID_QOSCONFORMANCE,VL_MEANVALUE,VL_STANDARDDEVIATION,ID_INSTANCE) values(444,0.261913366759237,0.0,444);
insert into HasReportedValue(ID_QOSREPORT,ID_QOSCONFORMANCE,VL_ESTIMATEDCREDIBILITY,VL_REALCREDIBILITY) values (444,444,0,128);
insert into QoSReport (ID_QOSREPORT,DT_TIMESTART,DT_TIMEEND) values (445,timestamp '2006-05-01 01:00:00.0',timestamp '2006-05-01 01:00:00.0');
insert into ReportServiceUsage (ID_USER,ID_INTERFACE,ID_CONCEPT,ID_QOSREPORT) values (92,2,2,445);
insert into Instance(ID_INSTANCE) values (445);
insert into QoSParameterinstance(ID_CONCEPT,ID_INSTANCE) values (2,445);
insert into QoSConformance (ID_QOSCONFORMANCE,VL_MEANVALUE,VL_STANDARDDEVIATION,ID_INSTANCE) values(445,0.6091913051896862,0.0,445);
insert into HasReportedValue(ID_QOSREPORT,ID_QOSCONFORMANCE,VL_ESTIMATEDCREDIBILITY,VL_REALCREDIBILITY) values (445,445,0,128);
insert into QoSReport (ID_QOSREPORT,DT_TIMESTART,DT_TIMEEND) values (446,timestamp '2006-05-01 00:00:00.0',timestamp '2006-05-01 00:00:00.0');
insert into ServiceUsage(ID_USER,ID_INTERFACE) values(88,1);
insert into ReportServiceUsage (ID_USER,ID_INTERFACE,ID_CONCEPT,ID_QOSREPORT) values (88,1,2,446);
insert into Instance(ID_INSTANCE) values (446);
insert into QoSParameterinstance(ID_CONCEPT,ID_INSTANCE) values (2,446);
insert into QoSConformance (ID_QOSCONFORMANCE,VL_MEANVALUE,VL_STANDARDDEVIATION,ID_INSTANCE) values(446,0.5900134284011862,0.0,446);
insert into HasReportedValue(ID_QOSREPORT,ID_QOSCONFORMANCE,VL_ESTIMATEDCREDIBILITY,VL_REALCREDIBILITY) values (446,446,0,128);
insert into QoSReport (ID_QOSREPORT,DT_TIMESTART,DT_TIMEEND) values (447,timestamp '2006-05-01 00:00:00.0',timestamp '2006-05-01 00:00:00.0');
insert into ReportServiceUsage (ID_USER,ID_INTERFACE,ID_CONCEPT,ID_QOSREPORT) values (86,4,7,447);
insert into Instance(ID_INSTANCE) values (447);
insert into QoSParameterinstance(ID_CONCEPT,ID_INSTANCE) values (7,447);
insert into QoSConformance (ID_QOSCONFORMANCE,VL_MEANVALUE,VL_STANDARDDEVIATION,ID_INSTANCE) values(447,-0.20613180035366563,0.0,447);
insert into HasReportedValue(ID_QOSREPORT,ID_QOSCONFORMANCE,VL_ESTIMATEDCREDIBILITY,VL_REALCREDIBILITY) values (447,447,0,128);
insert into QoSReport (ID_QOSREPORT,DT_TIMESTART,DT_TIMEEND) values (448,timestamp '2006-05-01 03:00:00.0',timestamp '2006-05-01 03:00:00.0');
insert into ServiceUsage(ID_USER,ID_INTERFACE) values(93,1);
insert into ReportServiceUsage (ID_USER,ID_INTERFACE,ID_CONCEPT,ID_QOSREPORT) values (93,1,7,448);
insert into Instance(ID_INSTANCE) values (448);
insert into QoSParameterinstance(ID_CONCEPT,ID_INSTANCE) values (7,448);
insert into QoSConformance (ID_QOSCONFORMANCE,VL_MEANVALUE,VL_STANDARDDEVIATION,ID_INSTANCE) values(448,-0.06289578853653799,0.0,448);
insert into HasReportedValue(ID_QOSREPORT,ID_QOSCONFORMANCE,VL_ESTIMATEDCREDIBILITY,VL_REALCREDIBILITY) values (448,448,0,128);
insert into QoSReport (ID_QOSREPORT,DT_TIMESTART,DT_TIMEEND) values (449,timestamp '2006-05-01 01:00:00.0',timestamp '2006-05-01 01:00:00.0');
insert into ServiceUsage(ID_USER,ID_INTERFACE) values(95,4);
insert into ReportServiceUsage (ID_USER,ID_INTERFACE,ID_CONCEPT,ID_QOSREPORT) values (95,4,9,449);
insert into Instance(ID_INSTANCE) values (449);
insert into QoSParameterinstance(ID_CONCEPT,ID_INSTANCE) values (9,449);
insert into QoSConformance (ID_QOSCONFORMANCE,VL_MEANVALUE,VL_STANDARDDEVIATION,ID_INSTANCE) values(449,0.020058958754684997,0.0,449);
insert into HasReportedValue(ID_QOSREPORT,ID_QOSCONFORMANCE,VL_ESTIMATEDCREDIBILITY,VL_REALCREDIBILITY) values (449,449,0,128);
insert into QoSReport (ID_QOSREPORT,DT_TIMESTART,DT_TIMEEND) values (450,timestamp '2006-05-01 01:00:00.0',timestamp '2006-05-01 01:00:00.0');
insert into ServiceUsage(ID_USER,ID_INTERFACE) values(95,2);
insert into ReportServiceUsage (ID_USER,ID_INTERFACE,ID_CONCEPT,ID_QOSREPORT) values (95,2,0,450);
insert into Instance(ID_INSTANCE) values (450);
insert into QoSParameterinstance(ID_CONCEPT,ID_INSTANCE) values (0,450);
insert into QoSConformance (ID_QOSCONFORMANCE,VL_MEANVALUE,VL_STANDARDDEVIATION,ID_INSTANCE) values(450,0.8343756431199201,0.0,450);
insert into HasReportedValue(ID_QOSREPORT,ID_QOSCONFORMANCE,VL_ESTIMATEDCREDIBILITY,VL_REALCREDIBILITY) values (450,450,0,128);
insert into QoSReport (ID_QOSREPORT,DT_TIMESTART,DT_TIMEEND) values (451,timestamp '2006-05-01 04:00:00.0',timestamp '2006-05-01 04:00:00.0');
insert into ServiceUsage(ID_USER,ID_INTERFACE) values(96,1);
insert into ReportServiceUsage (ID_USER,ID_INTERFACE,ID_CONCEPT,ID_QOSREPORT) values (96,1,2,451);
insert into Instance(ID_INSTANCE) values (451);
insert into QoSParameterinstance(ID_CONCEPT,ID_INSTANCE) values (2,451);
insert into QoSConformance (ID_QOSCONFORMANCE,VL_MEANVALUE,VL_STANDARDDEVIATION,ID_INSTANCE) values(451,1.319912674897483,0.0,451);
insert into HasReportedValue(ID_QOSREPORT,ID_QOSCONFORMANCE,VL_ESTIMATEDCREDIBILITY,VL_REALCREDIBILITY) values (451,451,0,128);
insert into QoSReport (ID_QOSREPORT,DT_TIMESTART,DT_TIMEEND) values (452,timestamp '2006-05-01 01:00:00.0',timestamp '2006-05-01 01:00:00.0');
insert into ServiceUsage(ID_USER,ID_INTERFACE) values(88,4);
insert into ReportServiceUsage (ID_USER,ID_INTERFACE,ID_CONCEPT,ID_QOSREPORT) values (88,4,9,452);
insert into Instance(ID_INSTANCE) values (452);
insert into QoSParameterinstance(ID_CONCEPT,ID_INSTANCE) values (9,452);
insert into QoSConformance (ID_QOSCONFORMANCE,VL_MEANVALUE,VL_STANDARDDEVIATION,ID_INSTANCE) values(452,0.9011103408584522,0.0,452);
insert into HasReportedValue(ID_QOSREPORT,ID_QOSCONFORMANCE,VL_ESTIMATEDCREDIBILITY,VL_REALCREDIBILITY) values (452,452,0,128);
insert into QoSReport (ID_QOSREPORT,DT_TIMESTART,DT_TIMEEND) values (453,timestamp '2006-05-01 02:00:00.0',timestamp '2006-05-01 02:00:00.0');
insert into ServiceUsage(ID_USER,ID_INTERFACE) values(92,1);
insert into ReportServiceUsage (ID_USER,ID_INTERFACE,ID_CONCEPT,ID_QOSREPORT) values (92,1,3,453);
insert into Instance(ID_INSTANCE) values (453);
insert into QoSParameterinstance(ID_CONCEPT,ID_INSTANCE) values (3,453);
insert into QoSConformance (ID_QOSCONFORMANCE,VL_MEANVALUE,VL_STANDARDDEVIATION,ID_INSTANCE) values(453,0.09779748328713259,0.0,453);
insert into HasReportedValue(ID_QOSREPORT,ID_QOSCONFORMANCE,VL_ESTIMATEDCREDIBILITY,VL_REALCREDIBILITY) values (453,453,0,128);
insert into QoSReport (ID_QOSREPORT,DT_TIMESTART,DT_TIMEEND) values (454,timestamp '2006-05-01 03:00:00.0',timestamp '2006-05-01 03:00:00.0');
insert into ReportServiceUsage (ID_USER,ID_INTERFACE,ID_CONCEPT,ID_QOSREPORT) values (92,4,2,454);
insert into Instance(ID_INSTANCE) values (454);
insert into QoSParameterinstance(ID_CONCEPT,ID_INSTANCE) values (2,454);
insert into QoSConformance (ID_QOSCONFORMANCE,VL_MEANVALUE,VL_STANDARDDEVIATION,ID_INSTANCE) values(454,0.534150750075015,0.0,454);
insert into HasReportedValue(ID_QOSREPORT,ID_QOSCONFORMANCE,VL_ESTIMATEDCREDIBILITY,VL_REALCREDIBILITY) values (454,454,0,128);
insert into QoSReport (ID_QOSREPORT,DT_TIMESTART,DT_TIMEEND) values (455,timestamp '2006-05-01 04:00:00.0',timestamp '2006-05-01 04:00:00.0');
insert into ServiceUsage(ID_USER,ID_INTERFACE) values(88,2);
insert into ReportServiceUsage (ID_USER,ID_INTERFACE,ID_CONCEPT,ID_QOSREPORT) values (88,2,6,455);
insert into Instance(ID_INSTANCE) values (455);
insert into QoSParameterinstance(ID_CONCEPT,ID_INSTANCE) values (6,455);
insert into QoSConformance (ID_QOSCONFORMANCE,VL_MEANVALUE,VL_STANDARDDEVIATION,ID_INSTANCE) values(455,1.3921746111121756,0.0,455);
insert into HasReportedValue(ID_QOSREPORT,ID_QOSCONFORMANCE,VL_ESTIMATEDCREDIBILITY,VL_REALCREDIBILITY) values (455,455,0,128);
insert into QoSReport (ID_QOSREPORT,DT_TIMESTART,DT_TIMEEND) values (456,timestamp '2006-05-01 01:00:00.0',timestamp '2006-05-01 01:00:00.0');
insert into ServiceUsage(ID_USER,ID_INTERFACE) values(90,1);
insert into ReportServiceUsage (ID_USER,ID_INTERFACE,ID_CONCEPT,ID_QOSREPORT) values (90,1,0,456);
insert into Instance(ID_INSTANCE) values (456);
insert into QoSParameterinstance(ID_CONCEPT,ID_INSTANCE) values (0,456);
insert into QoSConformance (ID_QOSCONFORMANCE,VL_MEANVALUE,VL_STANDARDDEVIATION,ID_INSTANCE) values(456,-0.07390293122259228,0.0,456);
insert into HasReportedValue(ID_QOSREPORT,ID_QOSCONFORMANCE,VL_ESTIMATEDCREDIBILITY,VL_REALCREDIBILITY) values (456,456,0,128);
insert into QoSReport (ID_QOSREPORT,DT_TIMESTART,DT_TIMEEND) values (457,timestamp '2006-05-01 02:00:00.0',timestamp '2006-05-01 02:00:00.0');
insert into ServiceUsage(ID_USER,ID_INTERFACE) values(93,4);
insert into ReportServiceUsage (ID_USER,ID_INTERFACE,ID_CONCEPT,ID_QOSREPORT) values (93,4,1,457);
insert into Instance(ID_INSTANCE) values (457);
insert into QoSParameterinstance(ID_CONCEPT,ID_INSTANCE) values (1,457);
insert into QoSConformance (ID_QOSCONFORMANCE,VL_MEANVALUE,VL_STANDARDDEVIATION,ID_INSTANCE) values(457,1.398309435569671,0.0,457);
insert into HasReportedValue(ID_QOSREPORT,ID_QOSCONFORMANCE,VL_ESTIMATEDCREDIBILITY,VL_REALCREDIBILITY) values (457,457,0,128);
insert into QoSReport (ID_QOSREPORT,DT_TIMESTART,DT_TIMEEND) values (458,timestamp '2006-05-01 03:00:00.0',timestamp '2006-05-01 03:00:00.0');
insert into ServiceUsage(ID_USER,ID_INTERFACE) values(91,2);
insert into ReportServiceUsage (ID_USER,ID_INTERFACE,ID_CONCEPT,ID_QOSREPORT) values (91,2,6,458);
insert into Instance(ID_INSTANCE) values (458);
insert into QoSParameterinstance(ID_CONCEPT,ID_INSTANCE) values (6,458);
insert into QoSConformance (ID_QOSCONFORMANCE,VL_MEANVALUE,VL_STANDARDDEVIATION,ID_INSTANCE) values(458,-0.159294903066883,0.0,458);
insert into HasReportedValue(ID_QOSREPORT,ID_QOSCONFORMANCE,VL_ESTIMATEDCREDIBILITY,VL_REALCREDIBILITY) values (458,458,0,128);
insert into QoSReport (ID_QOSREPORT,DT_TIMESTART,DT_TIMEEND) values (459,timestamp '2006-05-01 00:00:00.0',timestamp '2006-05-01 00:00:00.0');
insert into ReportServiceUsage (ID_USER,ID_INTERFACE,ID_CONCEPT,ID_QOSREPORT) values (87,1,4,459);
insert into Instance(ID_INSTANCE) values (459);
insert into QoSParameterinstance(ID_CONCEPT,ID_INSTANCE) values (4,459);
insert into QoSConformance (ID_QOSCONFORMANCE,VL_MEANVALUE,VL_STANDARDDEVIATION,ID_INSTANCE) values(459,0.46322357136835307,0.0,459);
insert into HasReportedValue(ID_QOSREPORT,ID_QOSCONFORMANCE,VL_ESTIMATEDCREDIBILITY,VL_REALCREDIBILITY) values (459,459,0,128);
insert into QoSReport (ID_QOSREPORT,DT_TIMESTART,DT_TIMEEND) values (460,timestamp '2006-05-01 03:00:00.0',timestamp '2006-05-01 03:00:00.0');
insert into ServiceUsage(ID_USER,ID_INTERFACE) values(96,4);
insert into ReportServiceUsage (ID_USER,ID_INTERFACE,ID_CONCEPT,ID_QOSREPORT) values (96,4,5,460);
insert into Instance(ID_INSTANCE) values (460);
insert into QoSParameterinstance(ID_CONCEPT,ID_INSTANCE) values (5,460);
insert into QoSConformance (ID_QOSCONFORMANCE,VL_MEANVALUE,VL_STANDARDDEVIATION,ID_INSTANCE) values(460,-0.039308207531403405,0.0,460);
insert into HasReportedValue(ID_QOSREPORT,ID_QOSCONFORMANCE,VL_ESTIMATEDCREDIBILITY,VL_REALCREDIBILITY) values (460,460,0,128);
insert into QoSReport (ID_QOSREPORT,DT_TIMESTART,DT_TIMEEND) values (461,timestamp '2006-05-01 01:00:00.0',timestamp '2006-05-01 01:00:00.0');
insert into ServiceUsage(ID_USER,ID_INTERFACE) values(87,4);
insert into ReportServiceUsage (ID_USER,ID_INTERFACE,ID_CONCEPT,ID_QOSREPORT) values (87,4,3,461);
insert into Instance(ID_INSTANCE) values (461);
insert into QoSParameterinstance(ID_CONCEPT,ID_INSTANCE) values (3,461);
insert into QoSConformance (ID_QOSCONFORMANCE,VL_MEANVALUE,VL_STANDARDDEVIATION,ID_INSTANCE) values(461,-0.2203576820354195,0.0,461);
insert into HasReportedValue(ID_QOSREPORT,ID_QOSCONFORMANCE,VL_ESTIMATEDCREDIBILITY,VL_REALCREDIBILITY) values (461,461,0,128);
insert into QoSReport (ID_QOSREPORT,DT_TIMESTART,DT_TIMEEND) values (462,timestamp '2006-05-01 02:00:00.0',timestamp '2006-05-01 02:00:00.0');
insert into ReportServiceUsage (ID_USER,ID_INTERFACE,ID_CONCEPT,ID_QOSREPORT) values (93,1,4,462);
insert into Instance(ID_INSTANCE) values (462);
insert into QoSParameterinstance(ID_CONCEPT,ID_INSTANCE) values (4,462);
insert into QoSConformance (ID_QOSCONFORMANCE,VL_MEANVALUE,VL_STANDARDDEVIATION,ID_INSTANCE) values(462,-0.10955449960162111,0.0,462);
insert into HasReportedValue(ID_QOSREPORT,ID_QOSCONFORMANCE,VL_ESTIMATEDCREDIBILITY,VL_REALCREDIBILITY) values (462,462,0,128);
insert into QoSReport (ID_QOSREPORT,DT_TIMESTART,DT_TIMEEND) values (463,timestamp '2006-05-01 00:00:00.0',timestamp '2006-05-01 00:00:00.0');
insert into ReportServiceUsage (ID_USER,ID_INTERFACE,ID_CONCEPT,ID_QOSREPORT) values (88,1,9,463);
insert into Instance(ID_INSTANCE) values (463);
insert into QoSParameterinstance(ID_CONCEPT,ID_INSTANCE) values (9,463);
insert into QoSConformance (ID_QOSCONFORMANCE,VL_MEANVALUE,VL_STANDARDDEVIATION,ID_INSTANCE) values(463,0.7110238448033923,0.0,463);
insert into HasReportedValue(ID_QOSREPORT,ID_QOSCONFORMANCE,VL_ESTIMATEDCREDIBILITY,VL_REALCREDIBILITY) values (463,463,0,128);
insert into QoSReport (ID_QOSREPORT,DT_TIMESTART,DT_TIMEEND) values (464,timestamp '2006-05-01 04:00:00.0',timestamp '2006-05-01 04:00:00.0');
insert into ReportServiceUsage (ID_USER,ID_INTERFACE,ID_CONCEPT,ID_QOSREPORT) values (88,4,6,464);
insert into Instance(ID_INSTANCE) values (464);
insert into QoSParameterinstance(ID_CONCEPT,ID_INSTANCE) values (6,464);
insert into QoSConformance (ID_QOSCONFORMANCE,VL_MEANVALUE,VL_STANDARDDEVIATION,ID_INSTANCE) values(464,0.41326659416915235,0.0,464);
insert into HasReportedValue(ID_QOSREPORT,ID_QOSCONFORMANCE,VL_ESTIMATEDCREDIBILITY,VL_REALCREDIBILITY) values (464,464,0,128);
insert into QoSReport (ID_QOSREPORT,DT_TIMESTART,DT_TIMEEND) values (465,timestamp '2006-05-01 02:00:00.0',timestamp '2006-05-01 02:00:00.0');
insert into ServiceUsage(ID_USER,ID_INTERFACE) values(86,2);
insert into ReportServiceUsage (ID_USER,ID_INTERFACE,ID_CONCEPT,ID_QOSREPORT) values (86,2,2,465);
insert into Instance(ID_INSTANCE) values (465);
insert into QoSParameterinstance(ID_CONCEPT,ID_INSTANCE) values (2,465);
insert into QoSConformance (ID_QOSCONFORMANCE,VL_MEANVALUE,VL_STANDARDDEVIATION,ID_INSTANCE) values(465,0.7029748452239457,0.0,465);
insert into HasReportedValue(ID_QOSREPORT,ID_QOSCONFORMANCE,VL_ESTIMATEDCREDIBILITY,VL_REALCREDIBILITY) values (465,465,0,128);
insert into QoSReport (ID_QOSREPORT,DT_TIMESTART,DT_TIMEEND) values (466,timestamp '2006-05-01 04:00:00.0',timestamp '2006-05-01 04:00:00.0');
insert into ServiceUsage(ID_USER,ID_INTERFACE) values(97,2);
insert into ReportServiceUsage (ID_USER,ID_INTERFACE,ID_CONCEPT,ID_QOSREPORT) values (97,2,9,466);
insert into Instance(ID_INSTANCE) values (466);
insert into QoSParameterinstance(ID_CONCEPT,ID_INSTANCE) values (9,466);
insert into QoSConformance (ID_QOSCONFORMANCE,VL_MEANVALUE,VL_STANDARDDEVIATION,ID_INSTANCE) values(466,1.1787279889555737,0.0,466);
insert into HasReportedValue(ID_QOSREPORT,ID_QOSCONFORMANCE,VL_ESTIMATEDCREDIBILITY,VL_REALCREDIBILITY) values (466,466,0,128);
insert into QoSReport (ID_QOSREPORT,DT_TIMESTART,DT_TIMEEND) values (467,timestamp '2006-05-01 01:00:00.0',timestamp '2006-05-01 01:00:00.0');
insert into ReportServiceUsage (ID_USER,ID_INTERFACE,ID_CONCEPT,ID_QOSREPORT) values (88,2,4,467);
insert into Instance(ID_INSTANCE) values (467);
insert into QoSParameterinstance(ID_CONCEPT,ID_INSTANCE) values (4,467);
insert into QoSConformance (ID_QOSCONFORMANCE,VL_MEANVALUE,VL_STANDARDDEVIATION,ID_INSTANCE) values(467,-0.17440129883089495,0.0,467);
insert into HasReportedValue(ID_QOSREPORT,ID_QOSCONFORMANCE,VL_ESTIMATEDCREDIBILITY,VL_REALCREDIBILITY) values (467,467,0,128);
insert into QoSReport (ID_QOSREPORT,DT_TIMESTART,DT_TIMEEND) values (468,timestamp '2006-05-01 00:00:00.0',timestamp '2006-05-01 00:00:00.0');
insert into ServiceUsage(ID_USER,ID_INTERFACE) values(91,1);
insert into ReportServiceUsage (ID_USER,ID_INTERFACE,ID_CONCEPT,ID_QOSREPORT) values (91,1,4,468);
insert into Instance(ID_INSTANCE) values (468);
insert into QoSParameterinstance(ID_CONCEPT,ID_INSTANCE) values (4,468);
insert into QoSConformance (ID_QOSCONFORMANCE,VL_MEANVALUE,VL_STANDARDDEVIATION,ID_INSTANCE) values(468,0.4046652241680855,0.0,468);
insert into HasReportedValue(ID_QOSREPORT,ID_QOSCONFORMANCE,VL_ESTIMATEDCREDIBILITY,VL_REALCREDIBILITY) values (468,468,0,128);
insert into QoSReport (ID_QOSREPORT,DT_TIMESTART,DT_TIMEEND) values (469,timestamp '2006-05-01 03:00:00.0',timestamp '2006-05-01 03:00:00.0');
insert into ServiceUsage(ID_USER,ID_INTERFACE) values(97,4);
insert into ReportServiceUsage (ID_USER,ID_INTERFACE,ID_CONCEPT,ID_QOSREPORT) values (97,4,0,469);
insert into Instance(ID_INSTANCE) values (469);
insert into QoSParameterinstance(ID_CONCEPT,ID_INSTANCE) values (0,469);
insert into QoSConformance (ID_QOSCONFORMANCE,VL_MEANVALUE,VL_STANDARDDEVIATION,ID_INSTANCE) values(469,-0.05236445618430802,0.0,469);
insert into HasReportedValue(ID_QOSREPORT,ID_QOSCONFORMANCE,VL_ESTIMATEDCREDIBILITY,VL_REALCREDIBILITY) values (469,469,0,128);
insert into QoSReport (ID_QOSREPORT,DT_TIMESTART,DT_TIMEEND) values (470,timestamp '2006-05-01 02:00:00.0',timestamp '2006-05-01 02:00:00.0');
insert into ServiceUsage(ID_USER,ID_INTERFACE) values(90,4);
insert into ReportServiceUsage (ID_USER,ID_INTERFACE,ID_CONCEPT,ID_QOSREPORT) values (90,4,4,470);
insert into Instance(ID_INSTANCE) values (470);
insert into QoSParameterinstance(ID_CONCEPT,ID_INSTANCE) values (4,470);
insert into QoSConformance (ID_QOSCONFORMANCE,VL_MEANVALUE,VL_STANDARDDEVIATION,ID_INSTANCE) values(470,0.15703895245340577,0.0,470);
insert into HasReportedValue(ID_QOSREPORT,ID_QOSCONFORMANCE,VL_ESTIMATEDCREDIBILITY,VL_REALCREDIBILITY) values (470,470,0,128);
insert into QoSReport (ID_QOSREPORT,DT_TIMESTART,DT_TIMEEND) values (471,timestamp '2006-05-01 00:00:00.0',timestamp '2006-05-01 00:00:00.0');
insert into ReportServiceUsage (ID_USER,ID_INTERFACE,ID_CONCEPT,ID_QOSREPORT) values (92,1,1,471);
insert into Instance(ID_INSTANCE) values (471);
insert into QoSParameterinstance(ID_CONCEPT,ID_INSTANCE) values (1,471);
insert into QoSConformance (ID_QOSCONFORMANCE,VL_MEANVALUE,VL_STANDARDDEVIATION,ID_INSTANCE) values(471,0.6587864403827273,0.0,471);
insert into HasReportedValue(ID_QOSREPORT,ID_QOSCONFORMANCE,VL_ESTIMATEDCREDIBILITY,VL_REALCREDIBILITY) values (471,471,0,128);
insert into QoSReport (ID_QOSREPORT,DT_TIMESTART,DT_TIMEEND) values (472,timestamp '2006-05-01 04:00:00.0',timestamp '2006-05-01 04:00:00.0');
insert into ServiceUsage(ID_USER,ID_INTERFACE) values(89,1);
insert into ReportServiceUsage (ID_USER,ID_INTERFACE,ID_CONCEPT,ID_QOSREPORT) values (89,1,3,472);
insert into Instance(ID_INSTANCE) values (472);
insert into QoSParameterinstance(ID_CONCEPT,ID_INSTANCE) values (3,472);
insert into QoSConformance (ID_QOSCONFORMANCE,VL_MEANVALUE,VL_STANDARDDEVIATION,ID_INSTANCE) values(472,0.8355524730932755,0.0,472);
insert into HasReportedValue(ID_QOSREPORT,ID_QOSCONFORMANCE,VL_ESTIMATEDCREDIBILITY,VL_REALCREDIBILITY) values (472,472,0,128);
insert into QoSReport (ID_QOSREPORT,DT_TIMESTART,DT_TIMEEND) values (473,timestamp '2006-05-01 00:00:00.0',timestamp '2006-05-01 00:00:00.0');
insert into ReportServiceUsage (ID_USER,ID_INTERFACE,ID_CONCEPT,ID_QOSREPORT) values (92,1,0,473);
insert into Instance(ID_INSTANCE) values (473);
insert into QoSParameterinstance(ID_CONCEPT,ID_INSTANCE) values (0,473);
insert into QoSConformance (ID_QOSCONFORMANCE,VL_MEANVALUE,VL_STANDARDDEVIATION,ID_INSTANCE) values(473,0.4079567300500052,0.0,473);
insert into HasReportedValue(ID_QOSREPORT,ID_QOSCONFORMANCE,VL_ESTIMATEDCREDIBILITY,VL_REALCREDIBILITY) values (473,473,0,128);
insert into QoSReport (ID_QOSREPORT,DT_TIMESTART,DT_TIMEEND) values (474,timestamp '2006-05-01 02:00:00.0',timestamp '2006-05-01 02:00:00.0');
insert into ReportServiceUsage (ID_USER,ID_INTERFACE,ID_CONCEPT,ID_QOSREPORT) values (95,2,1,474);
insert into Instance(ID_INSTANCE) values (474);
insert into QoSParameterinstance(ID_CONCEPT,ID_INSTANCE) values (1,474);
insert into QoSConformance (ID_QOSCONFORMANCE,VL_MEANVALUE,VL_STANDARDDEVIATION,ID_INSTANCE) values(474,-0.5459619401973477,0.0,474);
insert into HasReportedValue(ID_QOSREPORT,ID_QOSCONFORMANCE,VL_ESTIMATEDCREDIBILITY,VL_REALCREDIBILITY) values (474,474,0,128);
insert into QoSReport (ID_QOSREPORT,DT_TIMESTART,DT_TIMEEND) values (475,timestamp '2006-05-01 03:00:00.0',timestamp '2006-05-01 03:00:00.0');
insert into ReportServiceUsage (ID_USER,ID_INTERFACE,ID_CONCEPT,ID_QOSREPORT) values (92,2,3,475);
insert into Instance(ID_INSTANCE) values (475);
insert into QoSParameterinstance(ID_CONCEPT,ID_INSTANCE) values (3,475);
insert into QoSConformance (ID_QOSCONFORMANCE,VL_MEANVALUE,VL_STANDARDDEVIATION,ID_INSTANCE) values(475,0.503940876020246,0.0,475);
insert into HasReportedValue(ID_QOSREPORT,ID_QOSCONFORMANCE,VL_ESTIMATEDCREDIBILITY,VL_REALCREDIBILITY) values (475,475,0,128);
insert into QoSReport (ID_QOSREPORT,DT_TIMESTART,DT_TIMEEND) values (476,timestamp '2006-05-01 01:00:00.0',timestamp '2006-05-01 01:00:00.0');
insert into ReportServiceUsage (ID_USER,ID_INTERFACE,ID_CONCEPT,ID_QOSREPORT) values (94,4,5,476);
insert into Instance(ID_INSTANCE) values (476);
insert into QoSParameterinstance(ID_CONCEPT,ID_INSTANCE) values (5,476);
insert into QoSConformance (ID_QOSCONFORMANCE,VL_MEANVALUE,VL_STANDARDDEVIATION,ID_INSTANCE) values(476,0.4861109236379307,0.0,476);
insert into HasReportedValue(ID_QOSREPORT,ID_QOSCONFORMANCE,VL_ESTIMATEDCREDIBILITY,VL_REALCREDIBILITY) values (476,476,0,128);
insert into QoSReport (ID_QOSREPORT,DT_TIMESTART,DT_TIMEEND) values (477,timestamp '2006-05-01 00:00:00.0',timestamp '2006-05-01 00:00:00.0');
insert into ReportServiceUsage (ID_USER,ID_INTERFACE,ID_CONCEPT,ID_QOSREPORT) values (95,2,9,477);
insert into Instance(ID_INSTANCE) values (477);
insert into QoSParameterinstance(ID_CONCEPT,ID_INSTANCE) values (9,477);
insert into QoSConformance (ID_QOSCONFORMANCE,VL_MEANVALUE,VL_STANDARDDEVIATION,ID_INSTANCE) values(477,0.9175347945395869,0.0,477);
insert into HasReportedValue(ID_QOSREPORT,ID_QOSCONFORMANCE,VL_ESTIMATEDCREDIBILITY,VL_REALCREDIBILITY) values (477,477,0,128);
insert into QoSReport (ID_QOSREPORT,DT_TIMESTART,DT_TIMEEND) values (478,timestamp '2006-05-01 01:00:00.0',timestamp '2006-05-01 01:00:00.0');
insert into ReportServiceUsage (ID_USER,ID_INTERFACE,ID_CONCEPT,ID_QOSREPORT) values (96,4,0,478);
insert into Instance(ID_INSTANCE) values (478);
insert into QoSParameterinstance(ID_CONCEPT,ID_INSTANCE) values (0,478);
insert into QoSConformance (ID_QOSCONFORMANCE,VL_MEANVALUE,VL_STANDARDDEVIATION,ID_INSTANCE) values(478,1.005023370443337,0.0,478);
insert into HasReportedValue(ID_QOSREPORT,ID_QOSCONFORMANCE,VL_ESTIMATEDCREDIBILITY,VL_REALCREDIBILITY) values (478,478,0,128);
insert into QoSReport (ID_QOSREPORT,DT_TIMESTART,DT_TIMEEND) values (479,timestamp '2006-05-01 00:00:00.0',timestamp '2006-05-01 00:00:00.0');
insert into ReportServiceUsage (ID_USER,ID_INTERFACE,ID_CONCEPT,ID_QOSREPORT) values (96,4,9,479);
insert into Instance(ID_INSTANCE) values (479);
insert into QoSParameterinstance(ID_CONCEPT,ID_INSTANCE) values (9,479);
insert into QoSConformance (ID_QOSCONFORMANCE,VL_MEANVALUE,VL_STANDARDDEVIATION,ID_INSTANCE) values(479,0.018108918971952215,0.0,479);
insert into HasReportedValue(ID_QOSREPORT,ID_QOSCONFORMANCE,VL_ESTIMATEDCREDIBILITY,VL_REALCREDIBILITY) values (479,479,0,128);
insert into QoSReport (ID_QOSREPORT,DT_TIMESTART,DT_TIMEEND) values (480,timestamp '2006-05-01 02:00:00.0',timestamp '2006-05-01 02:00:00.0');
insert into ReportServiceUsage (ID_USER,ID_INTERFACE,ID_CONCEPT,ID_QOSREPORT) values (96,4,1,480);
insert into Instance(ID_INSTANCE) values (480);
insert into QoSParameterinstance(ID_CONCEPT,ID_INSTANCE) values (1,480);
insert into QoSConformance (ID_QOSCONFORMANCE,VL_MEANVALUE,VL_STANDARDDEVIATION,ID_INSTANCE) values(480,0.12164409755371408,0.0,480);
insert into HasReportedValue(ID_QOSREPORT,ID_QOSCONFORMANCE,VL_ESTIMATEDCREDIBILITY,VL_REALCREDIBILITY) values (480,480,0,128);
insert into QoSReport (ID_QOSREPORT,DT_TIMESTART,DT_TIMEEND) values (481,timestamp '2006-05-01 04:00:00.0',timestamp '2006-05-01 04:00:00.0');
insert into ReportServiceUsage (ID_USER,ID_INTERFACE,ID_CONCEPT,ID_QOSREPORT) values (88,1,4,481);
insert into Instance(ID_INSTANCE) values (481);
insert into QoSParameterinstance(ID_CONCEPT,ID_INSTANCE) values (4,481);
insert into QoSConformance (ID_QOSCONFORMANCE,VL_MEANVALUE,VL_STANDARDDEVIATION,ID_INSTANCE) values(481,-0.7921561000235926,0.0,481);
insert into HasReportedValue(ID_QOSREPORT,ID_QOSCONFORMANCE,VL_ESTIMATEDCREDIBILITY,VL_REALCREDIBILITY) values (481,481,0,128);
insert into QoSReport (ID_QOSREPORT,DT_TIMESTART,DT_TIMEEND) values (482,timestamp '2006-05-01 01:00:00.0',timestamp '2006-05-01 01:00:00.0');
insert into ReportServiceUsage (ID_USER,ID_INTERFACE,ID_CONCEPT,ID_QOSREPORT) values (93,4,5,482);
insert into Instance(ID_INSTANCE) values (482);
insert into QoSParameterinstance(ID_CONCEPT,ID_INSTANCE) values (5,482);
insert into QoSConformance (ID_QOSCONFORMANCE,VL_MEANVALUE,VL_STANDARDDEVIATION,ID_INSTANCE) values(482,1.2887315325903315,0.0,482);
insert into HasReportedValue(ID_QOSREPORT,ID_QOSCONFORMANCE,VL_ESTIMATEDCREDIBILITY,VL_REALCREDIBILITY) values (482,482,0,128);
insert into QoSReport (ID_QOSREPORT,DT_TIMESTART,DT_TIMEEND) values (483,timestamp '2006-05-01 01:00:00.0',timestamp '2006-05-01 01:00:00.0');
insert into ReportServiceUsage (ID_USER,ID_INTERFACE,ID_CONCEPT,ID_QOSREPORT) values (92,1,6,483);
insert into Instance(ID_INSTANCE) values (483);
insert into QoSParameterinstance(ID_CONCEPT,ID_INSTANCE) values (6,483);
insert into QoSConformance (ID_QOSCONFORMANCE,VL_MEANVALUE,VL_STANDARDDEVIATION,ID_INSTANCE) values(483,-0.23302460396370928,0.0,483);
insert into HasReportedValue(ID_QOSREPORT,ID_QOSCONFORMANCE,VL_ESTIMATEDCREDIBILITY,VL_REALCREDIBILITY) values (483,483,0,128);
insert into QoSReport (ID_QOSREPORT,DT_TIMESTART,DT_TIMEEND) values (484,timestamp '2006-05-01 02:00:00.0',timestamp '2006-05-01 02:00:00.0');
insert into ReportServiceUsage (ID_USER,ID_INTERFACE,ID_CONCEPT,ID_QOSREPORT) values (96,4,5,484);
insert into Instance(ID_INSTANCE) values (484);
insert into QoSParameterinstance(ID_CONCEPT,ID_INSTANCE) values (5,484);
insert into QoSConformance (ID_QOSCONFORMANCE,VL_MEANVALUE,VL_STANDARDDEVIATION,ID_INSTANCE) values(484,0.18428697745189193,0.0,484);
insert into HasReportedValue(ID_QOSREPORT,ID_QOSCONFORMANCE,VL_ESTIMATEDCREDIBILITY,VL_REALCREDIBILITY) values (484,484,0,128);
insert into QoSReport (ID_QOSREPORT,DT_TIMESTART,DT_TIMEEND) values (485,timestamp '2006-05-01 01:00:00.0',timestamp '2006-05-01 01:00:00.0');
insert into ReportServiceUsage (ID_USER,ID_INTERFACE,ID_CONCEPT,ID_QOSREPORT) values (88,1,9,485);
insert into Instance(ID_INSTANCE) values (485);
insert into QoSParameterinstance(ID_CONCEPT,ID_INSTANCE) values (9,485);
insert into QoSConformance (ID_QOSCONFORMANCE,VL_MEANVALUE,VL_STANDARDDEVIATION,ID_INSTANCE) values(485,0.6544774617403822,0.0,485);
insert into HasReportedValue(ID_QOSREPORT,ID_QOSCONFORMANCE,VL_ESTIMATEDCREDIBILITY,VL_REALCREDIBILITY) values (485,485,0,128);
insert into QoSReport (ID_QOSREPORT,DT_TIMESTART,DT_TIMEEND) values (486,timestamp '2006-05-01 02:00:00.0',timestamp '2006-05-01 02:00:00.0');
insert into ServiceUsage(ID_USER,ID_INTERFACE) values(89,4);
insert into ReportServiceUsage (ID_USER,ID_INTERFACE,ID_CONCEPT,ID_QOSREPORT) values (89,4,6,486);
insert into Instance(ID_INSTANCE) values (486);
insert into QoSParameterinstance(ID_CONCEPT,ID_INSTANCE) values (6,486);
insert into QoSConformance (ID_QOSCONFORMANCE,VL_MEANVALUE,VL_STANDARDDEVIATION,ID_INSTANCE) values(486,-0.5855467724468366,0.0,486);
insert into HasReportedValue(ID_QOSREPORT,ID_QOSCONFORMANCE,VL_ESTIMATEDCREDIBILITY,VL_REALCREDIBILITY) values (486,486,0,128);
insert into QoSReport (ID_QOSREPORT,DT_TIMESTART,DT_TIMEEND) values (487,timestamp '2006-05-01 03:00:00.0',timestamp '2006-05-01 03:00:00.0');
insert into ReportServiceUsage (ID_USER,ID_INTERFACE,ID_CONCEPT,ID_QOSREPORT) values (93,4,1,487);
insert into Instance(ID_INSTANCE) values (487);
insert into QoSParameterinstance(ID_CONCEPT,ID_INSTANCE) values (1,487);
insert into QoSConformance (ID_QOSCONFORMANCE,VL_MEANVALUE,VL_STANDARDDEVIATION,ID_INSTANCE) values(487,0.1690519413624394,0.0,487);
insert into HasReportedValue(ID_QOSREPORT,ID_QOSCONFORMANCE,VL_ESTIMATEDCREDIBILITY,VL_REALCREDIBILITY) values (487,487,0,128);
insert into QoSReport (ID_QOSREPORT,DT_TIMESTART,DT_TIMEEND) values (488,timestamp '2006-05-01 04:00:00.0',timestamp '2006-05-01 04:00:00.0');
insert into ServiceUsage(ID_USER,ID_INTERFACE) values(94,1);
insert into ReportServiceUsage (ID_USER,ID_INTERFACE,ID_CONCEPT,ID_QOSREPORT) values (94,1,3,488);
insert into Instance(ID_INSTANCE) values (488);
insert into QoSParameterinstance(ID_CONCEPT,ID_INSTANCE) values (3,488);
insert into QoSConformance (ID_QOSCONFORMANCE,VL_MEANVALUE,VL_STANDARDDEVIATION,ID_INSTANCE) values(488,0.16429021595946036,0.0,488);
insert into HasReportedValue(ID_QOSREPORT,ID_QOSCONFORMANCE,VL_ESTIMATEDCREDIBILITY,VL_REALCREDIBILITY) values (488,488,0,128);
insert into QoSReport (ID_QOSREPORT,DT_TIMESTART,DT_TIMEEND) values (489,timestamp '2006-05-01 01:00:00.0',timestamp '2006-05-01 01:00:00.0');
insert into ReportServiceUsage (ID_USER,ID_INTERFACE,ID_CONCEPT,ID_QOSREPORT) values (86,4,5,489);
insert into Instance(ID_INSTANCE) values (489);
insert into QoSParameterinstance(ID_CONCEPT,ID_INSTANCE) values (5,489);
insert into QoSConformance (ID_QOSCONFORMANCE,VL_MEANVALUE,VL_STANDARDDEVIATION,ID_INSTANCE) values(489,-0.7798645708476244,0.0,489);
insert into HasReportedValue(ID_QOSREPORT,ID_QOSCONFORMANCE,VL_ESTIMATEDCREDIBILITY,VL_REALCREDIBILITY) values (489,489,0,128);
insert into QoSReport (ID_QOSREPORT,DT_TIMESTART,DT_TIMEEND) values (490,timestamp '2006-05-01 02:00:00.0',timestamp '2006-05-01 02:00:00.0');
insert into ReportServiceUsage (ID_USER,ID_INTERFACE,ID_CONCEPT,ID_QOSREPORT) values (97,2,9,490);
insert into Instance(ID_INSTANCE) values (490);
insert into QoSParameterinstance(ID_CONCEPT,ID_INSTANCE) values (9,490);
insert into QoSConformance (ID_QOSCONFORMANCE,VL_MEANVALUE,VL_STANDARDDEVIATION,ID_INSTANCE) values(490,0.7387000199763535,0.0,490);
insert into HasReportedValue(ID_QOSREPORT,ID_QOSCONFORMANCE,VL_ESTIMATEDCREDIBILITY,VL_REALCREDIBILITY) values (490,490,0,128);
insert into QoSReport (ID_QOSREPORT,DT_TIMESTART,DT_TIMEEND) values (491,timestamp '2006-05-01 01:00:00.0',timestamp '2006-05-01 01:00:00.0');
insert into ServiceUsage(ID_USER,ID_INTERFACE) values(91,4);
insert into ReportServiceUsage (ID_USER,ID_INTERFACE,ID_CONCEPT,ID_QOSREPORT) values (91,4,3,491);
insert into Instance(ID_INSTANCE) values (491);
insert into QoSParameterinstance(ID_CONCEPT,ID_INSTANCE) values (3,491);
insert into QoSConformance (ID_QOSCONFORMANCE,VL_MEANVALUE,VL_STANDARDDEVIATION,ID_INSTANCE) values(491,0.13317835123514477,0.0,491);
insert into HasReportedValue(ID_QOSREPORT,ID_QOSCONFORMANCE,VL_ESTIMATEDCREDIBILITY,VL_REALCREDIBILITY) values (491,491,0,128);
insert into QoSReport (ID_QOSREPORT,DT_TIMESTART,DT_TIMEEND) values (492,timestamp '2006-05-01 02:00:00.0',timestamp '2006-05-01 02:00:00.0');
insert into ServiceUsage(ID_USER,ID_INTERFACE) values(89,2);
insert into ReportServiceUsage (ID_USER,ID_INTERFACE,ID_CONCEPT,ID_QOSREPORT) values (89,2,8,492);
insert into Instance(ID_INSTANCE) values (492);
insert into QoSParameterinstance(ID_CONCEPT,ID_INSTANCE) values (8,492);
insert into QoSConformance (ID_QOSCONFORMANCE,VL_MEANVALUE,VL_STANDARDDEVIATION,ID_INSTANCE) values(492,0.7992771345368741,0.0,492);
insert into HasReportedValue(ID_QOSREPORT,ID_QOSCONFORMANCE,VL_ESTIMATEDCREDIBILITY,VL_REALCREDIBILITY) values (492,492,0,128);
insert into QoSReport (ID_QOSREPORT,DT_TIMESTART,DT_TIMEEND) values (493,timestamp '2006-05-01 03:00:00.0',timestamp '2006-05-01 03:00:00.0');
insert into ReportServiceUsage (ID_USER,ID_INTERFACE,ID_CONCEPT,ID_QOSREPORT) values (89,1,2,493);
insert into Instance(ID_INSTANCE) values (493);
insert into QoSParameterinstance(ID_CONCEPT,ID_INSTANCE) values (2,493);
insert into QoSConformance (ID_QOSCONFORMANCE,VL_MEANVALUE,VL_STANDARDDEVIATION,ID_INSTANCE) values(493,0.5680365667198839,0.0,493);
insert into HasReportedValue(ID_QOSREPORT,ID_QOSCONFORMANCE,VL_ESTIMATEDCREDIBILITY,VL_REALCREDIBILITY) values (493,493,0,128);
insert into QoSReport (ID_QOSREPORT,DT_TIMESTART,DT_TIMEEND) values (494,timestamp '2006-05-01 04:00:00.0',timestamp '2006-05-01 04:00:00.0');
insert into ReportServiceUsage (ID_USER,ID_INTERFACE,ID_CONCEPT,ID_QOSREPORT) values (97,1,8,494);
insert into Instance(ID_INSTANCE) values (494);
insert into QoSParameterinstance(ID_CONCEPT,ID_INSTANCE) values (8,494);
insert into QoSConformance (ID_QOSCONFORMANCE,VL_MEANVALUE,VL_STANDARDDEVIATION,ID_INSTANCE) values(494,0.20819489036110744,0.0,494);
insert into HasReportedValue(ID_QOSREPORT,ID_QOSCONFORMANCE,VL_ESTIMATEDCREDIBILITY,VL_REALCREDIBILITY) values (494,494,0,128);
insert into QoSReport (ID_QOSREPORT,DT_TIMESTART,DT_TIMEEND) values (495,timestamp '2006-05-01 01:00:00.0',timestamp '2006-05-01 01:00:00.0');
insert into ReportServiceUsage (ID_USER,ID_INTERFACE,ID_CONCEPT,ID_QOSREPORT) values (92,4,3,495);
insert into Instance(ID_INSTANCE) values (495);
insert into QoSParameterinstance(ID_CONCEPT,ID_INSTANCE) values (3,495);
insert into QoSConformance (ID_QOSCONFORMANCE,VL_MEANVALUE,VL_STANDARDDEVIATION,ID_INSTANCE) values(495,0.3143935637475574,0.0,495);
insert into HasReportedValue(ID_QOSREPORT,ID_QOSCONFORMANCE,VL_ESTIMATEDCREDIBILITY,VL_REALCREDIBILITY) values (495,495,0,128);
insert into QoSReport (ID_QOSREPORT,DT_TIMESTART,DT_TIMEEND) values (496,timestamp '2006-05-01 04:00:00.0',timestamp '2006-05-01 04:00:00.0');
insert into ReportServiceUsage (ID_USER,ID_INTERFACE,ID_CONCEPT,ID_QOSREPORT) values (95,4,2,496);
insert into Instance(ID_INSTANCE) values (496);
insert into QoSParameterinstance(ID_CONCEPT,ID_INSTANCE) values (2,496);
insert into QoSConformance (ID_QOSCONFORMANCE,VL_MEANVALUE,VL_STANDARDDEVIATION,ID_INSTANCE) values(496,0.7126859758445199,0.0,496);
insert into HasReportedValue(ID_QOSREPORT,ID_QOSCONFORMANCE,VL_ESTIMATEDCREDIBILITY,VL_REALCREDIBILITY) values (496,496,0,128);
insert into QoSReport (ID_QOSREPORT,DT_TIMESTART,DT_TIMEEND) values (497,timestamp '2006-05-01 01:00:00.0',timestamp '2006-05-01 01:00:00.0');
insert into ReportServiceUsage (ID_USER,ID_INTERFACE,ID_CONCEPT,ID_QOSREPORT) values (89,2,1,497);
insert into Instance(ID_INSTANCE) values (497);
insert into QoSParameterinstance(ID_CONCEPT,ID_INSTANCE) values (1,497);
insert into QoSConformance (ID_QOSCONFORMANCE,VL_MEANVALUE,VL_STANDARDDEVIATION,ID_INSTANCE) values(497,0.3070797400340991,0.0,497);
insert into HasReportedValue(ID_QOSREPORT,ID_QOSCONFORMANCE,VL_ESTIMATEDCREDIBILITY,VL_REALCREDIBILITY) values (497,497,0,128);
insert into QoSReport (ID_QOSREPORT,DT_TIMESTART,DT_TIMEEND) values (498,timestamp '2006-05-01 04:00:00.0',timestamp '2006-05-01 04:00:00.0');
insert into ReportServiceUsage (ID_USER,ID_INTERFACE,ID_CONCEPT,ID_QOSREPORT) values (88,4,7,498);
insert into Instance(ID_INSTANCE) values (498);
insert into QoSParameterinstance(ID_CONCEPT,ID_INSTANCE) values (7,498);
insert into QoSConformance (ID_QOSCONFORMANCE,VL_MEANVALUE,VL_STANDARDDEVIATION,ID_INSTANCE) values(498,1.0079475624952072,0.0,498);
insert into HasReportedValue(ID_QOSREPORT,ID_QOSCONFORMANCE,VL_ESTIMATEDCREDIBILITY,VL_REALCREDIBILITY) values (498,498,0,128);
insert into QoSReport (ID_QOSREPORT,DT_TIMESTART,DT_TIMEEND) values (499,timestamp '2006-05-01 04:00:00.0',timestamp '2006-05-01 04:00:00.0');
insert into ServiceUsage(ID_USER,ID_INTERFACE) values(95,1);
insert into ReportServiceUsage (ID_USER,ID_INTERFACE,ID_CONCEPT,ID_QOSREPORT) values (95,1,2,499);
insert into Instance(ID_INSTANCE) values (499);
insert into QoSParameterinstance(ID_CONCEPT,ID_INSTANCE) values (2,499);
insert into QoSConformance (ID_QOSCONFORMANCE,VL_MEANVALUE,VL_STANDARDDEVIATION,ID_INSTANCE) values(499,-0.6199147618694902,0.0,499);
insert into HasReportedValue(ID_QOSREPORT,ID_QOSCONFORMANCE,VL_ESTIMATEDCREDIBILITY,VL_REALCREDIBILITY) values (499,499,0,128);
commit;
exit;